rank,baseScore,modifiedScore,pp,weight,modifiers,multiplier,badCuts,missedNotes,maxCombo,fullCombo,timeSet,id,songName,songSubName,songAuthorName,levelAuthorName,maxScore,createdDate,rankedDate,qualifiedDate,lovedDate,ranked,qualified,loved,maxPP,stars,plays,positiveModifiers,coverImage,hash,key,createdAt,sageScore,njs,offset,notes,bombs,obstacles,nps,length,characteristic,events,chroma,me,ne,cinema,seconds,stars,maxScore,errors,warns,resets,weighted_pp,accuracy
201,537387,537387,0,0,,1,9,1,383,False,2025-10-01T15:38:43.000Z,10341,Blastix Riotz,,Chart by Mystikmol,"Camellia as ""Bang Riot""",691955,2018-06-11T15:34:25.000Z,,,,False,False,False,-1,0,1655,False,https://cdn.scoresaber.com/covers/28D084533B3F69ACB53E611EA383C026A87154AB.png,28d084533b3f69acb53e611ea383c026a87154ab,4bb,2018-06-11T14:13:58Z,4,10.0,0.0,760,4,4,6.05,536.0,Standard,898,False,False,False,False,125.625,,691955,34,18,2,0,0.7766213120795428
2275,478462,478462,176.1819,6.277328565306881e-12,,1,0,1,418,False,2025-10-01T15:32:36.000Z,375159,MIRA,,Kanaria,Vilawes,511635,2021-08-18T21:05:21.000Z,2022-01-04T12:13:28.000Z,,,True,False,False,-1,4.53,7224,False,https://cdn.scoresaber.com/covers/919C62FF2BAB5670EC8347ABEB0068EF420AA25C.png,919c62ff2bab5670ec8347abeb0068ef420aa25c,,2021-08-18T20:29:17.403776Z,6,16.0,-0.458,564,64,2,4.238,328.276,Standard,1940,False,False,False,False,133.085,2.93,511635,0,0,26,1.1059516735600405e-09,0.935162762516247
551,1023398,511699,40.47967,2.6590663237361e-15,NF,0.5,8,106,126,False,2025-09-29T14:38:15.000Z,615483,"Good bye, Merry-Go-Round.",(Kobaryo's FTN-Remix),Yooh,Slayx,1628515,2024-07-07T17:33:13.000Z,2024-08-02T19:34:57.000Z,2024-07-08T20:46:36.000Z,,True,False,False,-1,10.07,1030,False,https://cdn.scoresaber.com/covers/FCE31B6998024907E3C887BBCBF4862E427DF1FF.png,fce31b6998024907e3c887bbcbf4862e427df1ff,,2024-07-07T16:00:52.150793Z,5,21.0,-1.55,1778,52,588,9.437,1008.0,Standard,8058,False,False,False,False,188.411,10.15,1628515,0,0,24,1.0763812729295049e-13,0.6284240550440124
453,804237,804237,217.4951,6.6171867509198e-08,,1,3,15,263,False,2025-09-29T14:34:51.000Z,615485,"Good bye, Merry-Go-Round.",(Kobaryo's FTN-Remix),Yooh,Slayx,967035,2024-07-07T17:42:08.000Z,2024-08-02T19:35:02.000Z,2024-07-08T20:46:39.000Z,,True,False,False,-1,7.14,930,False,https://cdn.scoresaber.com/covers/FCE31B6998024907E3C887BBCBF4862E427DF1FF.png,fce31b6998024907e3c887bbcbf4862e427df1ff,,2024-07-07T16:00:52.150793Z,5,18.0,-1.0,1059,78,800,5.621,1008.0,Standard,3345,False,False,False,False,188.411,7.35,967035,0,0,7,1.439205694109977e-05,0.8316524220943399
31,945595,472798,0,0,NF,0.5,22,73,156,False,2025-09-29T14:30:54.000Z,563939,Going Under,Sped Up,"Sefa, Relianze",ill_see_you_dead,1509835,2023-06-18T18:20:32.000Z,,,,False,False,False,-1,0,54,False,https://cdn.scoresaber.com/covers/18A3DE2E05F6F982FCF638BABF056ADC5A431294.png,18a3de2e05f6f982fcf638babf056adc5a431294,,2023-06-18T16:25:55.494806Z,5,21.0,-0.125,1649,230,12,9.659,358.532,Standard,8010,False,False,False,False,170.73,,1509835,0,4,27,0,0.626290289998576
1107,908493,908493,214.403,4.471712135904926e-08,,1,2,1,626,False,2025-09-29T14:27:05.000Z,536614,God-ish,(Kotoha cover),PinocchioP,Rusty & Joshabi,1003835,2022-11-12T22:27:50.000Z,2022-12-23T08:51:35.000Z,2022-11-16T17:25:08.000Z,,True,False,False,-1,6.08,5916,False,https://cdn.scoresaber.com/covers/7BD5EB9C1F62EEA3A6730410C0822FE737AB7C49.png,7bd5eb9c1f62eea3a6730410c0822fe737ab7c49,,2022-11-12T20:56:38.864942Z,6,17.0,-0.69,1099,62,265,5.615,463.233,Standard,3647,False,False,False,False,195.732,4.47,1003835,0,0,3,9.587484970744237e-06,0.9050222397107094
71,1333995,666998,0,0,NF,0.5,430,512,196,False,2025-09-29T14:15:42.000Z,506834,No Cookie,,Remzcore,DishBasin,3392155,2022-08-16T22:30:39.000Z,,,,False,False,False,-1,0,188,False,https://cdn.scoresaber.com/covers/7AC1B3009EFFFCEFCAFD6E13620AE19577A2CD67.png,7ac1b3009efffcefcafd6e13620ae19577a2cd67,,2022-08-16T16:54:11.989244Z,3,20.0,-0.463,3695,4,22,20.832,606.019,Standard,0,True,False,True,False,177.371,,3392155,0,0,0,0,0.3932588575698929
508,908164,454082,49.37914,9.588394397486268e-15,NF,0.5,39,56,217,False,2025-09-29T14:11:26.000Z,653977,HYPER4ID,,t+pazolite,VoltageO,1365395,2025-05-03T02:53:08.000Z,2025-05-12T16:43:14.000Z,2025-05-03T16:24:33.000Z,,True,False,False,-1,11.61,1147,False,https://cdn.scoresaber.com/covers/A1C6D47059E479AE493D118B4C7E5A1EF1340E99.png,a1c6d47059e479ae493d118b4c7e5a1ef1340e99,,2025-05-03T02:41:12.958971Z,3,19.0,-0.55,1492,21,859,6.856,671.042,Standard,14676,True,False,False,False,217.635,11.73,1365395,0,0,0,4.734666693286901e-13,0.6651291384544399
540,831031,831031,221.5652,1.170136099995103e-07,,1,0,0,971,True,2025-09-29T14:06:49.000Z,653976,HYPER4ID,,t+pazolite,VoltageO,886075,2025-05-03T02:50:11.000Z,2025-05-12T16:43:16.000Z,2025-05-03T16:24:38.000Z,,True,False,False,-1,5.63,1313,False,https://cdn.scoresaber.com/covers/A1C6D47059E479AE493D118B4C7E5A1EF1340E99.png,a1c6d47059e479ae493d118b4c7e5a1ef1340e99,,2025-05-03T02:41:12.958971Z,3,16.0,-0.2,971,53,1122,4.462,671.0,Standard,14676,True,False,False,False,217.622,6.62,886075,0,0,0,2.59261439022635e-05,0.9378788477273369
474,821024,821024,262.9073,4.33213880150872e-05,,1,14,6,193,False,2025-09-29T14:02:39.000Z,629213,Eclypze,,Juggernaut.,Gabriel,1007515,2024-10-21T04:19:42.000Z,2024-11-06T18:42:48.000Z,2024-10-21T11:22:52.000Z,,True,False,False,-1,8.87,1147,False,https://cdn.scoresaber.com/covers/9469A6954E15457ACBF08DE6EE167F68C12C41F4.png,9469a6954e15457acbf08de6ee167f68c12c41f4,,2024-10-20T03:42:50.541073Z,,19.0,-0.245,1103,78,492,6.784,542.0,Standard,5521,False,False,False,False,162.6,8.87,1007515,0,0,0,0.011389509155298936,0.8149000263023379
302,793816,793816,270.7418,0.0001562136868972719,,1,8,2,281,False,2025-09-29T13:59:08.000Z,665336,Absolute Domination,,Laur,Uadyet,943115,2025-07-29T01:45:48.000Z,2025-08-11T17:14:56.000Z,2025-08-01T15:25:35.000Z,,True,False,False,-1,8.74,565,False,https://cdn.scoresaber.com/covers/F0A293506CE7D30FE611D50D4B5A318BE1775DD2.png,f0a293506ce7d30fe611d50d4b5a318be1775dd2,,2025-07-29T01:22:10.984059Z,5,19.0,-0.125,1033,22,459,8.768,380.042,Standard,4235,False,False,False,False,104.599,8.47,943115,0,0,0,0.04229357477520381,0.8416958695387095
247,791342,791342,0,0,,1,10,11,328,False,2025-09-29T13:38:20.000Z,663146,[Fitbeat] 1-800,,"bbno$, Ironmouse",Bellus,907275,2025-07-14T03:58:46.000Z,,,,False,False,False,-1,0,1064,False,https://cdn.scoresaber.com/covers/26C247F0F0B0C735F8838B0A2FA248A6F294FA6E.png,26c247f0f0b0c735f8838b0a2fa248a6f294fa6e,,2025-07-13T21:09:30.590840Z,1,17.0,-0.76,975,0,513,4.714,455.25,Standard,2298,False,False,False,False,206.932,,907275,0,0,0,0,0.8722184563665922
1939,409011,409011,142.8728,4.281527413461584e-14,,1,2,0,452,False,2025-09-29T13:29:13.000Z,2892,DotA,,,Basshunter,452755,2018-05-24T04:07:04.000Z,,,,True,False,False,-1,4.07,54158,False,https://cdn.scoresaber.com/covers/DC4906A7F76965CDD2B75C72CF470344B698E352.png,dc4906a7f76965cdd2b75c72cf470344b698e352,1ef,2018-05-24T02:43:51Z,6,10.0,0.0,500,0,23,2.604,448.0,Standard,1429,False,False,False,False,192.0,2.72,452755,158,26,0,6.1171380983801425e-12,0.9033826241565527
125,266135,266135,198.0752,1.94481104616968e-09,,1,0,1,163,False,2025-09-29T13:23:51.000Z,665339,Absolute Domination,,Laur,Uadyet,283475,2025-07-29T01:51:23.000Z,2025-08-11T17:15:01.000Z,2025-08-01T15:25:41.000Z,,True,False,False,-1,5.02,287,False,https://cdn.scoresaber.com/covers/F0A293506CE7D30FE611D50D4B5A318BE1775DD2.png,f0a293506ce7d30fe611d50d4b5a318be1775dd2,,2025-07-29T01:22:10.984059Z,5,14.8,-1.28,316,110,899,2.683,380.0,Standard,4235,False,False,False,False,104.587,4.51,283475,0,0,0,3.852188369322686e-07,0.9388305847076461
455,1734704,1734704,265.0564,6.643158322089628e-05,,1,11,19,324,False,2025-09-25T15:24:42.000Z,601094,Kizan,,Down,"Aquaflee, Floatyoats & Tranch",2104155,2024-03-24T23:34:54.000Z,2024-04-26T03:54:59.000Z,2024-03-25T08:29:55.000Z,,True,False,False,-1,8.81,969,False,https://cdn.scoresaber.com/covers/BF7FAD241DB7752F32F98A0DAF4CF573F52714F1.png,bf7fad241db7752f32f98a0daf4cf573f52714f1,,2024-03-24T23:03:12.035386Z,5,18.0,-0.3,2295,552,817,7.509,906.699,Standard,9889,False,False,False,False,305.629,8.78,2104155,29,21,82,0.01760811629483117,0.8244183532106713
837,488880,488880,257.9076,2.281360948271758e-05,,1,6,21,81,False,2025-09-25T15:18:25.000Z,585661,Los! Los! Los!,(TV Size),Tanya Degurechaff (CV: Aoi Yuuki),CoolingCloset,683675,2023-12-23T13:32:43.000Z,2024-01-16T04:31:06.000Z,2023-12-25T17:52:47.000Z,,True,False,False,-1,9.84,1973,False,https://cdn.scoresaber.com/covers/F3BD378DFE91F4371B976493C95936878D65448E.png,f3bd378dfe91f4371b976493c95936878d65448e,,2023-12-23T13:30:00.402947Z,5,19.0,0.0,751,0,164,8.558,351.0,Standard,2195,False,False,False,False,87.75,10.46,683675,0,0,0,0.0058838032690249325,0.7150766080374447
1182,1946770,973385,50.22485,1.105698285312813e-14,NF,0.5,13,54,212,False,2025-09-25T15:16:19.000Z,542470,Lowermost revolt,"(""Jeremiad"" Long ver.) feat. Kagekiha gakusei",Camellia,muffn,2563235,2022-12-29T11:17:37.000Z,2023-02-01T05:58:45.000Z,2023-01-02T00:26:10.000Z,,True,False,False,-1,10.34,2424,False,https://cdn.scoresaber.com/covers/A4A21B85728D5145D9981941F5534A5A5AF40D57.png,a4a21b85728d5145d9981941f5534a5a5af40d57,,2022-12-29T11:02:18.189655Z,7,21.0,-0.25,2794,18,186,9.593,1064.032,Standard,15633,False,False,False,False,291.263,9.95,2563235,0,0,4,5.553353052509324e-13,0.7594972759033018
474,654584,654584,196.0399,1.314249617632458e-09,,1,3,1,575,False,2025-09-25T15:08:16.000Z,549528,Qrestfall,,Kara & Kyutatsuki,unluckyL & Aquaflee,715875,2023-02-13T20:00:23.000Z,2023-03-03T17:52:20.000Z,2023-02-16T22:44:11.000Z,,True,False,False,-1,5.42,1172,False,https://cdn.scoresaber.com/covers/9E35C1AE5717F7B4971B40E2F220106D7BC6887A.png,9e35c1ae5717f7b4971b40e2f220106d7bc6887a,,2023-02-13T19:45:41.579823Z,4,16.5,-1.6,786,31,160,4.707,651.257,Standard,6447,False,False,False,False,166.989,3.9,715875,0,0,7,2.576453636157053e-07,0.9143830976078225
284,124104,124104,173.0119,1.937207765313117e-12,,1,0,0,147,True,2025-09-25T15:03:21.000Z,437527,Fur Elise,(Klutch Dubstep Trap Remix),Beethoven,Elecast,127995,2022-04-14T23:06:45.000Z,2022-06-14T04:42:52.000Z,2022-05-05T12:34:51.000Z,,True,False,False,-1,3.31,814,False,https://cdn.scoresaber.com/covers/AE40FF915DDE0281B9165B6A1B33496A27A3762B.png,ae40ff915dde0281b9165b6a1b33496a27a3762b,,2022-04-14T23:00:32.976925Z,7,12.0,0.6,147,12,331,1.094,335.917,Standard,2459,False,False,False,False,134.367,1.05,127995,0,0,6,3.3515999617157647e-10,0.969600375014649
293,2000845,1000423,46.64858,6.033939661013112e-15,NF,0.5,45,161,247,False,2025-09-25T15:00:16.000Z,636520,NIGHTMARE † CITY,,Camellia,yabje vs. Mr_bjo,3234835,2024-12-17T21:43:04.000Z,2025-01-12T10:14:30.000Z,2024-12-17T21:46:11.000Z,,True,False,False,-1,11.79,616,False,https://cdn.scoresaber.com/covers/AF8038E95B52CFB00B2963D3EC9F0A1937974FE8.png,af8038e95b52cfb00b2963d3ec9f0a1937974fe8,,2024-12-17T21:32:08.958955Z,3,20.0,-0.2,3524,143,770,8.539,1579.5,Standard,14372,False,False,False,False,412.044,11.54,3234835,0,0,0,2.8147471699194303e-13,0.6185307751399994
195,1147752,1147752,257.6679,2.201513315082247e-05,,1,7,4,267,False,2025-09-25T14:52:25.000Z,665090,Carmina,(feat. Quimär) (fallen shepherd Remix),CANVAS,"Slayx, Voytech & Aquaflee",1360795,2025-07-27T17:13:41.000Z,2025-08-11T17:15:39.000Z,2025-07-29T10:25:26.000Z,,True,False,False,-1,8.29,384,False,https://cdn.scoresaber.com/covers/90160D21E958A63CB6FD78379E720D0FC861BED1.png,90160d21e958a63cb6fd78379e720d0fc861bed1,,2025-07-27T15:48:47.231482Z,3,18.0,-0.194,1487,165,463,6.048,799.0,Standard,6219,False,False,False,False,245.846,8.29,1360795,0,0,0,0.0056725931271928084,0.8434422525068067
503,419856,419856,174.4822,3.078372195816165e-12,,1,0,0,487,True,2025-09-25T14:47:54.000Z,536105,CapSule,,Calliope Mori x Hoshimachi Suisei,"Irish, Rusty & fqrb",440795,2022-11-08T23:46:58.000Z,2022-12-23T08:48:27.000Z,2022-11-09T18:44:53.000Z,,True,False,False,-1,4.06,2173,False,https://cdn.scoresaber.com/covers/727FAD7B449265E42CF49292E3FCE06629388633.png,727fad7b449265e42cf49292e3fce06629388633,,2022-11-08T23:31:26.694711Z,3,13.0,-0.153,487,0,256,2.831,344.0,Standard,2450,False,False,False,False,172.0,1.55,440795,0,0,0,5.371211531448353e-10,0.9524971925725111
2,746002,746002,0,0,,1,5,5,350,False,2025-02-20T15:36:56.000Z,643430,Malefisole,,Asteria's Fortune,BeatKenja & BeatStormer,869515,2025-02-09T18:11:52.000Z,,,,False,False,False,-1,0,5,False,https://cdn.scoresaber.com/covers/37DE9CA7F13B156DF09FDC7AD40DCE3C188F1913.png,37de9ca7f13b156df09fdc7ad40dce3c188f1913,,2025-02-09T13:05:32.331570Z,3,20.0,-0.023,953,0,0,6.206,299.938,Standard,2225,False,False,False,False,153.568,,869515,0,0,0,0,0.857951846719148
12,243873,243873,0,0,,1,3,1,96,False,2025-02-20T15:31:06.000Z,643428,Demon Slayer - Gurenge [LiSA] ,(Metal Cover by Little V),LittleV,redacted,294515,2025-02-09T18:02:30.000Z,,,,False,False,False,-1,0,13,False,https://cdn.scoresaber.com/covers/AEF0BB5F35CA3AD7FEFE6A7F458E2B995F6335BC.png,aef0bb5f35ca3ad7fefe6a7f458e2b995f6335bc,,2025-02-04T13:34:14.661978Z,-5,16.0,0.0,328,0,0,3.8,172.617,Standard,0,False,False,False,False,86.309,,294515,10,11,0,0,0.8280495051185848
20,369865,369865,0,0,,1,3,6,144,False,2025-02-20T15:27:36.000Z,642694,Gurenge,Metal Cover,LittleVMills,BeatKenja,438955,2025-02-04T14:55:23.000Z,,,,False,False,False,-1,0,34,False,https://cdn.scoresaber.com/covers/9EDB7A9593BCB14C9897D2D29D0F4CB300A63EA2.png,9edb7a9593bcb14c9897d2d29d0f4cb300a63ea2,,2025-02-04T13:26:20.779689Z,3,20.0,-0.965,485,0,18,5.568,196.0,Standard,12271,False,False,False,False,87.111,,438955,0,3,0,0,0.8426034559351187
22,159581,159581,0,0,,1,0,1,164,False,2025-02-20T15:16:28.000Z,616714,Jeff Bezos,,Bo Burnham,BeatKenja,178595,2024-07-15T18:35:01.000Z,,,,False,False,False,-1,0,55,False,https://cdn.scoresaber.com/covers/6819E0430D60500E4F92B24C4AE9B48B341200CA.png,6819e0430d60500e4f92b24c4ae9b48b341200ca,,2024-06-25T17:22:35.860923Z,,16.0,0.0,202,0,40,3.554,113.688,Standard,492,False,False,False,False,56.844,,178595,0,0,0,0,0.8935356532937653
31,893853,893853,0,0,,1,4,8,190,False,2025-02-20T15:12:25.000Z,643422,Rolling Girl Cover,feat. Evil Neuro,OBKATIEKAT,BeatKenja,1026835,2025-02-09T16:38:14.000Z,,,,False,False,False,-1,0,63,False,https://cdn.scoresaber.com/covers/27043E0C7778CF2701D01D1C1C56027B728EBA69.png,27043e0c7778cf2701d01d1c1c56027b728eba69,,2025-02-09T14:32:53.831901Z,3,21.0,-0.452,1124,0,0,6.023,606.5,Standard,4273,False,False,False,True,186.615,,1026835,0,3,0,0,0.8704933119731992
572,842862,842862,232.293,6.243852727015931e-07,,1,13,15,181,False,2025-02-20T15:06:38.000Z,598915,Rolling Girl,feat. Hatsune Miku,wowaka,Alice,1058115,2024-03-09T05:05:09.000Z,2024-03-18T03:04:08.000Z,2024-03-09T20:28:24.000Z,,True,False,False,-1,8.06,1449,False,https://cdn.scoresaber.com/covers/6981386B2A2E824AC23E0379DF637FC872231D67.png,6981386b2a2e824ac23e0379df637fc872231d67,,2024-03-09T05:03:21.899433Z,5,18.0,-0.25,1158,0,215,6.205,606.5,Standard,12009,True,False,False,True,186.615,7.12,1058115,0,10,0,0.00014504032815167118,0.7965693710040969
19,184470,184470,0,0,,1,1,0,218,False,2025-02-20T15:00:08.000Z,642686,Gravity Falls Opening,,,BeatKenja,205275,2025-02-04T14:04:32.000Z,,,,False,False,False,-1,0,70,False,https://cdn.scoresaber.com/covers/0CE7683F72366CC44D40A99E13FA578E6D9F9371.png,0ce7683f72366cc44d40a99e13fa578e6d9f9371,,2025-02-04T13:11:05.600164Z,2,16.0,0.0,231,0,0,5.976,106.938,Standard,0,False,False,False,False,38.652,,205275,0,0,0,0,0.8986481549141395
30,141073,141073,0,0,,1,0,0,172,True,2025-02-20T14:56:56.000Z,557629,Requiem Harumachi,,takehirotei,Chrisvenator,150995,2023-04-20T02:00:10.000Z,,,,False,False,False,-1,0,86,False,https://cdn.scoresaber.com/covers/C9D2AB5A2444D114767EEAB338247B6C68D99612.png,c9d2ab5a2444d114767eeab338247b6c68d99612,,2023-04-19T19:56:19.142181Z,1,16.0,-0.176,172,0,10,5.869,97.687,Standard,780,False,False,False,False,29.306,,150995,0,0,0,0,0.9342892148746648
767,1252862,1252862,0,2.855449889915005e-15,,1,5,5,299,False,2024-03-28T13:15:29.000Z,423303,Kingslayer,,Caster & Ironheart,Nolanimations & Sync,1433475,2022-03-18T19:28:17.000Z,,,,False,False,False,-1,0,2047,False,https://cdn.scoresaber.com/covers/C7FE193DC891DC3C3012CC6482AB9E3FB5AB390D.png,c7fe193dc891dc3c3012cc6482ab9e3fb5ab390d,,2022-03-18T14:23:00.220737Z,8,18.0,-0.6,1566,152,34,6.893,567.938,Standard,6229,False,False,False,False,227.175,,1433475,0,0,0,0.0,0.8740033833865257
123,856347,856347,0,2.75550914376798e-15,,1,14,17,156,False,2024-03-28T12:35:33.000Z,578614,Monster,,Yoasobi,DiscoBaIIerz,1086635,2023-11-26T03:19:47.000Z,,,,False,False,False,-1,0,309,False,https://cdn.scoresaber.com/covers/FDDF13875281469AEA0A3470606F529E41B8E878.png,fddf13875281469aea0a3470606f529e41b8e878,,2023-11-26T02:33:03.480735Z,3,18.11,-0.426,1189,10,154,5.923,568.75,Standard,5367,False,False,False,False,200.735,,1086635,0,0,0,0.0,0.7880723518016629
46,491608,491608,0,2.6590663237361e-15,,1,4,4,169,False,2024-03-28T12:31:40.000Z,420662,Dogs Like Socks,,Psychostick,Jerk & Avexus,594435,2022-02-26T04:01:02.000Z,,,,False,False,False,-1,0,162,False,https://cdn.scoresaber.com/covers/0F481A8790DC78354B674AF1C34B78DE31786103.png,0f481a8790dc78354b674af1c34b78de31786103,,2022-02-26T03:54:06.894063Z,7,19.5,-0.701,654,120,1,9.775,178.411,Standard,2054,False,False,False,True,66.904,,594435,0,1,38,0.0,0.8270172516759612
199,1120808,1120808,0,2.565999002405337e-15,,1,12,23,182,False,2024-03-28T12:24:42.000Z,586600,Gigantic O.T.N,[ft. Kagamine Len],Giga & Reol,Ge2toro♂,1393915,2023-12-27T03:13:16.000Z,,,,False,False,False,-1,0,473,False,https://cdn.scoresaber.com/covers/7EF28D7D8E700A73BD18C9D6BB60592ABDBBC7BB.png,7ef28d7d8e700a73bd18c9d6bb60592abdbbc7bb,,2023-12-26T19:45:05.397604Z,3,19.0,-0.5,1523,15,426,7.81,617.5,Standard,11550,False,False,False,True,195.0,,1393915,0,0,0,0.0,0.8040719843032036
8,2529878,2529878,0,2.47618903732115e-15,,1,26,73,309,False,2024-03-28T12:19:46.000Z,585495,Lovers in Abyss,,Release hallucination,Comyute & Mitsumeru,3173915,2023-12-22T19:25:00.000Z,,,,False,False,False,-1,0,16,False,https://cdn.scoresaber.com/covers/FBE1E4BBFD37EEED8719D808198DA00D24BE473A.png,fbe1e4bbfd37eeed8719d808198da00d24be473a,,2023-10-28T01:53:40.306095Z,2,20.0,0.011,3355,281,722,6.409,2216.0,Standard,8858,False,False,False,False,523.465,,3173915,0,0,0,0.0,0.7970843579616972
1006,1717075,858538,46.05708,5.422292019697992e-15,NF,0.5,33,102,193,False,2024-03-28T12:10:10.000Z,546929,Booths of Fighters,"(Camellia's ""Barrage of Flurries"" Remix) feat. DD""Nakata""Metal",RoughSketch,cerret,2422475,2023-01-28T04:22:56.000Z,2023-03-03T17:53:12.000Z,2023-01-30T00:56:23.000Z,,True,False,False,-1,10.16,2371,False,https://cdn.scoresaber.com/covers/45AF5EA168ADB36C83F2665E4FBCF3F600CB8842.png,45af5ea168adb36c83f2665e4fbcf3f600cb8842,,2023-01-27T23:22:42.328295Z,5,21.25,-0.75,2641,25,492,8.73,806.727,Standard,13291,False,False,False,False,302.523,10.11,2422475,0,0,3,2.49734937334592e-13,0.7088102044396744
51,1234918,1234918,0,2.38952242101491e-15,,1,9,17,452,False,2024-03-28T12:00:53.000Z,547808,futon no naka kara de taku nai,,uchikubi gokumon dokou kai,Seasonsmouse,1471195,2023-02-02T12:13:13.000Z,,,,False,False,False,-1,0,127,False,https://cdn.scoresaber.com/covers/FBECB84F8539E78A5F49C72756556A58D0ECC84C.png,fbecb84f8539e78a5f49c72756556a58d0ecc84c,,2023-02-02T11:59:06.256527Z,5,19.0,-0.4,1607,36,11,6.656,350.063,Standard,0,False,False,False,False,241.422,,1471195,2,0,8,0.0,0.8393979044246344
87,1182457,1182457,0,2.305889136279388e-15,,1,10,42,221,False,2023-12-01T21:19:53.000Z,475687,"TUYU - I'm getting on the bus to the other world, see ya! ",(a? edit),TUYU,PogU,1610115,2022-06-18T16:29:18.000Z,,,,False,False,False,-1,0,122,False,https://cdn.scoresaber.com/covers/BCDE0949223DDF8FF164A03CF63E781878486088.png,bcde0949223ddf8ff164a03cf63e781878486088,,2022-06-18T06:19:08.292376Z,6,22.25,0.06,1758,0,211,11.057,742.0,Standard,5233,False,False,False,False,159.0,,1610115,0,0,0,0.0,0.7343928849802653
28,754059,377030,0,5.472759006048038e-17,NF,0.5,21,39,101,False,2023-12-01T21:12:21.000Z,544029,Diabolic Swing,,t+pazolite,HOFNutCollector,1152875,2023-01-08T18:04:27.000Z,,,,False,False,False,-1,0,55,False,https://cdn.scoresaber.com/covers/D7608F5B0943E191E2B84A610976BA72DD63052A.png,d7608f5b0943e191e2b84a610976ba72dd63052a,,2023-01-08T14:12:27.339014Z,4,19.0,-1.9,1261,705,486,8.581,627.0,Standard,5967,False,False,False,True,146.953,,1152875,14,59,184,0.0,0.6540683074921392
773,747266,747266,0,2.225183016509609e-15,,1,0,1,805,False,2023-12-01T21:04:27.000Z,496053,Monsters,feat Blackbear & Demi Lovato,All Time Low,JRE_McNuggies,803275,2022-07-27T19:17:54.000Z,,,,False,False,False,-1,0,2947,False,https://cdn.scoresaber.com/covers/67A8A7EF7D27EF3A62BC27F1A5F73B2CE639A5CB.png,67a8a7ef7d27ef3a62bc27f1a5f73b2ce639a5cb,,2022-07-27T17:40:56.059603Z,6,16.0,-0.5,881,50,150,5.171,460.0,Standard,3751,False,False,False,False,170.37,,803275,0,0,4,0.0,0.930274190034546
436,646210,646210,0,2.147301610931773e-15,,1,1,1,406,False,2023-12-01T20:55:30.000Z,534551,mr. sunshine,,Arden Jones,Nebelmonster & Olaf,692875,2022-10-30T01:28:23.000Z,,,,False,False,False,-1,0,1381,False,https://cdn.scoresaber.com/covers/C616384BAE1292282930A379647CAC296960A7FD.png,c616384bae1292282930a379647cac296960a7fd,,2022-10-30T01:04:15.887514Z,2,18.0,-0.75,761,4,57,4.511,365.5,Standard,2963,True,False,False,False,168.692,,692875,0,0,2,0.0,0.9326501894281075
389,424770,424770,183.3922,3.01004559230639e-11,,1,0,0,497,True,2023-12-01T20:51:07.000Z,549177,Cat Loving,(Nachoneko Cover),Kashii Moimi,Gabriel & Marsh,449995,2023-02-11T16:06:31.000Z,2023-06-27T10:30:00.000Z,2023-05-24T16:28:05.000Z,,True,False,False,-1,4.51,3042,False,https://cdn.scoresaber.com/covers/AE9FC1978EEF28B646CAC29F2BAF374FBBAC830C.png,ae9fc1978eef28b646cac29f2baf374fbbac830c,,2023-02-11T14:41:15.964356Z,4,16.0,-0.22,497,3,85,4.398,307.0,Standard,22462,True,False,False,False,113.006,4.08,449995,0,0,1,5.5201888327337195e-09,0.9439438215980177
56,920651,920651,0,2.072146054549161e-15,,1,0,1,664,False,2023-12-01T20:47:41.000Z,578389,WUWAHAHAHA (呜哇哈哈哈),,折原露露,Cush,991875,2023-11-23T07:04:59.000Z,,,,False,False,False,-1,0,337,False,https://cdn.scoresaber.com/covers/D67AAE5C94461B706A3B3375EAF702F3C3EB2EB1.png,d67aae5c94461b706a3b3375eaf702f3c3eb2eb1,,2023-11-23T06:42:26.826082Z,2,15.0,-0.68,1086,16,111,5.398,442.624,Standard,3424,False,False,False,False,201.193,,991875,0,0,0,0.0,0.9281925645872716
67,742987,742987,0,1.99962094263994e-15,,1,1,0,777,False,2023-12-01T20:43:03.000Z,578390,WUWAHAHAHA (呜哇哈哈哈),,折原露露,Cush,789475,2023-11-23T07:08:45.000Z,,,,False,False,False,-1,0,347,False,https://cdn.scoresaber.com/covers/D67AAE5C94461B706A3B3375EAF702F3C3EB2EB1.png,d67aae5c94461b706a3b3375eaf702f3c3eb2eb1,,2023-11-23T06:42:26.826082Z,2,14.0,-0.586,866,16,109,4.304,442.624,Standard,3424,False,False,False,False,201.193,,789475,0,0,0,0.0,0.9411152981411698
213,654977,654977,0,1.929634209647542e-15,,1,24,33,154,False,2023-11-23T20:32:49.000Z,578387,WUWAHAHAHA (呜哇哈哈哈),,折原露露,Cush,1004755,2023-11-23T06:57:18.000Z,,,,False,False,False,-1,0,443,False,https://cdn.scoresaber.com/covers/D67AAE5C94461B706A3B3375EAF702F3C3EB2EB1.png,d67aae5c94461b706a3b3375eaf702f3c3eb2eb1,,2023-11-23T06:42:26.826082Z,2,16.0,-0.762,1100,16,114,5.467,442.624,Lawless,3424,False,False,False,False,201.193,,1004755,0,0,0,0.0,0.6518773233275774
698,1207776,1207776,248.5742,4.591167142116346e-06,,1,3,2,687,False,2023-11-23T20:10:34.000Z,570485,Blossom,,Synthion,Specture7,1370915,2023-08-24T20:59:53.000Z,2023-09-09T20:49:51.000Z,2023-08-29T00:52:02.000Z,,True,False,False,-1,7.45,2232,False,https://cdn.scoresaber.com/covers/BB410D3F94FA930AE872BE66C3021CABBA052059.png,bb410d3f94fa930ae872be66c3021cabba052059,,2023-08-24T20:51:09.005481Z,5,19.0,-0.542,1498,0,56,7.022,622.25,Standard,7037,False,False,False,False,213.343,7.93,1370915,0,34,0,0.001141245699417857,0.88099991611442
703,940784,940784,207.2279,1.481905643536272e-08,,1,1,0,923,False,2023-11-23T20:06:33.000Z,537237,Bewegen Is Gezond,[Loud & Fout Remix],Kinderen voor Kinderen,fqrb & yabje,1027755,2022-11-16T16:41:02.000Z,2022-12-23T08:51:45.000Z,2022-11-16T17:26:03.000Z,,True,False,False,-1,5.71,2282,False,https://cdn.scoresaber.com/covers/44DA4A32D2B9E6FA1F2C48448D982A860E57F12A.png,44da4a32d2b9e6fa1f2c48448d982a860e57f12a,,2022-11-16T16:15:45.614576Z,7,18.0,-0.6,1125,4,131,5.909,476.0,Standard,7800,True,False,False,False,190.4,5.41,1027755,0,0,1,3.0709219450817022e-06,0.9153776921542586
96,481359,481359,0,1.796923616879032e-15,,1,14,11,112,False,2023-11-23T19:25:41.000Z,574694,画中游 (女版),,季玉和,Cush,629395,2023-10-08T17:38:39.000Z,,,,False,False,False,-1,0,164,False,https://cdn.scoresaber.com/covers/D0A639D3C3C74F65BD340689DD466FF4A53CB529.png,d0a639d3c3c74f65bd340689dd466ff4a53cb529,,2023-10-08T09:03:22.672533Z,2,16.0,-0.762,692,6,208,3.924,388.0,Standard,1331,False,False,False,False,176.364,,629395,0,0,0,0.0,0.7647963520523677
403,737751,737751,153.8259,7.30615747893421e-14,,1,4,2,334,False,2023-11-23T19:12:08.000Z,442604,ZOMBIE CIRCUS,feat. Hatsune Miku,Camellia,ThySpoon,817995,2022-04-22T19:33:01.000Z,2022-06-14T04:42:14.000Z,2022-04-27T14:41:49.000Z,,True,False,False,-1,4.4,963,False,https://cdn.scoresaber.com/covers/7CF39845195F0079BBCB1AAC52FED8578723F88D.png,7cf39845195f0079bbcb1aac52fed8578723f88d,,2022-04-20T22:45:06.732659Z,5,15.0,0.0,897,162,472,3.827,586.0,Standard,8680,False,False,False,False,234.4,3.03,817995,0,0,1,1.1238762497387858e-11,0.901901600865531
1607,586892,586892,157.4193,1.203113616563183e-13,,1,3,4,286,False,2023-11-23T19:05:07.000Z,363256,Ill,,RoughSketch,ThySpoon & Fvrwvrd,661595,2021-06-19T20:17:44.000Z,2021-06-29T22:49:29.000Z,2021-06-19T22:37:24.000Z,,True,False,False,-1,4.66,3122,False,https://cdn.scoresaber.com/covers/BDEDCCEC6C2F59A55F9D44DE5A54F490D72EC8F4.png,bdedccec6c2f59a55f9d44de5a54f490d72ec8f4,19566,2021-06-19T19:42:10.292Z,5,16.0,-1.5,727,13,246,4.177,643.999,Standard,8114,False,False,False,False,174.054,3.18,661595,0,0,3,1.893933033398447e-11,0.8870865106296147
1821,1184065,1184065,276.7149,0.0003420725215499051,,1,37,38,122,False,2023-11-23T18:47:51.000Z,301642,256*256,,Seiryu x t+pazolite,Rise & SieR,1751795,2020-10-22T00:01:54.000Z,2020-10-28T20:34:17.000Z,2020-10-23T17:34:52.000Z,,True,False,False,-1,10.95,2645,False,https://cdn.scoresaber.com/covers/67ACEF2B69544228ABBCED6B4140E63CC938FF31.png,67acef2b69544228abbced6b4140e63cc938ff31,100e7,2020-10-21T06:30:17.142Z,7,23.0,-0.14,1912,3,32,8.426,968.167,Standard,7510,False,False,False,False,226.914,10.95,1751795,0,0,2,0.09465656359342983,0.6759152754745846
2972,1051878,525939,25.46952,1.558256223208236e-15,NF,0.5,100,84,282,False,2023-11-23T18:37:10.000Z,61558,Blue Zenith,,,xi,2347955,2018-08-13T02:50:18.000Z,,,,True,False,False,-1,8.89,5283,False,https://cdn.scoresaber.com/covers/D3A0DE31EBE3B61D3328D03A0E82C4152A9BE5A8.png,d3a0de31ebe3b61d3328d03a0e82c4152a9be5a8,e27,2018-08-06T18:09:52Z,4,14.5,0.0,2560,0,24,10.407,820.0,Standard,0,False,False,False,False,246.0,8.07,2347955,88,12,0,3.968803804212663e-14,0.44799751272916216
429,725158,362579,0,1.673340195128177e-15,NF,0.5,47,52,99,False,2023-11-23T18:31:13.000Z,510662,polyriddim,,phonon,foxenby,1274315,2022-08-24T16:45:02.000Z,,,,False,False,False,-1,0,1008,False,https://cdn.scoresaber.com/covers/5170081BD4C0FA02FC5ABD8C2F68F0D8A1956B7C.png,5170081bd4c0fa02fc5abd8c2f68f0d8a1956b7c,,2022-08-23T14:38:22.475071Z,4,18.0,-0.95,1393,5,26,6.179,460.25,Standard,7746,False,False,False,False,225.429,,1274315,10,202,0,0.0,0.5690571012661705
216,514949,514949,0,1.61477328829869e-15,,1,16,19,89,False,2023-11-23T18:26:14.000Z,178818,$100 bills but every 2nd beat it swaps to $50 bills and every 3rd beat it swaps to $200 bills,,Jaroslav Beck,Skeelie & ExUnReal,780275,2019-09-29T20:34:14.000Z,,,,False,False,False,-1,0,314,False,https://cdn.scoresaber.com/covers/9C1E1F6E1063962ADBFCFF40E073FD9CC12E3FB2.png,9c1e1f6e1063962adbfcff40e073fd9cc12e3fb2,66c6,2019-09-29T20:09:40.548Z,5,18.0,0.2,856,528,0,5.42,552.75,Standard,5194,False,False,False,False,157.929,,780275,9,7,66,0.0,0.6599583480183269
1028,855445,855445,0,3.328202250126568e-25,,1,4,7,476,False,2023-11-23T18:18:02.000Z,199254,Los! Los! Los! (German Ver.),,Selphius,Joetastic,1002915,2020-01-25T02:57:21.000Z,,,,False,False,False,-1,0,7782,False,https://cdn.scoresaber.com/covers/CDFD561127D3A71C02AF0996C215242FCB789F79.png,cdfd561127d3a71c02af0996c215242fcb789f79,8115,2020-01-25T01:56:05.274Z,5,20.0,0.5,1098,16,14,5.267,413.5,Standard,4753,False,False,False,False,208.487,,1002915,20,13,2,0.0,0.8529586256063575
114,444622,444622,0,1.503717255395948e-15,,1,0,0,523,True,2023-11-23T17:57:16.000Z,578338,回る空うさぎ,covered by 月-Tsuki-,Orangestar,misterlihao,473915,2023-11-22T15:21:18.000Z,,,,False,False,False,-1,0,515,False,https://cdn.scoresaber.com/covers/7E8177DCF94F13B4F4437D7FC292651B26D7233E.png,7e8177dcf94f13b4f4437d7fc292651b26d7233e,,2023-11-22T14:45:58.212704Z,2,14.35,-0.57,523,24,0,3.069,335.125,Standard,1074,True,False,False,False,170.403,,473915,0,0,0,0.0,0.9381893377504404
163,524447,524447,0,1.45108715145709e-15,,1,18,23,77,False,2023-11-02T20:36:48.000Z,570420,mansana,,RickyEdit,Cobayo,791315,2023-08-24T00:20:22.000Z,,,,False,False,False,-1,0,344,False,https://cdn.scoresaber.com/covers/59B559E5C32A848179FF26BAE68685C770AE0D39.png,59b559e5c32a848179ff26bae68685c770ae0d39,,2023-08-24T00:00:36.221312Z,4,16.0,-0.92,868,23,89,5.478,290.5,Standard,2681,False,False,False,False,158.455,,791315,0,13,3,0.0,0.6627537706223185
122,351792,175896,0,1.400299101156091e-15,NF,0.5,26,74,73,False,2023-11-02T20:32:50.000Z,576707,Rogue,不成者,DUSTCELL,pleo & winteredge,668035,2023-11-01T15:56:48.000Z,,,,False,False,False,-1,0,167,False,https://cdn.scoresaber.com/covers/1AEB6E553033E084E5CA19A4DEC0332831BEFF15.png,1aeb6e553033e084e5ca19a4dec0332831beff15,,2023-11-01T14:02:27.581518Z,,18.0,-0.032,734,16,367,6.839,196.75,Standard,2312,True,False,False,False,107.318,,668035,0,0,0,0.0,0.5266071388475154
232,969025,969025,0,1.351288632615628e-15,,1,36,20,149,False,2023-11-02T20:30:00.000Z,556998,Dokuhebi,(feat. Hatsune Miku),Camellia,yabje,1376435,2023-04-14T14:45:05.000Z,,,,False,False,False,-1,0,442,False,https://cdn.scoresaber.com/covers/94D880E8D0A1E57B56DF67076BD1DA4E9E952B30.png,94d880e8d0a1e57b56df67076bd1da4e9e952b30,,2023-04-14T14:36:40.308298Z,3,18.0,-1.5,1504,0,452,6.95,995.4,Standard,6211,False,False,False,False,216.391,,1376435,27,85,0,0.0,0.7040107233541721
64,384921,192461,0,1.303993530474081e-15,NF,0.5,39,24,122,False,2023-11-02T20:24:38.000Z,576184,Helicopter,,Runnit & Xotix,Jabob,684595,2023-10-26T01:47:25.000Z,,,,False,False,False,-1,0,120,False,https://cdn.scoresaber.com/covers/A86EC016DB857DCAA3243750538F8876C242DDBB.png,a86ec016db857dcaa3243750538f8876c242ddbb,,2023-10-26T01:28:10.999190Z,6,18.0,-0.4,752,11,251,5.651,448.0,Standard,3109,False,False,False,False,133.069,,684595,26,45,0,0.0,0.5622608987795704
171,840107,840107,0,1.258353756907488e-15,,1,3,3,316,False,2023-11-02T20:21:16.000Z,564704,Cha Cha Cha,feat. GUMI,Turbo,Idlebob,962435,2023-06-26T19:54:03.000Z,,,,False,False,False,-1,0,446,False,https://cdn.scoresaber.com/covers/87AE38AD4424260AD90F3C3A08CDAA27E7FE0CED.png,87ae38ad4424260ad90f3c3a08cdaa27e7fe0ced,,2023-06-26T19:38:43.446069Z,4,17.5,-0.65,1054,29,124,6.105,446.0,Standard,4927,True,False,False,False,172.645,,962435,0,0,7,0.0,0.8728973904731229
342,537685,268843,0,1.214311375415726e-15,NF,0.5,21,50,79,False,2023-11-02T20:17:21.000Z,519708,Dragostea Din Tei,"(Kobo Cover, Short Ver.)",O-Zone,Kinsi,927475,2022-09-13T05:15:04.000Z,,,,False,False,False,-1,0,776,False,https://cdn.scoresaber.com/covers/67385CE4759507C2D57ED61615904BA4089721DA.png,67385ce4759507c2d57ed61615904ba4089721da,,2022-09-13T04:50:49.136415Z,4,18.0,-0.5,1016,69,133,7.098,310.125,Standard,1113,False,False,False,False,143.135,,927475,2,87,13,0.0,0.5797299118574625
253,647872,647872,0,1.171810477276176e-15,,1,8,14,102,False,2023-11-02T20:14:01.000Z,411284,Yowanehaki,"feat.Wanuka,asmi",MAISONdes,Gabriel x Marsh,823515,2022-01-18T09:16:56.000Z,,,,False,False,False,-1,0,665,False,https://cdn.scoresaber.com/covers/13A1B008E40284318053124031D54548A20D992A.png,13a1b008e40284318053124031d54548a20d992a,,2022-01-18T07:46:56.747878Z,4,18.0,0.05,903,136,76,5.576,291.5,Standard,20270,True,False,False,False,161.944,,823515,21,69,17,0.0,0.7867154818066459
544,658230,329115,0,1.130797110571509e-15,NF,0.5,21,18,133,False,2023-11-02T20:10:00.000Z,514721,Raindrop,,seatrus,GojiCrafter,945875,2022-09-02T04:39:43.000Z,,,,False,False,False,-1,0,1134,False,https://cdn.scoresaber.com/covers/6CD691417BC2B085AAFFE0E450504E9F11CC93C3.png,6cd691417bc2b085aaffe0e450504e9f11cc93c3,,2022-09-01T21:48:05.615465Z,5,18.0,-0.675,1036,0,281,7.523,355.75,Standard,3869,False,False,False,False,137.71,,945875,4,82,0,0.0,0.6958953350072684
157,784038,784038,0,1.091219211701507e-15,,1,1,7,204,False,2023-11-02T19:56:46.000Z,574649,Brownie,,Wanuka,Gabriel,901715,2023-10-08T09:29:08.000Z,,,,False,False,False,-1,0,273,False,https://cdn.scoresaber.com/covers/1983884995F7B8AFD4BB5E97FC0689D97F187E6A.png,1983884995f7b8afd4bb5e97fc0689d97f187e6a,,2023-10-08T08:41:12.340510Z,5,18.0,-0.8,988,0,369,4.831,466.972,Standard,4015,False,False,False,False,204.513,,901715,0,12,0,0.0,0.8694964595243508
577,880390,880390,237.2452,1.10411837446157e-06,,1,6,8,220,False,2023-11-02T19:52:05.000Z,548354,Hoshikuzu distancia,feat. Futoumeido + Brasscapsule (Nhato Remix),ARM,shrado & Bitz,1067315,2023-02-05T23:53:16.000Z,2023-03-03T17:53:21.000Z,2023-02-08T13:51:44.000Z,,True,False,False,-1,7.88,1335,False,https://cdn.scoresaber.com/covers/754C2606436DAA4EE58D917A56EB23FCC12328F6.png,754c2606436daa4ee58d917a56eb23fcc12328f6,,2023-02-05T21:21:13.983240Z,5,18.5,-0.2,1168,114,277,6.112,688.0,Standard,6005,False,False,False,False,191.111,7.82,1067315,0,8,12,0.0002619467845728101,0.8248642621906372
39,298731,298731,0,1.053026539291954e-15,,1,3,10,127,False,2023-11-02T19:43:27.000Z,420988,Welcome to Japari Park,,Doubutsu Biscuits X PPP,Schwank & Narwhal,386515,2022-02-28T03:28:19.000Z,,,,False,False,False,-1,0,116,False,https://cdn.scoresaber.com/covers/CB5C9ADAA21E3CE190E11BE3C170400765E13A76.png,cb5c9adaa21e3ce190e11be3c170400765e13a76,,2022-02-28T02:54:54.727995Z,6,16.5,-0.05,428,25,98,5.011,242.142,Standard,2739,False,False,False,False,85.412,,386515,0,0,10,0.0,0.772883329236899
37,292846,292846,0,1.016170610416735e-15,,1,0,0,268,False,2023-11-02T19:35:24.000Z,575311,DK,,Mili,Gabriel,311995,2023-10-15T15:17:23.000Z,,,,False,False,False,-1,0,164,False,https://cdn.scoresaber.com/covers/3465B8402D97301A7C9A2AFCFC7AD7EEEC4B5B9B.png,3465b8402d97301a7c9a2afcfc7ad7eeec4b5b9b,,2023-10-15T13:38:51.301483Z,3,17.0,-0.74,347,443,114,2.535,324.0,Standard,3529,False,False,False,False,136.901,,311995,0,0,10,0.0,0.9386240164105194
551,626569,626569,200.9337,4.258694815511647e-09,,1,0,0,731,True,2023-11-02T19:22:57.000Z,409165,2 Phut Hon,(KAIZ Remix) (Nightcore Mix),Phao,Fatalution,665275,2022-01-11T19:34:55.000Z,2022-01-12T15:47:42.000Z,,,True,False,False,-1,5.01,9769,False,https://cdn.scoresaber.com/covers/B4512C8922CD4482613B53696CF83AF89395DCA9.png,b4512c8922cd4482613b53696cf83af89395dca9,,2022-01-11T19:17:05.730216Z,6,17.0,-0.25,731,0,149,4.215,440.0,Standard,51523,True,False,False,False,173.41,3.92,665275,0,0,0,8.557153064515726e-07,0.941819548307091
340,308039,308039,149.3581,5.900012190065875e-14,,1,1,0,319,False,2023-11-02T19:18:31.000Z,549176,Cat Loving,(Nachoneko Cover),Kashii Moimi,Gabriel & Marsh,325795,2023-02-11T16:04:11.000Z,2023-06-27T10:30:02.000Z,2023-05-24T16:28:06.000Z,,True,False,False,-1,3.64,1576,False,https://cdn.scoresaber.com/covers/AE9FC1978EEF28B646CAC29F2BAF374FBBAC830C.png,ae9fc1978eef28b646cac29f2baf374fbbac830c,,2023-02-11T14:41:15.964356Z,4,14.0,0.33,362,0,89,3.278,300.0,Standard,22462,True,False,False,False,110.429,3.66,325795,0,0,0,8.81214610685078e-12,0.9454994705259442
1723,1050083,1050083,288.912,0.003466113833723646,,1,7,22,345,False,2023-10-30T19:03:45.000Z,359565,The Everlasting Calamity That Shifts The Time - Space Continuum On A Nanosecondal Basis,[LEVEL 3],ReeK,Jabob & Helloiamdaan,1320315,2021-05-30T23:07:31.000Z,2021-06-09T21:36:50.000Z,2021-05-30T23:17:45.000Z,,True,False,False,-1,10.04,2895,False,https://cdn.scoresaber.com/covers/59B5445E569B55FDBD72FECC035607D3CEB7E9F1.png,59b5445e569b55fdbd72fecc035607d3ceb7e9f1,188ed,2021-05-30T22:58:12.946Z,9,22.0,0.1,1443,105,60,10.325,667.359,Standard,5504,False,False,False,False,139.761,10.0,1320315,0,0,6,1.0014018799287658,0.795327630148866
1313,939741,469871,48.45911,7.210483646968955e-15,NF,0.5,28,56,212,False,2023-10-30T18:53:37.000Z,408452,Silentphobia,,t+pazolite VS Sakuzyo,fraies,1411395,2022-01-09T03:35:15.000Z,2022-01-21T09:05:49.000Z,,,True,False,False,-1,11.38,2896,False,https://cdn.scoresaber.com/covers/50194DFCA62912C6BA2D752B35452194A4DA1F9B.png,50194dfca62912c6ba2d752b35452194a4da1f9b,,2022-01-09T03:04:04.262632Z,7,22.0,0.25,1542,182,144,10.098,738.063,Standard,6816,False,False,False,False,152.703,11.38,1411395,0,9,3,3.4941362020166976e-13,0.6658242377222535
681,811659,811659,301.1483,0.02459464666700778,,1,15,36,127,False,2023-10-30T18:50:01.000Z,538464,Möbius,,USAO & Camellia,"Timbo, abcbadq, Narwhal",1151035,2022-11-24T22:08:14.000Z,2022-12-23T08:51:59.000Z,2022-11-29T05:29:18.000Z,,True,False,False,-1,11.61,1873,False,https://cdn.scoresaber.com/covers/ACB8443A8CDB20B9F74CBCAE977FBD3924737786.png,acb8443a8cdb20b9f74cbcae977fbd3924737786,,2022-11-23T16:38:30.595810Z,7,20.0,-0.17,1259,35,223,9.408,513.0,Standard,5333,False,False,False,False,133.826,11.66,1151035,1,24,2,7.406636032870059,0.705155794567498
945,833378,833378,284.1889,0.001278225847355571,,1,8,13,191,False,2023-10-30T18:47:18.000Z,538387,Möbius,,USAO & Camellia,"Timbo, abcbadq, Narwhal",1036035,2022-11-24T06:55:56.000Z,2022-12-23T08:52:01.000Z,2022-11-29T05:29:19.000Z,,True,False,False,-1,9.75,2443,False,https://cdn.scoresaber.com/covers/ACB8443A8CDB20B9F74CBCAE977FBD3924737786.png,acb8443a8cdb20b9f74cbcae977fbd3924737786,,2022-11-23T16:38:30.595810Z,7,19.69,-0.13,1134,0,329,8.474,513.0,Standard,4254,False,False,False,False,133.826,9.77,1036035,0,9,0,0.3632575975115476,0.8043917435221783
1179,1842108,1842108,243.0515,2.251486620398814e-06,,1,31,119,118,False,2023-10-30T18:42:15.000Z,291993,Shinbatsu o Tadori Kyoukotsu ni Itaru,,Imperial Circus Dead Decadence,altrewin & ExUnReal,2885235,2020-09-07T23:49:53.000Z,2020-09-14T10:14:41.000Z,2020-09-08T20:05:41.000Z,,True,False,False,-1,11.7,1677,False,https://cdn.scoresaber.com/covers/158005783F1B04090F97CD22325232EC7CBF6FD5.png,158005783f1b04090f97cd22325232ec7cbf6fd5,e5cd,2020-09-07T23:30:08.005Z,6,23.0,0.05,3144,24,69,12.169,1076.5,Standard,21990,False,False,False,False,258.36,11.7,2885235,0,0,8,0.0005472272003178624,0.6384602987278333
689,1136657,568329,39.52508,2.38952242101491e-15,NF,0.5,33,165,225,False,2023-10-30T18:33:57.000Z,506406,Speedcore Sonata in the Moonlight,,Fvrwvrd,Vilawes,1839195,2022-08-16T00:31:03.000Z,2022-09-20T20:26:52.000Z,2022-08-21T05:41:46.000Z,,True,False,False,-1,10,1748,False,https://cdn.scoresaber.com/covers/3631D5E2D465E42FA299ABDE61D432A3029CD192.png,3631d5e2d465e42fa299abde61d432a3029cd192,,2022-08-11T23:15:39.729409Z,5,20.0,-0.9,2007,173,49,11.569,1012.0,Standard,7232,False,False,False,False,173.486,9.85,1839195,0,0,0,9.4446064852408e-14,0.6180187527695541
747,1953605,976803,54.58942,1.886804641559356e-14,NF,0.5,22,55,251,False,2023-10-30T18:29:14.000Z,562864,Howl in the Night Sky,,trung-nova,Bitz & Joshabi,2506195,2023-06-07T23:42:00.000Z,2023-06-27T10:30:21.000Z,2023-06-10T08:03:38.000Z,,True,False,False,-1,10.95,1902,False,https://cdn.scoresaber.com/covers/4C9E62D645AFA18FE7FE5F0908D365F4DC6524F3.png,4c9e62d645afa18fe7fe5f0908d365f4dc6524f3,,2023-06-07T20:06:04.789857Z,5,19.0,0.1,2732,0,680,7.959,1344.5,Standard,10460,False,False,False,False,343.277,10.95,2506195,4,94,0,1.0299957103603313e-12,0.7795103732949751
2922,995854,995854,301.84,0.0283616396241631,,1,4,24,303,False,2023-10-30T18:15:28.000Z,327881,true Hero,,Kobaryo,"Cerret, Complex & Daan",1242115,2021-02-03T15:58:49.000Z,2021-02-12T03:59:59.000Z,2021-02-05T00:00:42.000Z,,True,False,False,-1,10.4,5824,False,https://cdn.scoresaber.com/covers/09F435B861416442FE61B5B2D512AFCA5C29BCF2.png,09f435b861416442fe61b5b2d512afca5c29bcf2,138ba,2021-02-03T15:37:01.829Z,7,22.0,0.0,1358,108,261,10.25,594.0,Standard,5615,False,False,False,False,132.491,10.4,1242115,0,0,6,8.56067730415739,0.8017405795759652
979,725131,725131,314.8156,0.2320704514504505,,1,8,3,244,False,2023-10-30T18:08:27.000Z,482659,Oha-Yo-del!!,ft. Hatsune Miku,Bakudan Poppy,BigSlick,840995,2022-07-02T04:29:01.000Z,2022-08-11T05:14:38.000Z,2022-07-06T01:19:57.000Z,,True,False,False,-1,9.79,4702,False,https://cdn.scoresaber.com/covers/C2BD7217CA17F8FCB3F538939B94A729DB003FCF.png,c2bd7217ca17f8fcb3f538939b94a729db003fcf,,2022-07-02T03:56:37.488961Z,6,19.0,-0.65,922,67,19,5.952,387.289,Standard,3609,False,False,False,False,154.916,10.02,840995,0,49,7,73.05939841564445,0.8622298586793025
1155,1812060,1812060,296.2369,0.01295186258185286,,1,0,7,1031,False,2023-10-30T18:00:16.000Z,358710,FLASHBACK,feat. Reol,Camellia,Joshabi,1965235,2021-05-25T17:19:16.000Z,2021-06-14T10:03:25.000Z,2021-06-02T08:10:05.000Z,,True,False,False,-1,8,5696,False,https://cdn.scoresaber.com/covers/1D2D3124FC2EA8E4F3CC0C292C9E6417A49C6B8B.png,1d2d3124fc2ea8e4f3cc0c292c9e6417a49c6b8b,18605,2021-05-25T16:31:50.048Z,5,20.0,-0.9,2144,60,77,8.479,590.0,Standard,9246,False,False,False,False,252.857,7.38,1965235,0,0,10,3.8368196204740874,0.9220576674036438
551,435975,435975,292.3453,0.00635153206355361,,1,2,2,310,False,2023-10-30T17:48:10.000Z,535306,brutale aap,,gladde paling,Bitz & HypersonicSharkz,483115,2022-11-03T21:25:45.000Z,2022-12-23T08:51:52.000Z,2022-11-16T15:16:57.000Z,,True,False,False,-1,8.35,2552,False,https://cdn.scoresaber.com/covers/EEA1381EA9DDADCBA54006660B841418ED0591D8.png,eea1381ea9ddadcba54006660b841418ed0591d8,,2022-11-03T14:24:32.145899Z,5,17.0,-0.2,533,769,68,5.966,268.0,Standard,21375,True,False,False,False,89.333,6.94,483115,2,12,14,1.8568405465791993,0.9024248884841083
450,693515,693515,266.7099,8.524784504806084e-05,,1,0,2,674,False,2023-10-30T17:41:20.000Z,371611,Venomous Firefly,,Camellia,ComplexFrequency,759115,2021-07-31T19:26:53.000Z,2021-08-25T01:22:16.000Z,2021-08-04T07:08:22.000Z,,True,False,False,-1,7.39,4068,False,https://cdn.scoresaber.com/covers/61CAADA06A65088BD514E00D88397CCDEF8C7714.png,61caada06a65088bd514e00d88397ccdef8c7714,1ace5,2021-07-31T19:17:50.528Z,6,18.0,-1.25,833,53,142,7.001,523.5,Standard,6436,False,False,False,False,118.977,6.35,759115,0,5,3,0.022736444227983803,0.9135835808803673
1808,1658704,1658704,279.9413,0.0006048966446749569,,1,15,10,387,False,2023-10-30T17:34:04.000Z,407439,Toxic Violet Cubes,,Camellia,BSWC Team,1906355,2022-01-05T20:03:44.000Z,2022-01-16T21:07:16.000Z,,,True,False,False,-1,8.58,4555,False,https://cdn.scoresaber.com/covers/00DB999DD09E123C963B909B731E5D8AA0FA8B82.png,00db999dd09e123c963b909b731e5d8aa0fa8b82,,2022-01-05T03:03:29.487260Z,5,20.0,0.25,2080,155,720,7.45,1233.062,Standard,6552,True,False,False,False,279.184,8.45,1906355,1,0,8,0.16933555307594553,0.8700918769064524
1979,2142493,2142493,293.9019,0.008752511190921703,,1,11,25,236,False,2023-10-30T17:21:11.000Z,306949,=El=Dorado=,,Camellia,Shappy,2548515,2020-11-14T22:04:26.000Z,2020-12-03T07:04:44.000Z,2020-11-17T03:33:24.000Z,,True,False,False,-1,9.5,3967,False,https://cdn.scoresaber.com/covers/F53B115D35C581FDA4EC13360F7957D6808703D8.png,f53b115d35c581fda4ec13360f7957d6808703d8,10f87,2020-11-14T21:58:32.073Z,5,22.0,-0.57,2778,666,70,9.99,834.249,Standard,13168,False,False,False,False,278.083,9.38,2548515,3,0,25,2.5723796687831513,0.840682907497111
901,1110795,1110795,264.6505,5.969755479690836e-05,,1,9,6,436,False,2023-10-30T17:14:38.000Z,305359,Last Wind,,FELT,Kival Evan,1271555,2020-11-08T01:14:02.000Z,2021-01-22T05:01:59.000Z,2021-01-05T00:28:47.000Z,,True,False,False,-1,8.06,2891,False,https://cdn.scoresaber.com/covers/F0DC0F52454584F716F99C0CA91892A7F897183D.png,f0dc0f52454584f716f99c0ca91892a7f897183d,10b39,2020-11-07T20:23:24.195Z,7,18.0,-0.375,1390,3,118,6.345,555.0,Standard,13074,True,False,False,False,219.079,8.06,1271555,1,3,1,0.015798987725779198,0.8735721223226679
1296,860947,860947,283.5371,0.001233487942698126,,1,0,3,590,False,2023-10-30T17:09:07.000Z,344065,REANIMATE,,Warak,epicmoo34 & TheWildDash,938515,2021-03-31T01:19:45.000Z,2021-04-08T13:53:11.000Z,2021-03-31T23:28:32.000Z,,True,False,False,-1,7.77,5454,False,https://cdn.scoresaber.com/covers/247E7CD970F32FAFD9A14DE4904EE20EF19EA745.png,247e7cd970f32fafd9a14de4904ee20ef19ea745,16155,2021-03-31T01:15:13.881Z,5,21.0,-0.5,1028,27,57,6.933,430.0,Standard,5625,False,False,False,False,148.276,7.38,938515,0,0,2,0.34973959415759287,0.9173502820945856
2318,693166,693166,276.9885,0.0003673360590081936,,1,7,4,222,False,2023-10-30T17:02:17.000Z,272629,Le Train Fantome,,Ultra Vomit,Vilawes,806035,2020-06-16T18:14:15.000Z,2020-06-20T20:18:59.000Z,2020-06-16T18:30:14.000Z,,True,False,False,-1,8.65,4903,False,https://cdn.scoresaber.com/covers/4738AC40930BC9C5F435FB57DDB3D8FDDEBE58EA.png,4738ac40930bc9c5f435fb57ddb3d8fddebe58ea,b336,2020-06-16T18:08:03.526Z,6,21.0,-0.4,884,0,0,8.961,315.689,Standard,3259,False,False,False,False,98.653,8.11,806035,0,0,0,0.10174786398059102,0.8599701005539462
187,695840,695840,0,9.388989085764902e-22,,1,0,1,690,False,2023-10-30T16:53:26.000Z,390022,KING,(Mori Calliope & Gawr Gura Cover),Kanaria,Joshabi,753595,2021-10-27T23:58:57.000Z,,,,False,False,False,-1,0,2285,False,https://cdn.scoresaber.com/covers/0668A672F22875AAECF69EFD473A08202244B8FB.png,0668a672f22875aaecf69efd473a08202244b8fb,,2021-10-27T23:38:47.232898Z,1,18.0,-0.5,827,48,177,6.226,367.5,Standard,2739,False,False,False,False,132.831,,753595,0,11,24,0.0,0.9233606910873878
62,202294,202294,0,1.947593925384926e-17,,1,2,0,159,False,2023-10-30T16:40:32.000Z,428575,Tutorial,,Beat Saber,Phøenix,238395,2022-04-01T11:12:02.000Z,,,,False,False,False,-1,0,304,False,https://cdn.scoresaber.com/covers/BFF83D239BBB4DC5F32B9598D43AD87BE1F5E394.png,bff83d239bbb4dc5f32b9598d43ad87be1f5e394,,2022-03-24T03:51:44.119724Z,2,20.0,-0.618,267,1383,58,5.925,121.672,Standard,0,False,False,False,False,45.064,,238395,6,15,53,0.0,0.8485664548333648
2,679425,679425,0,9.806046390521497e-16,,1,8,10,172,False,2023-10-30T16:23:18.000Z,574125,Loreen-Euphoria,,Loreen,Chrisvenator,829035,2023-10-02T17:01:26.000Z,,,,False,False,False,-1,0,10,False,https://cdn.scoresaber.com/covers/CB055D1734B29DDA8E96D4E778712E25B8E86767.png,cb055d1734b29dda8e96d4e778712e25b8e86767,,2023-10-02T14:01:01.049262Z,,20.0,-0.762,909,0,0,5.132,398.567,Standard,4184,False,False,False,False,177.141,,829035,0,7,0,0.0,0.8195371727369773
246,371020,371020,196.734,1.68650124423293e-09,,1,0,0,428,True,2023-10-30T16:13:46.000Z,466447,Parasite,(feat. Hatsune Miku),DECO*27,Alice,386515,2022-06-01T17:16:52.000Z,2022-08-11T05:15:06.000Z,2022-06-14T05:53:21.000Z,,True,False,False,-1,4.3,871,False,https://cdn.scoresaber.com/covers/E527C82AF2DEC46A23F12D742035D76CCA875904.png,e527c82af2dec46a23f12d742035d76cca875904,,2022-06-01T17:12:41.798671Z,5,12.0,0.5,428,0,80,2.615,376.5,Standard,8913,True,False,False,True,163.696,1.44,386515,0,0,0,3.3179213578292123e-07,0.9599109995731084
1009,1977945,1977945,326.2065,0.6521203607482339,,1,20,35,294,False,2023-10-28T17:28:41.000Z,403555,Thunderstrike,,SEPHID,abcbadq & Timbo,2508035,2021-12-19T00:58:12.000Z,2021-12-28T07:03:50.000Z,,,True,False,False,-1,11.43,2082,False,https://cdn.scoresaber.com/covers/56CF317021261B351879DF2430462A6425AB9960.png,56cf317021261b351879df2430462a6425ab9960,,2021-12-19T00:44:50.969174Z,5,20.0,0.027,2734,0,986,9.015,1294.0,Standard,11153,False,False,False,False,303.281,11.43,2508035,0,4,0,212.72590045841875,0.7886433004324103
668,1969736,1969736,303.5436,0.05197171013114137,,1,16,24,370,False,2023-10-28T17:06:46.000Z,546839,FINAL PHASE,,Kyutatsuki,"Hades, Daan, Josh & Aqua",2415115,2023-01-27T16:05:12.000Z,2023-03-03T17:51:10.000Z,2023-01-30T01:01:46.000Z,,True,False,False,-1,10.23,1669,False,https://cdn.scoresaber.com/covers/7FAB1516E5A3ADC5712AA5124F6A7A2B30217C94.png,7fab1516e5a3adc5712aa5124f6a7a2b30217c94,,2023-01-27T01:57:36.803878Z,5,20.0,-1.5,2633,928,1009,7.448,1767.569,Standard,26365,True,False,False,False,353.514,9.67,2415115,25,74,45,15.775679991363125,0.815586835409494
906,2339703,2339703,323.2799,0.5655057348412287,,1,15,49,204,False,2023-10-28T16:52:59.000Z,546784,FINAL PHASE,,Kyutatsuki,"Hades, Daan, Josh & Aqua",2906395,2023-01-27T04:13:36.000Z,2023-03-03T17:51:08.000Z,2023-01-30T01:01:43.000Z,,True,False,False,-1,11.08,2306,False,https://cdn.scoresaber.com/covers/7FAB1516E5A3ADC5712AA5124F6A7A2B30217C94.png,7fab1516e5a3adc5712aa5124f6a7a2b30217c94,,2023-01-27T01:57:36.803878Z,5,21.5,-1.8,3167,182,622,8.959,1767.569,Standard,26365,True,False,False,False,353.514,10.52,2906395,0,18,35,182.8166374088989,0.8050189323887497
477,1000904,1000904,291.5021,0.005315144323582651,,1,2,5,427,False,2023-10-28T16:40:37.000Z,551335,99.9,(Schwank Bootleg),MOB CHOIR,Voidless & Dailyy,1136315,2023-02-26T21:57:25.000Z,2023-04-03T13:02:25.000Z,2023-02-27T15:18:04.000Z,,True,False,False,-1,8.74,1094,False,https://cdn.scoresaber.com/covers/AE64EE8C3A8CFECCA94968F8DB9F01ED6C09DB87.png,ae64ee8c3a8cfecca94968f8db9f01ed6c09db87,,2023-02-26T21:44:46.987299Z,5,19.0,0.35993272,1243,0,117,10.195,508.0,Standard,4740,False,False,False,False,121.92,8.71,1136315,0,0,0,1.5493757321274222,0.8808332196618015
66,1044469,522235,0,9.462834766853244e-16,NF,0.5,74,92,97,False,2023-10-28T16:14:37.000Z,575787,Shukusei!! Loli Kami Requiem,,Shigure Ui,Uragirimono,1823555,2023-10-21T10:28:55.000Z,,,,False,False,False,-1,0,155,False,https://cdn.scoresaber.com/covers/4DE17FA6D29E6E6F4BFEC7B53F392C4FECCA972C.png,4de17fa6d29e6e6f4bfec7b53f392c4fecca972c,,2023-10-21T09:13:10.422971Z,4,17.0,-0.5845,1990,197,362,7.507,729.0,Standard,7878,False,False,False,True,265.091,,1823555,64,185,0,0.0,0.5727652853903502
862,798010,798010,284.7861,0.001372628363022439,,1,21,33,126,False,2023-10-28T15:55:09.000Z,509081,Iro o Ushinatta Machi,feat. Camellia,Camellia,CoolingCloset & Helloiamdaan & Nolanimations,1161155,2022-08-21T09:12:48.000Z,2022-09-20T20:28:42.000Z,2022-08-24T08:33:23.000Z,,True,False,False,-1,11.16,2340,False,https://cdn.scoresaber.com/covers/4E19C93FF2D7E086536AEAB2F551C2E184160640.png,4e19c93ff2d7e086536aeab2f551c2e184160640,,2022-08-20T23:09:37.620280Z,7,21.5,-1.5,1270,0,32,10.712,656.0,Standard,5515,False,False,False,False,118.554,10.79,1161155,0,0,0,0.3909054782545446,0.6872553621178913
970,899713,899713,307.7527,0.09523633646533529,,1,15,8,125,False,2023-10-28T15:51:10.000Z,509026,Iro o Ushinatta Machi,feat. Camellia,Camellia,CoolingCloset & Helloiamdaan & Nolanimations,1101355,2022-08-21T06:25:06.000Z,2022-09-20T20:28:44.000Z,2022-08-24T08:33:24.000Z,,True,False,False,-1,10.35,2685,False,https://cdn.scoresaber.com/covers/4E19C93FF2D7E086536AEAB2F551C2E184160640.png,4e19c93ff2d7e086536aeab2f551c2e184160640,,2022-08-20T23:09:37.620280Z,7,20.0,-1.2,1205,0,63,10.164,656.0,Standard,5515,False,False,False,False,118.554,10.15,1101355,0,0,0,29.309239685315394,0.8169146188104653
642,861247,861247,269.961,0.0001354653851012097,,1,10,4,289,False,2023-10-28T15:46:38.000Z,488986,Aien-Jihen,,La+ Darknesss,Gabriel & take_nyan,999235,2022-07-14T15:22:48.000Z,2022-12-23T08:49:35.000Z,2022-11-05T05:17:07.000Z,,True,False,False,-1,8.4,2429,False,https://cdn.scoresaber.com/covers/D06BD638A1BBDBB907E4FE5FFA0F5E027E524C37.png,d06bd638a1bbdbb907e4fe5ffa0f5e027e524c37,,2022-07-14T15:09:17.136023Z,,18.0,-0.8,1094,334,280,5.279,449.0,Standard,68392,True,False,False,False,207.231,8.61,999235,0,17,9,0.03657037082730767,0.8619063583641485
198,443295,443295,233.765,7.731945262021884e-07,,1,3,3,427,False,2023-10-28T15:42:41.000Z,538094,Freefall,,Zekk,dibl & ItsVasili,500595,2022-11-22T01:07:50.000Z,2022-12-23T08:52:20.000Z,2022-11-23T13:11:38.000Z,,True,False,False,-1,6.94,820,False,https://cdn.scoresaber.com/covers/117FE773C1A503FB47CB634442A27CB74F11F2BE.png,117fe773c1a503fb47cb634442a27cb74f11f2be,,2022-11-22T00:51:46.478723Z,4,16.0,-0.1,552,40,1441,4.364,379.5,Standard,2997,False,False,False,False,126.5,3.99,500595,0,16,4,0.00018074581841765456,0.8855362119078297
901,647414,647414,306.7102,0.07969649969448853,,1,0,1,757,False,2023-10-28T15:39:41.000Z,390248,EASY LOVE,(TV Size),Uesaka Sumire,That_Narwhal,700235,2021-10-28T16:45:54.000Z,2022-01-16T21:14:44.000Z,,,True,False,False,-1,8.21,5526,False,https://cdn.scoresaber.com/covers/CDA84787D04A46335A5CC6C986DF999B3EB492DE.png,cda84787d04a46335a5cc6c986df999b3eb492de,,2021-10-28T16:19:44.001399Z,4,20.0,-0.45,769,36,194,8.667,278.0,Standard,3438,False,False,False,False,88.723,8.0,700235,0,0,18,24.443729360596514,0.9245667525902018
378,184911,184911,185.922,5.715858034047263e-11,,1,0,0,218,True,2023-10-28T15:30:01.000Z,390236,EASY LOVE,(TV Size),Uesaka Sumire,That_Narwhal,193315,2021-10-28T16:24:38.000Z,2022-01-16T21:14:33.000Z,,,True,False,False,-1,4.19,1269,False,https://cdn.scoresaber.com/covers/CDA84787D04A46335A5CC6C986DF999B3EB492DE.png,cda84787d04a46335a5cc6c986df999b3eb492de,,2021-10-28T16:19:44.001399Z,4,11.0,-0.5,218,44,104,2.457,278.0,Standard,3438,False,False,False,False,88.723,1.3,193315,0,0,8,1.0627037574061353e-08,0.9565269120347619
258,387274,387274,182.073,2.184333235942878e-11,,1,1,0,278,False,2023-10-28T15:26:31.000Z,305392,Last Wind,,FELT,Kival Evan,410435,2020-11-08T04:51:03.000Z,2021-01-22T05:01:48.000Z,2021-01-05T00:28:52.000Z,,True,False,False,-1,4.49,528,False,https://cdn.scoresaber.com/covers/F0DC0F52454584F716F99C0CA91892A7F897183D.png,f0dc0f52454584f716f99c0ca91892a7f897183d,10b39,2020-11-07T20:23:24.195Z,7,10.0,0.0,454,4,160,2.087,551.0,Standard,13074,True,False,False,False,217.5,2.08,410435,45,16,1,3.977081052678277e-09,0.9435696273465957
100,1397317,1397317,0,8.812028305762912e-16,,1,2,10,487,False,2023-10-24T17:43:28.000Z,551217,Loli Bomb,,Slax,mtq,1646915,2023-02-26T01:57:24.000Z,,,,False,False,False,-1,0,206,False,https://cdn.scoresaber.com/covers/97969FBE326341BB035A01ACA9B998BAD0A1254C.png,97969fbe326341bb035a01aca9b998bad0a1254c,,2023-02-26T01:50:33.026597Z,5,21.0,-0.60606056,1798,12,37,7.453,784.0,Standard,8152,False,False,False,False,241.231,,1646915,0,0,3,0.0,0.848445123154504
114,1508973,1508973,0,8.50360731506121e-16,,1,13,11,608,False,2023-10-24T17:30:05.000Z,433044,Buta Musou,,Katagiri,PogU,0,2022-04-08T04:37:25.000Z,,,,False,False,False,-1,0,172,False,https://cdn.scoresaber.com/covers/4062DD753CF89880B26426EA7AE5CEF3A6D1A71A.png,4062dd753cf89880b26426ea7ae5cef3a6d1a71a,,2022-04-08T04:28:50.294754Z,4,21.0,-0.38,2005,16,141,9.179,764.5,Standard,4986,False,False,False,False,218.429,,1837355,0,0,8,0.0,1508973.0
721,576765,288383,45.22994,4.702103197030637e-15,NF,0.5,48,41,127,False,2023-10-24T17:24:25.000Z,549890,Paqqin,,owl*tree,ani,997395,2023-02-16T15:25:39.000Z,2023-03-03T17:52:38.000Z,2023-02-16T23:14:44.000Z,,True,False,False,-1,12.23,2515,False,https://cdn.scoresaber.com/covers/6DBBE487D966CFBFFA21BCC66FBC6677C679BC09.png,6dbbe487d966cfbffa21bcc66fbc6677c679bc09,,2023-02-16T15:06:04.219779Z,5,18.0,0.0,1092,0,70,7.851,255.031,Standard,3514,False,False,False,False,139.095,11.27,997395,30,145,0,2.1267584547550386e-13,0.5782713969891567
65,980984,980984,0,8.205981059034068e-16,,1,3,13,334,False,2023-10-24T17:10:42.000Z,519180,Out of This Planet,,Lusumi,Cat Using A Toaster,1213595,2022-09-11T21:23:27.000Z,,,,False,False,False,-1,0,106,False,https://cdn.scoresaber.com/covers/F4F0E5BFD9B1C732ABDE5D4DCE3921B7AC13D2EA.png,f4f0e5bfd9b1c732abde5d4dce3921b7ac13d2ea,,2022-09-11T20:49:26.374301Z,4,20.0,-0.4,1327,6,49,8.996,504.0,Standard,5686,False,False,False,False,147.512,,1213595,3,41,0,0.0,0.8083289730099416
71,526059,263030,0,7.918771721967875e-16,NF,0.5,36,64,73,False,2023-10-12T19:26:07.000Z,545559,Nornir,,！すでのな,Uragirimono,1098595,2023-01-19T15:51:35.000Z,,,,False,False,False,-1,0,93,False,https://cdn.scoresaber.com/covers/DBD2FAA10EA669624E2359927275A61B0B8CD074.png,dbd2faa10ea669624e2359927275a61b0b8cd074,,2023-01-19T15:13:39.518813Z,5,21.0,-0.414,1202,42,114,10.199,436.063,Standard,3998,False,False,False,False,117.855,,1098595,3,81,2,0.0,0.47884707285214295
48,1120119,1120119,0,7.641614711698999e-16,,1,18,7,244,False,2023-10-12T19:16:36.000Z,544224,心という名の不可解,名为心的不可解,Ado,staryouh,1380115,2023-01-10T09:04:06.000Z,,,,False,False,False,-1,0,107,False,https://cdn.scoresaber.com/covers/2491C65C3BA53C58128736A6A54914155AC6C57C.png,2491c65c3ba53c58128736a6a54914155ac6c57c,,2023-01-10T06:50:42.415016Z,4,18.0,-0.7,1508,36,16,5.815,657.0,Standard,0,False,False,False,False,259.342,,1380115,7,45,9,0.0,0.8116128003825768
92,532381,266191,0,7.374158196789534e-16,NF,0.5,5,8,175,False,2023-10-12T19:06:34.000Z,415212,Nightcore - Cherry Gum,,Dolly Style,thelitlewiseowl,636755,2022-01-31T17:34:51.000Z,,,,False,False,False,-1,0,190,False,https://cdn.scoresaber.com/covers/21D0BA54C5FE137EE9C8EC9E380AB7CD55AF0990.png,21d0ba54c5fe137ee9c8ec9e380ab7cd55af0990,,2021-11-02T16:14:14.123213Z,4,18.0,-0.5,700,116,31,4.186,419.0,Standard,2226,False,False,False,False,167.239,,636755,7,23,22,0.0,0.836084522304497
340,702359,702359,0,7.1160626599019e-16,,1,4,4,213,False,2023-10-12T19:02:22.000Z,564788,Sensitive Ghost,ft.Miku Hatsune,Wataru Sena,Gabriel,807875,2023-06-27T17:26:14.000Z,,,,False,False,False,-1,0,1064,False,https://cdn.scoresaber.com/covers/EE945978CBA4DC7EFB0CDBCA8687144DF923489A.png,ee945978cba4dc7efb0cdbca8687144df923489a,,2023-06-27T15:56:14.298181Z,6,18.0,-0.8,886,5,182,6.144,336.5,Standard,3604,False,False,False,False,144.214,,807875,0,4,1,0.0,0.869390685440198
193,906767,906767,0,7.154214770991968e-21,,1,9,11,150,False,2023-10-12T18:58:30.000Z,369970,"You're Gonna Go Far, Kid",,The Offspring,abcbadq,1084795,2021-07-22T13:33:00.000Z,,,,False,False,False,-1,0,422,False,https://cdn.scoresaber.com/covers/B23C3DB5BD49A9EEC6103074167D7D202DE71579.png,b23c3db5bd49a9eec6103074167d7d202de71579,1a841,2021-07-22T13:20:11.481Z,7,16.0,-0.94,1187,0,112,6.848,364.375,Standard,4798,False,False,False,False,173.333,,1084795,0,51,0,0.0,0.835887886651395
370,770472,770472,0,9.550908362166195e-18,,1,3,1,385,False,2023-10-12T18:54:13.000Z,546817,C'est La Vie,(with bbno$ & Rich Brian),"Yung Gravy, bbno$ & Rich Brian",Olaf,853875,2023-01-27T13:52:05.000Z,,,,False,False,False,-1,0,1641,False,https://cdn.scoresaber.com/covers/5D882DA17BCFFED315A237709D8BAA7F9A8D5559.png,5d882da17bcffed315a237709d8baa7f9a8d5559,,2023-01-27T12:37:15.953584Z,4,16.0,-0.8,936,4,5,5.891,376.0,Standard,4011,False,False,False,False,158.873,,853875,0,11,1,0.0,0.9023241106719367
47,395626,395626,0,6.867000466805333e-16,,1,0,0,456,True,2023-10-12T18:49:14.000Z,411294,Yowanehaki,"feat.Wanuka,asmi",MAISONdes,Gabriel x Marsh,412275,2022-01-18T10:59:48.000Z,,,,False,False,False,-1,0,307,False,https://cdn.scoresaber.com/covers/13A1B008E40284318053124031D54548A20D992A.png,13a1b008e40284318053124031d54548a20d992a,,2022-01-18T07:46:56.747878Z,4,12.0,-0.2,456,17,75,2.816,291.5,Standard,20270,True,False,False,False,161.944,,412275,0,0,1,0.0,0.9596167606573283
146,678830,678830,0,6.626655450467146e-16,,1,0,1,492,False,2023-10-12T18:44:54.000Z,305913,Yoake to Hotaru,feat. Hanatan,n-buna,Uninstaller,718635,2020-11-10T05:28:03.000Z,,,,False,False,False,-1,0,746,False,https://cdn.scoresaber.com/covers/D79DCCEDA40C451637EC99878F98886DED35748A.png,d79dcceda40c451637ec99878f98886ded35748a,10cab,2020-11-10T04:54:35.846Z,4,16.0,0.0,789,12,280,2.683,784.938,Standard,2875,False,False,False,False,294.352,,718635,0,0,0,0.0,0.944610268077675
96,512751,512751,0,6.394722509700795e-16,,1,0,0,593,True,2023-10-12T18:38:18.000Z,569026,Need U Now,,ellis,Kassi,538315,2023-08-09T11:51:14.000Z,,,,False,False,False,-1,0,240,False,https://cdn.scoresaber.com/covers/578DBD039BBD576A2F122F96C97578F95C4B1536.png,578dbd039bbd576a2f122f96c97578f95c4b1536,,2023-08-09T11:18:11.796165Z,6,14.0,-1.003,593,0,112,3.165,393.5,Standard,1948,False,False,False,False,187.381,,538315,0,0,0,0.0,0.9525110762286022
289,200393,200393,166.0263,4.338337768267998e-13,,1,0,0,236,True,2023-10-12T18:33:54.000Z,434308,Antithesis,,Takayan,EOP Glacier,209875,2022-04-09T22:41:08.000Z,2022-08-11T05:19:13.000Z,2022-07-10T03:35:03.000Z,,True,False,False,-1,3.8,2081,False,https://cdn.scoresaber.com/covers/E370C49C81AC28F2BF58160A03AA48355E016F89.png,e370c49c81ac28f2bf58160a03aa48355e016f89,,2022-04-09T22:34:12.435068Z,8,14.0,-1.25,236,0,46,2.762,281.943,Standard,1257,False,False,False,False,85.437,2.25,209875,0,0,0,7.202781678157931e-11,0.9548207266229899
297,473387,473387,203.9307,7.267195085338191e-09,,1,1,0,438,False,2023-10-12T18:31:19.000Z,347387,Falling,(PSYQUI Remix),INTERSECTION,nolan121405,499675,2021-04-11T04:20:35.000Z,2021-04-22T16:20:17.000Z,2021-04-11T04:49:00.000Z,,True,False,False,-1,4.92,869,False,https://cdn.scoresaber.com/covers/19AF73336A1C2FE788FF3DF0D93DB6E0BEAA0640.png,19af73336a1c2fe788ff3df0d93db6e0beaa0640,16858,2021-04-10T21:05:24.203Z,6,14.0,0.0,551,16,33,3.314,388.0,Standard,3290,False,False,False,False,166.286,2.55,499675,3,0,1,1.482004180789577e-06,0.9473898033721919
25,773777,773777,0,6.170907221861267e-16,,1,2,1,531,False,2023-10-12T18:27:30.000Z,552644,Kyrie (feat. Hatsune Miku),,wotaku,Comyute,829035,2023-03-09T03:33:54.000Z,,,,False,False,False,-1,0,135,False,https://cdn.scoresaber.com/covers/9C12AC1792507EDE5A79262C94F1C7AD0635FF06.png,9c12ac1792507ede5a79262c94f1c7ad0635ff06,,2023-03-09T02:00:35.375020Z,5,16.0,-0.786,909,39,332,3.851,436.647,Standard,2933,False,False,False,False,236.025,,829035,0,0,3,0.0,0.9333466017719396
169,1366292,683146,0,5.954925469096123e-16,NF,0.5,1226,767,116,False,2023-10-11T16:07:46.000Z,86041,Ultimate Stream Challenge,,Beatsaver desc.,BananenTropfen,7159555,2018-11-06T19:42:46.000Z,,,,False,False,False,-1,0,246,False,https://cdn.scoresaber.com/covers/AF9AE9A1B671D30A1200F117493EE8494EFEFD8A.png,af9ae9a1b671d30a1200f117493ee8494efefd8a,19e0,2018-10-12T17:07:29Z,1,19.0,0.0,7790,0,1,17.167,2117.595,Standard,12,False,False,False,False,453.77,,7159555,8,0,0,0.0,0.19083476556853043
225,1068415,1068415,0,5.746503077677759e-16,,1,14,29,171,False,2023-10-11T15:44:19.000Z,569811,Cha Cha Cha,(Camellia Remix),Kaarija,abcbadq,1407715,2023-08-17T14:19:14.000Z,,,,False,False,False,-1,0,479,False,https://cdn.scoresaber.com/covers/45002F90D4CD26891819EFEEB1887FF9A3CCB571.png,45002f90d4cd26891819efeeb1887ff9a3ccb571,,2023-08-17T13:29:51.355994Z,4,18.0,-0.5,1538,0,312,7.457,550.0,Standard,6187,False,False,False,False,206.25,,1407715,80,32,0,0.0,0.7589710985533293
52,1108542,554271,0,5.545375469959037e-16,NF,0.5,37,113,191,False,2023-10-11T15:39:41.000Z,574123,with U,,t+pazolite & Massive New Krew feat. Lily,Ysan & Komeijisan,1741675,2023-10-02T16:40:20.000Z,,,,False,False,False,-1,0,74,False,https://cdn.scoresaber.com/covers/A8A1C4368D569C5D12F69445871FBCBA20516471.png,a8a1c4368d569c5d12f69445871fbcba20516471,,2023-10-02T16:29:13.703345Z,3,20.0,-1.597,1901,274,452,7.934,1238.0,Standard,8881,False,False,False,False,239.613,,1741675,0,0,92,0.0,0.6364803996153129
122,1269320,1269320,0,5.351287328510471e-16,,1,8,29,404,False,2023-10-11T15:29:34.000Z,395118,Sake Monster☆RaiRai!!,,ShinRa-Bansho x COOL&CREATE,Kival Evan,1611035,2021-11-13T11:48:17.000Z,,,,False,False,False,-1,0,350,False,https://cdn.scoresaber.com/covers/209E8D696A4EBD2DDCA491C2851397401409A9B6.png,209e8d696a4ebd2ddca491c2851397401409a9b6,,2021-11-13T10:48:52.779463Z,6,16.0,-0.25,1759,0,0,6.624,672.719,Standard,6440,False,False,False,True,265.547,,1611035,48,28,0,0.0,0.7878910141617035
604,459275,459275,0,5.163992272012604e-16,,1,2,1,198,False,2023-10-11T15:24:18.000Z,564352,fall at the same time,,aldn,GojiCrafter & GalaxyMaster,507035,2023-06-23T18:46:34.000Z,,,,False,False,False,-1,0,1523,False,https://cdn.scoresaber.com/covers/4CAC1A9396B70D91AD8E803A58E4363C35ACAF50.png,4cac1a9396b70d91ad8e803a58e4363c35acaf50,,2023-06-23T13:39:37.870368Z,3,16.0,-0.875,559,0,0,3.955,318.0,Standard,2423,False,False,False,False,141.333,,507035,0,0,0,0.0,0.9058053191594269
24,887122,443561,0,4.983252542492162e-16,NF,0.5,80,219,103,False,2023-10-11T15:21:41.000Z,279289,Dies Irae,,Gram vs Kobaryo,ekuret,2036995,2020-07-15T15:11:52.000Z,,,,False,False,False,-1,0,29,False,https://cdn.scoresaber.com/covers/724BA539E26F9B7383A5709B4F8B062726DA6765.png,724ba539e26f9b7383a5709b4f8b062726da6765,c065,2020-07-15T13:04:50.053Z,5,24.0,-0.2,2222,150,14,10.48,784.5,Standard,4125,False,False,False,False,212.027,,2036995,0,0,5,0.0,0.43550524178998967
1,1124578,562289,0,4.808838703504937e-16,NF,0.5,78,221,58,False,2023-07-31T21:25:18.000Z,568216,"1,000,000 TIMES",feat. chelly (EGOIST),MY FIRST STORY,Xhera & VRMasked,0,2023-07-31T21:25:17.000Z,,,,False,False,False,-1,0,1,False,https://cdn.scoresaber.com/covers/8A8641BA63B6288555ED8A4574E2BFB95155711B.png,8a8641ba63b6288555ed8a4574e2bfb95155711b,f0be,2020-09-23T06:06:03.831Z,7,21.0,-0.1,2301,11,73,7.441,1030.834,Standard,8609,False,False,False,False,309.25,8.11,2109675,0,0,2,0.0,1124578.0
1,667917,667917,0,4.640529348882264e-16,,1,16,28,115,False,2023-07-31T21:19:07.000Z,568215,true Hero,,Kobaryo,"Cerret, Complex & Daan",0,2023-07-31T21:19:06.000Z,,,,False,False,False,-1,0,1,False,https://cdn.scoresaber.com/covers/09F435B861416442FE61B5B2D512AFCA5C29BCF2.png,09f435b861416442fe61b5b2d512afca5c29bcf2,138ba,2021-02-03T15:37:01.829Z,7,19.0,-1.0,965,86,122,7.308,592.0,Standard,4217,False,False,False,False,132.045,6.87,880555,0,0,2,0.0,667917.0
1,373101,186551,0,4.478110821671384e-16,NF,0.5,96,410,38,False,2023-07-31T21:11:47.000Z,568213,Sister's Noise,"(takehirotei ""20001th noise"" remix)",fripside,anammelech,0,2023-07-31T21:11:46.000Z,,,,False,False,False,-1,0,1,False,https://cdn.scoresaber.com/covers/F8C2ADB72DE335490F2C5F4D0A39CCDCC70AD366.png,f8c2adb72de335490f2c5f4d0a39ccdcc70ad366,,2023-03-11T18:28:33.268202Z,5,22.5,-1.222,1485,87,207,10.718,896.0,Standard,2057,False,False,False,False,138.557,,1358955,0,0,7,0.0,373101.0
1,310716,155358,0,4.321376942912886e-16,NF,0.5,157,236,32,False,2023-07-31T21:08:31.000Z,568212,Diabolic Swing,,t+pazolite,HOFNutCollector,0,2023-07-31T21:08:31.000Z,,,,False,False,False,-1,0,1,False,https://cdn.scoresaber.com/covers/D7608F5B0943E191E2B84A610976BA72DD63052A.png,d7608f5b0943e191e2b84a610976ba72dd63052a,,2023-01-08T14:12:27.339014Z,4,19.0,-1.9,1261,705,486,8.581,627.0,Standard,5967,False,False,False,True,146.953,,1152875,14,59,184,0.0,310716.0
1,569501,284751,0,4.170128749910935e-16,NF,0.5,30,237,45,False,2023-07-31T20:55:24.000Z,568209,The Daybreak Will Never Come Again,,seatrus,Chrisvenator,0,2023-07-31T20:55:24.000Z,,,,False,False,False,-1,0,1,False,https://cdn.scoresaber.com/covers/FC1E2C662CF67559F122CBDDDF378FC4ED98CA04.png,fc1e2c662cf67559f122cbdddf378fc4ed98ca04,,2023-03-29T10:34:24.513648Z,5,21.4,-0.378,1461,6,65,9.662,504.021,Standard,6352,False,False,False,False,151.206,,1336875,1,38,1,0.0,569501.0
1,725152,362576,0,4.024174243664052e-16,NF,0.5,37,139,71,False,2023-07-31T20:52:28.000Z,568208,Haruzake,,Yunosuke,abcbadq,0,2023-07-31T20:52:28.000Z,,,,False,False,False,-1,0,1,False,https://cdn.scoresaber.com/covers/369521362D559292EC2A851F9A5286B1EB1036D6.png,369521362d559292ec2a851f9a5286b1eb1036d6,,2023-05-18T03:59:30.356605Z,5,20.0,0.03,1439,788,193,6.47,949.0,Standard,8303,False,False,False,False,222.422,,1316635,4,8,4,0.0,725152.0
1,649353,649353,0,3.88332814513581e-16,,1,12,22,170,False,2023-07-31T20:47:20.000Z,568207,We are human beings,,Nyarons,altrewin,0,2023-07-31T20:47:19.000Z,,,,False,False,False,-1,0,1,False,https://cdn.scoresaber.com/covers/6FF24C5F5205C87EC3F0DA826139D01F2FC4EA05.png,6ff24c5f5205c87ec3f0da826139d01f2fc4ea05,14029,2021-02-13T22:13:34.610Z,1,19.0,-0.325,883,12,427,5.404,479.333,Standard,2717,False,False,False,False,163.409,,805115,0,0,6,0.0,649353.0
310,998010,499005,0,3.747411660056057e-16,NF,0.5,16,107,90,False,2023-07-19T19:47:02.000Z,314090,Heartless Angel,,Matatabi Sound System (feat. Kobaryo),WDG_Doctor,1691995,2020-12-20T20:31:48.000Z,,,,False,False,False,-1,0,413,False,https://cdn.scoresaber.com/covers/114F314197A30C2A8E1C8E699E3C3388F298D64E.png,114f314197a30c2a8e1c8e699e3c3388f298d64e,11cd9,2020-12-20T18:46:29.116Z,3,24.0,-0.3,1847,836,36,10.59,639.5,Standard,0,False,False,False,False,174.409,,1691995,5,1,401,0.0,0.5898421685643279
3,993026,993026,0,3.616252251954094e-16,,1,4,28,378,False,2023-07-19T19:39:38.000Z,557896,Sister's Noise,"(takehirotei ""20001th noise"" remix)",fripside,Chrisvenator,1320315,2023-04-22T12:41:37.000Z,,,,False,False,False,-1,0,11,False,https://cdn.scoresaber.com/covers/6233606DC1EBF0107221678C60FE6BAAB1877925.png,6233606dc1ebf0107221678c60fe6baab1877925,,2023-04-20T18:15:53.681013Z,5,22.5,-0.968,1443,165,208,10.415,896.0,Standard,6696,False,False,False,False,138.557,,1320315,0,0,6,0.0,0.7521129427447238
3,1187125,593563,0,3.489683423135701e-16,NF,0.5,52,150,294,False,2023-07-19T19:20:10.000Z,564638,KOKUSHIMUSOU,,Laur,HOFNutCollector,1961555,2023-06-26T08:58:39.000Z,,,,False,False,False,-1,0,7,False,https://cdn.scoresaber.com/covers/6259FAFF0DCAD31A500C7A5165FEB7A5660815D9.png,6259faff0dcad31a500c7a5165feb7a5660815d9,,2023-04-30T03:07:44.580096Z,2,19.0,-1.28,2140,328,226,11.429,1061.0,Standard,10891,False,False,False,False,187.235,,1961555,0,0,3,0.0,0.6051958777602463
441,610753,610753,234.6988,8.60412736971971e-07,,1,0,0,721,True,2023-07-19T19:01:47.000Z,551334,99.9,(Schwank Bootleg),MOB CHOIR,Voidless & Dailyy,656075,2023-02-26T21:55:03.000Z,2023-04-03T13:02:27.000Z,2023-02-27T15:18:05.000Z,,True,False,False,-1,6.14,1422,False,https://cdn.scoresaber.com/covers/AE64EE8C3A8CFECCA94968F8DB9F01ED6C09DB87.png,ae64ee8c3a8cfecca94968f8db9f01ed6c09db87,,2023-02-26T21:44:46.987299Z,5,17.0,-1.1807337,721,0,145,5.914,508.0,Standard,4728,False,False,False,False,121.92,5.15,656075,0,0,0,0.00020193783687203723,0.9309194832907823
511,295771,295771,187.1857,9.082938217728818e-11,,1,0,0,343,True,2023-07-19T18:54:34.000Z,373271,Chemical Cookie,,YUC'e,Cobayo,308315,2021-08-09T20:31:22.000Z,2021-08-25T01:27:03.000Z,2021-08-09T21:48:14.000Z,,True,False,False,-1,4.11,2425,False,https://cdn.scoresaber.com/covers/C95142C3F8CDB0290C102ADD4FBE26A45090D6B8.png,c95142c3f8cdb0290c102add4fbe26a45090d6b8,,2021-08-09T20:27:36.592504Z,4,16.0,0.1,343,18,66,3.482,295.5,Standard,2890,False,False,False,False,98.5,2.49,308315,0,0,0,1.700196148342321e-08,0.9593143376092632
1401,96319,96319,158.3916,1.437705967417306e-13,,1,0,0,117,True,2023-07-19T18:46:30.000Z,406652,Teetee no Uta,,Tsunomaki Watame,Rusty,100395,2022-01-02T23:39:53.000Z,2022-01-12T15:46:54.000Z,,,True,False,False,-1,3.48,5783,False,https://cdn.scoresaber.com/covers/9C9D82DC9D5FC7307BA838B5079F98E1938DDD88.png,9c9d82dc9d5fc7307ba838b5079f98e1938ddd88,,2022-01-02T23:37:08.104220Z,4,14.0,-0.8,117,0,0,2.91,67.0,Standard,137,False,False,False,False,40.2,2.01,100395,0,0,0,2.2772054850877498e-11,0.9594003685442503
1,155455,77728,0,3.249680445709543e-16,NF,0.5,68,271,33,False,2023-07-14T18:47:54.000Z,566421,OZ,ft. Mayumi Morinaga,Hommarju,Anammelech & Spectral,0,2023-07-14T18:47:53.000Z,,,,False,False,False,-1,0,1,False,https://cdn.scoresaber.com/covers/DB1AFC29F76CFD1B63E97DAF38597E2122836C19.png,db1afc29f76cfd1b63e97daf38597e2122836c19,,2023-04-22T03:33:08.945815Z,3,20.0,-0.6035383,881,0,4,7.882,372.582,Standard,1161,False,False,False,False,111.775,,803275,0,7,0,0.0,155455.0
1,616834,616834,0,3.135941630109709e-16,,1,6,36,64,False,2023-07-13T13:35:04.000Z,566315,Kyrie (feat. Hatsune Miku),,wotaku,Comyute,0,2023-07-13T13:35:03.000Z,,,,False,False,False,-1,0,1,False,https://cdn.scoresaber.com/covers/9C12AC1792507EDE5A79262C94F1C7AD0635FF06.png,9c12ac1792507ede5a79262c94f1c7ad0635ff06,,2023-03-09T02:00:35.375020Z,5,16.0,-0.786,909,39,332,3.851,436.647,Standard,2933,False,False,False,False,236.025,,829035,0,0,3,0.0,616834.0
2,80369,80369,0,2.920267244498913e-16,,1,3,9,46,False,2023-07-13T12:15:17.000Z,559937,Ending,,Thaehan,FatBeanzoop,0,2023-05-08T02:37:41.000Z,,,,False,False,False,-1,0,2,False,https://cdn.scoresaber.com/covers/4E4BA05CF67B325ED35A85557837B4C96C5B468A.png,4e4ba05cf67b325ed35a85557837b4c96c5b468a,12abd,2021-01-13T10:53:39.366Z,6,19.0,-0.35,146,0,20,5.262,80.0,Standard,2379,False,False,False,False,27.746,2.72,127075,0,0,0,0.0,80369.0
1,35585,17793,0,2.818057890941451e-16,NF,0.5,13,16,22,False,2023-07-06T20:20:39.000Z,565698,Magnetism,,M2U,squeaksies,0,2023-07-06T20:20:39.000Z,,,,False,False,False,-1,0,1,False,https://cdn.scoresaber.com/covers/75B10748149340DEA74FF1870B2A59F609ACE7F5.png,75b10748149340dea74ff1870b2a59f609ace7f5,41f3,2019-03-30T08:41:39Z,6,10.0,0.0,156,0,0,1.625,256.0,Standard,644,False,False,False,False,96.0,1.21,136275,84,3,0,0.0,35585.0
119,747232,373616,0,2.719425864758501e-16,NF,0.5,14,97,83,False,2023-06-30T21:07:15.000Z,371515,Towards the 300,,takehirotei vs Finite Limit,ThySpoon,1459235,2021-07-31T13:42:34.000Z,,,,False,False,False,-1,0,175,False,https://cdn.scoresaber.com/covers/7B81A66894605A4E0511391EBDADBA42D75F3BE7.png,7b81a66894605a4e0511391ebdadba42d75f3be7,1acad,2021-07-31T08:28:15.013Z,4,22.0,-2.0,1594,0,128,12.168,655.0,Standard,6612,False,False,False,False,131.0,,1459235,0,0,0,0.0,0.5120710509273695
225,169854,169854,0,5.876945964775471e-17,,1,0,0,200,True,2023-06-30T20:58:26.000Z,356942,[SQUAT] Teruteru boot camp,,teruteru_VR,rindoblue,176755,2021-05-18T13:32:33.000Z,,,,False,False,False,-1,0,1131,False,https://cdn.scoresaber.com/covers/2E9617506F6CB35A3F5668BB155DCB8460080C21.png,2e9617506f6cb35a3f5668bb155dcb8460080c21,180d4,2021-05-18T13:17:35.642Z,3,10.0,0.0,200,0,200,0.87,460.0,Standard,1267,False,True,False,False,230.0,,176755,198,0,0,0.0,0.9609572572204463
81,776400,776400,0,2.624245959491953e-16,,1,5,25,183,False,2023-06-18T19:41:29.000Z,552610,😲🙌👾🤖🤸👺🌠🤲👻🖐️🛸😀,(feat. Choko),RISH,Jabob,1064555,2023-03-09T01:11:01.000Z,,,,False,False,False,-1,0,219,False,https://cdn.scoresaber.com/covers/6E2635380B0136E50BE6879F0E199B172E3DE0B2.png,6e2635380b0136e50be6879f0e199b172e3de0b2,,2023-03-08T18:26:58.763815Z,5,17.0,-0.3,1165,360,215,9.817,395.589,Standard,6340,False,False,False,True,118.677,,1064555,4,21,48,0.0,0.7293188233581168
76,813368,406684,0,2.532397350909734e-16,NF,0.5,83,98,145,False,2023-06-16T20:29:28.000Z,563250,Bookmaker,(2D Version),Kobaryo,Astellic,1609195,2023-06-11T13:23:07.000Z,,,,False,False,False,-1,0,118,False,https://cdn.scoresaber.com/covers/B17BEF1FB6DF6C12A4184624259BC95C171AC7D7.png,b17bef1fb6df6c12a4184624259bc95c171ac7d7,,2023-06-11T09:08:06.330580Z,3,20.0,-0.6,1757,10,152,12.086,424.0,Standard,9196,False,False,False,False,145.371,,1609195,0,25,1,0.0,0.5054502406482745
54,572811,572811,0,2.443763443627894e-16,,1,6,15,133,False,2023-06-15T16:03:04.000Z,557846,OZ,ft. Mayumi Morinaga,Hommarju,Anammelech & Spectral,803275,2023-04-22T03:39:16.000Z,,,,False,False,False,-1,0,96,False,https://cdn.scoresaber.com/covers/DB1AFC29F76CFD1B63E97DAF38597E2122836C19.png,db1afc29f76cfd1b63e97daf38597e2122836c19,,2023-04-22T03:33:08.945815Z,3,20.0,-0.6035383,881,0,4,7.882,372.582,Standard,1161,False,False,False,False,111.775,,803275,0,7,0,0.0,0.7130945193115683
51,1218236,1218236,0,2.358231723100917e-16,,1,7,5,403,False,2023-06-15T15:49:21.000Z,562578,Hedonism,,Akatsuki Records,Chrisvenator,1374595,2023-06-04T11:57:01.000Z,,,,False,False,False,-1,0,121,False,https://cdn.scoresaber.com/covers/ED1C809014B085571EC4685AAA396DD4FCDDBAF5.png,ed1c809014b085571ec4685aaa396dd4fcddbaf5,,2023-06-04T11:45:38.954873Z,,20.0,-0.604,1502,47,287,7.134,579.0,Standard,6309,False,False,False,False,210.545,,1374595,0,0,12,0.0,0.8862508593440249
143,980303,980303,0,2.275693612792385e-16,,1,8,21,207,False,2023-06-15T15:44:46.000Z,439903,Eventide,,Wisp X,Shark,1228315,2022-04-18T02:58:45.000Z,,,,False,False,False,-1,0,279,False,https://cdn.scoresaber.com/covers/FA65E7975A91C7B8FC62FD2BD10BB21C3F4D8E38.png,fa65e7975a91c7b8fc62fd2bd10bb21c3f4d8e38,,2022-04-17T18:27:23.352463Z,4,19.0,-0.5,1343,0,167,6.373,576.0,Standard,0,False,False,False,False,210.732,,1228315,0,17,0,0.0,0.7980876241029378
110,1199655,1199655,0,2.196044336344652e-16,,1,7,17,290,False,2023-06-15T15:39:59.000Z,436405,After Ascension,,Srav3R,AllPoland,1432555,2022-04-13T02:10:30.000Z,,,,False,False,False,-1,0,332,False,https://cdn.scoresaber.com/covers/2189D231BCE8D0792CC56A11C46546A88F78AE81.png,2189d231bce8d0792cc56a11c46546a88f78ae81,,2022-04-12T23:02:39.569810Z,4,20.0,-0.45,1565,35,86,6.598,672.0,Standard,10031,False,False,False,False,237.176,,1432555,0,8,2,0.0,0.8374233450024606
306,996718,498359,0,2.045011387112548e-16,NF,0.5,44,107,85,False,2023-06-15T15:25:42.000Z,368019,(The) Red * Room ,,Camellia,Aimedhades16,1753635,2021-07-12T04:49:00.000Z,,,,False,False,False,-1,0,400,False,https://cdn.scoresaber.com/covers/BA708894AB448EE1C17F0A7FB552483A183EE25B.png,ba708894ab448ee1c17f0a7fb552483a183ee25b,1a31e,2021-07-12T03:53:22.305Z,7,21.0,0.25,1914,167,297,9.073,956.375,Standard,8421,False,False,False,False,210.965,,1753635,12,68,16,0.0,0.5683725518708284
64,991427,991427,0,1.973435988563609e-16,,1,8,14,183,False,2023-06-15T15:20:34.000Z,541624,Holy Moly Holy Night,,CHANMINA & SKY-HI,Ge2toro,1172195,2022-12-24T08:45:07.000Z,,,,False,False,False,-1,0,117,False,https://cdn.scoresaber.com/covers/488B9870A8FA2B99FAB0E8B1C97B17D42D83934B.png,488b9870a8fa2b99fab0e8b1c97b17d42d83934b,,2022-12-24T00:56:46.020234Z,5,18.0,-0.4,1282,44,254,5.372,716.0,Standard,4744,False,False,False,False,238.667,,1172195,0,7,4,0.0,0.8457867504979973
198,670167,335084,0,2.48946489557971e-20,NF,0.5,68,66,56,False,2023-06-15T15:15:31.000Z,534211,BLACK DREAM DAY,,Uki Mizusaki,BigSlick,1247635,2022-10-28T14:20:44.000Z,,,,False,False,False,-1,0,481,False,https://cdn.scoresaber.com/covers/65A0E361C1D29620F427E8CAFB499100ADFAAFE1.png,65a0e361c1d29620f427e8cafb499100adfaafe1,,2022-10-27T15:36:22.654194Z,4,18.0,-0.8,1364,108,279,6.0,511.5,Lawless,5534,False,False,False,False,227.333,,1247635,114,239,10,0.0,0.5371498875873152
95,919770,919770,0,1.904365728963882e-16,,1,6,16,369,False,2023-06-15T15:10:16.000Z,361434,Tunnel Adventure,,Kikuo,Aimedhades16,1093995,2021-06-10T20:19:30.000Z,,,,False,False,False,-1,0,157,False,https://cdn.scoresaber.com/covers/0905E64A5455F74BCEF1ABAFAD0A191505F84C82.png,0905e64a5455f74bcef1abafad0a191505f84c82,19043,2021-06-10T17:46:32.611Z,7,21.0,0.15,1197,0,702,5.281,967.0,Standard,5167,False,False,False,False,226.641,,1093995,0,13,0,0.0,0.8407442447177547
112,1247629,1247629,0,2.974879917222588e-20,,1,17,19,260,False,2023-06-15T15:04:03.000Z,259610,P!NGPONG QUEST,,Pinky Pop Hepburn,Eku,1541115,2020-06-01T15:35:18.000Z,,,,False,False,False,-1,0,205,False,https://cdn.scoresaber.com/covers/C7065F007D9488A48F792D6CF8634992D490F2A4.png,c7065f007d9488a48f792d6cf8634992d490f2a4,ad37,2020-06-01T15:29:03.769Z,4,20.0,-0.1,1683,91,142,7.868,713.0,Standard,2138,False,False,False,False,213.9,,1541115,1,1,17,0.0,0.809562556979849
101,724004,724004,0,1.837712928450146e-16,,1,7,7,248,False,2023-06-15T14:59:11.000Z,490362,Pretty Woman,,MAGNUS & The Saint,Pixelguy,847435,2022-07-17T18:45:03.000Z,,,,False,False,False,-1,0,423,False,https://cdn.scoresaber.com/covers/2A8730504B7F697B91F15ACA57D3AC69B83AD22B.png,2a8730504b7f697b91f15aca57d3ac69b83ad22b,,2022-07-15T14:23:54.738418Z,3,21.0,0.2,929,45,76,5.132,380.167,Standard,10915,True,False,False,False,181.032,,847435,0,1,13,0.0,0.8543475310790798
46,957396,957396,0,1.773392975954391e-16,,1,2,5,357,False,2023-06-15T14:54:55.000Z,510907,SLEEPWALK,,HITORIE,mux,1061795,2022-08-25T02:20:30.000Z,,,,False,False,False,-1,0,156,False,https://cdn.scoresaber.com/covers/CB97FDD4CC6E85A7F755845CFD248F1C3608B012.png,cb97fdd4cc6e85a7f755845cfd248f1c3608b012,,2022-08-24T21:30:22.208723Z,5,16.0,-0.65,1162,84,149,4.809,515.5,Standard,4801,False,False,False,False,241.641,,1061795,0,0,15,0.0,0.9016768773633328
68,1005239,1005239,0,1.711324221795988e-16,,1,1,1,715,False,2023-06-15T14:48:33.000Z,546837,大切なもの,feat. 星界,Mishi,misterlihao,1084795,2023-01-27T15:56:34.000Z,,,,False,False,False,-1,0,269,False,https://cdn.scoresaber.com/covers/2148FF081BD687D5282AD4C134DB630C4EC7852D.png,2148ff081bd687d5282ad4c134db630c4ec7852d,,2023-01-27T14:51:54.143890Z,4,17.2,0.08,1187,12,142,5.206,798.0,Standard,1409,False,False,False,False,228.0,,1084795,0,0,4,0.0,0.9266626413285459
360,238735,238735,0,1.651427874033128e-16,,1,0,0,279,True,2023-06-15T14:43:02.000Z,445121,Comedy,,Gen Hoshino,WalkingKat,249435,2022-04-26T17:14:22.000Z,,,,False,False,False,-1,0,1745,False,https://cdn.scoresaber.com/covers/22764074B18EE322C6E019CA514B8CDA15CE2A0B.png,22764074b18ee322c6e019ca514b8cda15ce2a0b,,2022-04-26T17:10:36.631370Z,6,13.0,-1.8,279,0,45,3.35,244.25,Standard,872,False,False,False,False,83.272,,249435,0,0,0,0.0,0.957103052899553
917,614913,614913,194.8011,9.883172284254812e-10,,1,0,0,720,True,2023-06-15T14:40:30.000Z,406864,p.h.,feat. Nekomata Okayu,SEVENTHLINKS,TOFU,655155,2022-01-03T20:20:15.000Z,2022-01-12T15:55:53.000Z,,,True,False,False,-1,4.94,8434,False,https://cdn.scoresaber.com/covers/84BCFF4756AC66BF1746824B0B221EB1E6A4AFF2.png,84bcff4756ac66bf1746824b0b221eb1e6a4aff2,,2022-01-03T17:53:29.189678Z,6,16.0,-0.5,720,10,45,4.782,331.25,Standard,4252,False,False,False,False,150.568,3.99,655155,0,0,1,1.92525283246235e-07,0.9385763674245026
842,710359,710359,0,1.593627898441968e-16,,1,2,4,223,False,2023-06-15T14:33:02.000Z,347058,Galaxy,,Geoxor,Shan_Man,782115,2021-04-10T02:53:35.000Z,,,,False,False,False,-1,0,3045,False,https://cdn.scoresaber.com/covers/6F90D56F7B19ACA2F8E20ABF1B215D2CCE9DE522.png,6f90d56f7b19aca2f8e20abf1b215d2cce9de522,167ee,2021-04-10T02:37:30.253Z,5,17.0,-0.88,858,22,81,4.405,415.5,Standard,4703,False,False,False,False,194.766,,782115,0,0,0,0.0,0.9082539012805022
276,1305400,1305400,214.5754,4.633898586429976e-08,,1,1,2,685,False,2023-06-15T14:28:12.000Z,549015,Ghost House,,Schtiffles,Dereknalox123 & Elecast,1433475,2023-02-10T17:05:21.000Z,2023-03-03T17:53:26.000Z,2023-02-10T21:11:28.000Z,,True,False,False,-1,5.99,1576,False,https://cdn.scoresaber.com/covers/A34973C39C5A610B49EE98C1C89BDBDDBD696767.png,a34973c39c5a610b49ee98c1c89bdbddbd696767,,2023-02-10T16:51:26.207598Z,6,19.0,-1.6,1566,185,906,7.481,907.042,Standard,25671,True,False,False,False,209.317,5.55,1433475,0,0,7,9.943206427426467e-06,0.9106541795287675
530,752914,752914,183.8376,3.232350497792038e-11,,1,3,2,316,False,2023-06-15T14:20:49.000Z,321096,Rocket Cider,(Harutya Cover),NayutalieN,SmileEaglet,837315,2021-01-13T14:46:37.000Z,2021-01-22T05:18:45.000Z,2021-01-13T19:28:51.000Z,,True,False,False,-1,5.3,1841,False,https://cdn.scoresaber.com/covers/E2C9DE36B484437F7427AE748E3F3CDD3B2C3BD6.png,e2c9de36b484437f7427ae748e3f3cdd3b2c3bd6,12ac8,2021-01-13T14:36:08.411Z,6,16.0,0.75,918,69,5,4.93,614.479,Standard,4588,False,False,False,False,186.206,3.87,837315,0,0,1,5.942275578728936e-09,0.89920042039137
453,682288,682288,0,1.537850921996499e-16,,1,4,2,287,False,2023-06-15T14:15:46.000Z,453463,Boi,feat.KAFU,Police Piccadilly,Kanahebi,754515,2022-05-10T12:03:56.000Z,,,,False,False,False,-1,0,1891,False,https://cdn.scoresaber.com/covers/26BC22E684B4566D131680CC633814D486B79BD9.png,26bc22e684b4566d131680cc633814d486b79bd9,,2022-05-10T11:54:41.429575Z,7,16.0,-0.3,828,48,181,4.867,465.0,Standard,2686,False,False,False,False,170.122,,754515,0,15,2,0.0,0.9042736062238657
698,1198679,1198679,199.8115,3.090454394124947e-09,,1,1,2,739,False,2023-06-15T14:11:06.000Z,359718,You & DIE,,USAO,Timbo & eZconfirmed,1282595,2021-06-01T04:55:43.000Z,2021-06-14T10:02:51.000Z,2021-06-02T08:09:45.000Z,,True,False,False,-1,5.15,4154,False,https://cdn.scoresaber.com/covers/CD8960DBA038D58784817B3C55D90863FA08ADA9.png,cd8960dba038d58784817b3c55d90863fa08ada9,18958,2021-05-31T14:02:15.983Z,5,17.5,0.2,1402,161,132,5.653,868.0,Standard,7746,False,False,False,False,248.0,4.14,1282595,0,0,5,6.175083281716969e-07,0.9345732674772629
825,11643,11643,126.209,3.107023579220497e-14,,1,0,0,21,True,2023-06-15T13:56:59.000Z,299993,Naughty little demon,(ED version),Minari,Hoppaw,12075,2020-10-10T04:24:21.000Z,2021-01-22T05:02:30.000Z,2021-01-05T00:29:23.000Z,,True,False,False,-1,2.62,2235,False,https://cdn.scoresaber.com/covers/AE17294E266BF34F7B3D2A3F40329347F072AACC.png,ae17294e266bf34f7b3d2a3f40329347f072aacc,fc4c,2020-10-09T16:22:52.484Z,4,12.0,0.5,21,0,0,0.911,48.0,Standard,651,False,False,False,False,23.04,1.13,12075,0,0,0,3.921343389098397e-12,0.964223602484472
41,1739153,869577,0,1.439763217175447e-21,NF,0.5,35,132,159,False,2023-06-09T18:39:32.000Z,194658,Shinbatsu o Tadori-Kyou-Kotsu ni Itaru,,Imperial Circus Dead Decadence,cerret,2806115,2020-01-01T06:21:58.000Z,,,,False,False,False,-1,0,57,False,https://cdn.scoresaber.com/covers/4A5D7B795B0477AF1126286B7B5A538C810B6EEB.png,4a5d7b795b0477af1126286b7b5a538c810b6eeb,7b6f,2020-01-01T06:10:30.673Z,4,25.0,-0.1,3058,8,69,11.836,1076.5,Standard,7344,False,False,False,False,258.36,,2806115,7,0,0,0.0,0.6197725324870862
370,819855,819855,0,1.484026139726622e-16,,1,2,3,272,False,2023-06-09T18:21:54.000Z,64720,500 Squat Challenge!,,,DuoVR,914595,2018-08-21T02:49:03.000Z,,,,False,False,False,-1,0,1389,False,https://cdn.scoresaber.com/covers/8B5C0A80A23065101002EFBF44847330E1DD83EE.png,8b5c0a80a23065101002efbf44847330e1dd83ee,10f8,2018-08-21T00:06:14Z,3,10.0,0.0,1002,0,501,1.302,1539.5,Standard,0,False,False,False,False,769.75,,914595,998,0,0,0.0,0.8964131664835255
34,149573,149573,0,1.43208522483619e-16,,1,0,0,186,True,2023-06-08T15:55:33.000Z,557621,Requiem Harumachi,,takehirotei,Chrisvenator,163875,2023-04-19T22:41:33.000Z,,,,False,False,False,-1,0,109,False,https://cdn.scoresaber.com/covers/C9D2AB5A2444D114767EEAB338247B6C68D99612.png,c9d2ab5a2444d114767eeab338247b6c68d99612,,2023-04-19T19:56:19.142181Z,1,18.0,-0.333,186,0,10,6.347,97.687,Standard,780,False,False,False,False,29.306,,163875,0,0,0,0.0,0.9127261632341724
992,1091427,1091427,285.3827,0.001582864413424144,,1,3,5,346,False,2023-06-08T15:53:59.000Z,551337,99.9,(Schwank Bootleg),MOB CHOIR,Voidless & Dailyy,1273395,2023-02-26T22:00:48.000Z,2023-04-03T13:02:23.000Z,2023-02-27T15:18:02.000Z,,True,False,False,-1,8.96,2413,False,https://cdn.scoresaber.com/covers/AE64EE8C3A8CFECCA94968F8DB9F01ED6C09DB87.png,ae64ee8c3a8cfecca94968f8db9f01ed6c09db87,,2023-02-26T21:44:46.987299Z,5,20.0,0.086553,1392,51,46,11.415,508.083,Standard,5956,False,False,False,False,121.94,9.59,1273395,0,0,18,0.45172212003689843,0.8571001142614821
1039,883569,883569,247.062,3.981368325169932e-06,,1,29,35,131,False,2023-06-08T15:29:23.000Z,549762,VORACITY,,MYTH & ROID,Joshabi & Bitz,1250395,2023-02-15T15:19:27.000Z,2023-03-03T17:53:39.000Z,2023-02-15T22:00:36.000Z,,True,False,False,-1,9.51,2331,False,https://cdn.scoresaber.com/covers/78B222785FA5798BA4D1E9C531F0AB98A393EAF2.png,78b222785fa5798ba4d1e9c531f0ab98a393eaf2,,2023-02-15T11:40:17.221583Z,6,17.0,-0.4,1367,4,490,6.329,720.0,Standard,4296,False,False,False,False,216.0,10.11,1250395,2,156,2,0.0009836448211531337,0.7066319043182354
235,714574,357287,0,1.381962241966923e-16,NF,0.5,72,25,125,False,2023-06-08T15:24:41.000Z,420118,La Vecinita,,Vico C & Don Omar,Groovy,1203475,2022-02-21T18:03:18.000Z,,,,False,False,False,-1,0,429,False,https://cdn.scoresaber.com/covers/EADE3675DB4F2A2C5619AE7AE0817C5C0279E944.png,eade3675db4f2a2c5619ae7ae0817c5c0279e944,,2022-02-21T17:10:00.777611Z,4,12.0,-0.65,1316,109,9,4.998,412.5,Lawless,1704,False,False,False,False,263.298,,1203475,41,67,8,0.0,0.5937589064999272
123,849929,849929,0,1.333593563498081e-16,,1,1,0,660,False,2023-06-08T15:18:54.000Z,560073,Bubble tea (A Dark Cat Orchestration),,Rush Garcia,Pleo,913675,2023-05-09T08:57:30.000Z,,,,False,False,False,-1,0,632,False,https://cdn.scoresaber.com/covers/E78BEECB93BC53DC80BCA3CF48BD2D4DD7A12979.png,e78beecb93bc53dc80bca3cf48bd2d4dd7a12979,,2023-05-09T08:05:51.309209Z,4,15.0,-1.004,1001,0,40,5.276,332.0,Standard,3054,False,False,False,False,189.714,,913675,0,0,0,0.0,0.9302312091279722
103,842319,842319,0,1.286917788775648e-16,,1,13,12,132,False,2023-06-08T15:09:56.000Z,548656,Forbidden Pizza!,,Camellia feat. Nanahira,Dr_Marc,1051675,2023-02-08T12:58:36.000Z,,,,False,False,False,-1,0,252,False,https://cdn.scoresaber.com/covers/038169C7BEBFAA062CF13393E371F3A8AA9D31DC.png,038169c7bebfaa062cf13393e371f3a8aa9d31dc,,2023-02-08T12:12:36.980343Z,5,19.0,-0.8,1151,0,16,7.861,327.0,Standard,19488,True,False,False,False,146.418,,1051675,0,10,0,0.0,0.8009308959516961
59,703456,703456,0,1.198410017852603e-16,,1,13,2,310,False,2023-06-08T14:54:50.000Z,552893,City Love,,BIBI,tocxx,827195,2023-03-10T17:52:11.000Z,,,,False,False,False,-1,0,131,False,https://cdn.scoresaber.com/covers/4ADF5F06699DB6E39717265B692CA7B5CA01BD51.png,4adf5f06699db6e39717265b692ca7b5ca01bd51,,2023-03-10T17:07:20.628213Z,3,17.0,-0.7,907,4,419,4.82,495.5,Standard,2748,False,False,False,False,188.165,,827195,0,20,1,0.0,0.8504113298557172
388,641849,641849,0,1.156465667227762e-16,,1,3,5,364,False,2023-06-08T14:49:38.000Z,414629,You Right,(feat. The Weeknd),"Doja Cat, The Weeknd",Johnny Silverhams,726915,2022-01-29T20:04:55.000Z,,,,False,False,False,-1,0,2024,False,https://cdn.scoresaber.com/covers/79087C43E2A4A1860C3E40CA87A5505B7C2F35FD.png,79087c43e2a4a1860c3e40ca87a5505b7c2f35fd,,2022-01-29T18:42:37.138851Z,2,16.0,-0.6,798,4,86,4.48,383.0,Standard,632,False,False,False,True,178.14,,726915,0,0,0,0.0,0.8829766891589801
179,974507,974507,0,1.11598936887479e-16,,1,11,5,280,False,2023-06-08T14:45:34.000Z,368833,RGB,,,Nolanimations,1128035,2021-07-16T13:35:58.000Z,,,,False,False,False,-1,0,401,False,https://cdn.scoresaber.com/covers/98EFC0DA9A276D9CE6755B260035A8A4BACE3EBF.png,98efc0da9a276d9ce6755b260035a8a4bace3ebf,1a537,2021-07-16T13:28:10.495Z,5,15.0,-0.8,1234,0,4,5.698,462.0,Standard,4407,False,False,False,False,216.563,,1128035,0,0,0,0.0,0.8638978400492893
72,672569,672569,0,1.076929740964172e-16,,1,0,0,789,True,2023-06-08T14:40:07.000Z,359247,Haru no Sekibaku (Vo. Tsurumaki Maki),,Inabakumori,mux,718635,2021-05-28T09:46:48.000Z,,,,False,False,False,-1,0,467,False,https://cdn.scoresaber.com/covers/84435D4BC98E5B1F4694CECA2C93857FE9E60134.png,84435d4bc98e5b1f4694ceca2c93857fe9e60134,187b4,2021-05-28T08:00:03.329Z,4,18.0,-0.4,789,41,112,4.321,456.5,Standard,4676,False,False,False,False,182.6,,718635,1,0,2,0.0,0.9358979175798563
296,329191,329191,175.5741,4.395901923319409e-12,,1,1,0,334,False,2023-06-08T14:36:05.000Z,409207,Tanz mit mir,(Duett mit Santiano),FAUN,AntiLink,346955,2022-01-11T21:23:56.000Z,2022-06-14T04:48:45.000Z,2022-02-06T16:21:37.000Z,,True,False,False,-1,4.2,1045,False,https://cdn.scoresaber.com/covers/7DCCDB8C82F8A5EF1C7F4D11E400ECA68FEB2A69.png,7dccdb8c82f8a5ef1c7f4d11e400eca68feb2a69,,2022-01-11T21:10:50.671015Z,8,14.0,-1.546,385,0,168,2.208,558.0,Standard,1561,False,False,False,False,174.375,1.5,346955,0,0,0,7.718065238750743e-10,0.9488002766929429
587,459675,459675,0,1.039237200030426e-16,,1,1,0,474,False,2023-06-08T14:27:32.000Z,358476,Trombone,,"AronChupa, Little Sis Nora",Emir,495075,2021-05-24T15:50:59.000Z,,,,False,False,False,-1,0,1883,False,https://cdn.scoresaber.com/covers/D77B25882287CD6CDF4E6D784BBE607C3295F79A.png,d77b25882287cd6cdf4e6d784bbe607c3295f79a,184dd,2021-05-24T15:26:32.294Z,5,12.0,0.1,546,0,3,3.33,344.333,Standard,4611,False,False,False,False,163.968,,495075,0,3,0,0.0,0.9284956824723527
112,785772,785772,0,1.002863898029361e-16,,1,0,1,701,False,2023-06-08T14:23:10.000Z,540212,Overdose,,Natori,mojo,833635,2022-12-09T22:33:32.000Z,,,,False,False,False,-1,0,923,False,https://cdn.scoresaber.com/covers/0B57D3858AA60452BBC3F6303B2C0AE03750D40D.png,0b57d3858aa60452bbc3f6303b2c0ae03750d40d,,2022-12-09T22:20:33.389055Z,4,17.0,-0.95,914,32,124,4.839,371.5,Standard,1879,False,False,False,False,188.898,,833635,0,0,0,0.0,0.9425851841633329
545,586642,586642,200.431,3.826999971789714e-09,,1,0,0,672,True,2023-06-08T14:18:33.000Z,347228,iNSaNiTY,(Nightcore Mix),CheezItsAreYummy,Hikari,610995,2021-04-10T18:00:36.000Z,2021-04-18T16:15:16.000Z,2021-04-10T18:50:28.000Z,,True,False,False,-1,4.37,3837,False,https://cdn.scoresaber.com/covers/7F121228B582F5A32381576D27F528367C69422D.png,7f121228b582f5a32381576d27f528367c69422d,1683f,2021-04-10T17:52:49.713Z,4,14.0,-0.7,672,64,38,2.388,500.0,Standard,2341,False,False,False,False,281.426,3.39,610995,0,0,2,7.670494313457842e-07,0.960142063355674
920,473948,236974,0,9.677636615983336e-17,NF,0.5,6,254,266,False,2023-06-08T14:11:50.000Z,301394,dreamy night,,LilyPichu,PnfrlEnm,797755,2020-10-18T22:22:43.000Z,,,,False,False,False,-1,0,1144,False,https://cdn.scoresaber.com/covers/57CB43066393571B8E4EA357F5E420C8E1BB1CD9.png,57cb43066393571b8e4ea357f5e420c8e1bb1cd9,fff3,2020-10-18T21:48:00.947Z,6,14.0,0.5,875,8,3,3.642,368.359,Standard,1499,False,False,False,False,240.234,,797755,0,0,2,0.0,0.5941021992967765
242,838493,838493,0,9.33891933442392e-17,,1,3,10,215,False,2023-06-05T15:14:04.000Z,488572,Metamo Re:Born [メタモリボン],feat. Kagamine Rin,emon(Tes.),Idlebob,1024995,2022-07-13T17:12:44.000Z,,,,False,False,False,-1,0,475,False,https://cdn.scoresaber.com/covers/836E42DFB9535B7E650E2D483D961C30B6E7FB18.png,836e42dfb9535b7e650e2d483d961c30b6e7fb18,,2022-07-13T16:58:10.029232Z,5,17.0,-0.8,1122,32,8,5.163,445.5,Standard,3587,False,False,False,True,217.317,,1024995,0,1,8,0.0,0.8180459416875204
1067,667030,667030,170.3616,7.949851839712189e-13,,1,4,3,313,False,2023-06-05T15:08:42.000Z,523234,VOICE,(Feat. Suran),TAK,Alice,793155,2022-09-21T11:11:08.000Z,2022-10-26T00:31:59.000Z,2022-09-21T11:16:30.000Z,,True,False,False,-1,5.5,2001,False,https://cdn.scoresaber.com/covers/6E4B0927F7CE722F2BD36081DEA7DE9A98E059BF.png,6e4b0927f7ce722f2bd36081dea7de9a98e059bf,,2022-09-21T10:51:15.061412Z,5,17.0,-0.75,870,44,136,4.296,432.0,Standard,24165,True,False,False,False,202.5,3.38,793155,0,0,1,1.3543494791763122e-10,0.8409831621814148
250,470767,470767,0,9.012057157719081e-17,,1,0,0,568,True,2023-06-05T14:57:20.000Z,499793,Alchemist,,Good Kid ,Viking,515315,2022-08-03T16:13:13.000Z,,,,False,False,False,-1,0,665,False,https://cdn.scoresaber.com/covers/171F2406458771993A43ED39B708482E41D02E1E.png,171f2406458771993a43ed39b708482e41d02e1e,,2022-08-03T13:53:01.039034Z,4,15.0,-0.079,568,0,128,3.323,518.5,Standard,1806,False,False,False,False,170.934,,515315,0,0,0,0.0,0.9135519051453965
1300,840965,840965,0,8.696635157198914e-17,,1,0,4,465,False,2023-06-05T14:52:48.000Z,451584,LVTHER - Some Kind Of Magic,(feat. MYZICA) [Monstercat Release],LVTHER,Darkrealm7,979915,2022-05-07T10:40:06.000Z,,,,False,False,False,-1,0,2967,False,https://cdn.scoresaber.com/covers/F36EC41A3F856050C4F86196B96F5527F8DD9538.png,f36ec41a3f856050c4f86196b96f5527f8dd9538,,2022-05-07T00:17:20.915392Z,5,18.0,-0.367,1073,0,223,5.69,528.0,Standard,3013,False,False,False,False,188.571,,979915,0,0,0,0.0,0.8582019869070276
34,547026,547026,0,8.392252926696952e-17,,1,1,0,576,False,2023-06-05T14:40:41.000Z,418825,BOP BOP!,,VIVIZ,NoteIIEvil,598115,2022-02-13T15:09:53.000Z,,,,False,False,False,-1,0,216,False,https://cdn.scoresaber.com/covers/FEF776C66F420479B4F65F4A841E2CEE1B652FF0.png,fef776c66f420479b4f65f4a841e2cee1b652ff0,,2022-02-13T13:04:13.578687Z,5,15.0,0.0,658,29,73,3.158,437.5,Standard,3887,False,False,False,False,208.333,,598115,0,0,11,0.0,0.9145833159175075
274,372159,372159,0,8.098524074262558e-17,,1,1,0,287,False,2023-06-05T14:35:50.000Z,523389,STRUT,,EMELINE,WalkingKat,418715,2022-09-21T18:14:13.000Z,,,,False,False,False,-1,0,633,False,https://cdn.scoresaber.com/covers/0B1CA5842EC84C1401E04342A41DCD26D2DBF2E7.png,0b1ca5842ec84c1401e04342a41dcd26d2dbf2e7,,2022-09-21T17:40:54.176534Z,4,14.0,-0.8,463,254,85,4.105,203.0,Standard,0,False,False,False,False,112.778,,418715,0,0,52,0.0,0.8888121992285922
417,518753,518753,0,7.815075731663368e-17,,1,0,1,328,False,2023-06-05T14:32:03.000Z,536080,Everything Everything,,good kid,Rashed,596275,2022-11-08T16:59:22.000Z,,,,False,False,False,-1,0,883,False,https://cdn.scoresaber.com/covers/FC229AFCAD6CA54DDD3AAB7C3DDE4FCD3FC6E301.png,fc229afcad6ca54ddd3aab7c3dde4fcd3fc6e301,,2022-11-08T13:23:00.616503Z,6,14.0,-1.7,656,0,0,4.104,511.5,Standard,2567,False,False,False,False,159.844,,596275,0,0,0,0.0,0.8699895182591925
16,269403,269403,0,7.54154808105515e-17,,1,0,0,344,True,2023-06-05T14:28:01.000Z,346480,Cool,feat. Alessia Labate,MAGNUS x Unread,abodijoy123,309235,2021-04-08T11:09:46.000Z,,,,False,False,False,-1,0,29,False,https://cdn.scoresaber.com/covers/0B3C2EA6D2CAFCD883B99F46802D57CAD0FC9A30.png,0b3c2ea6d2cafcd883b99f46802d57cad0fc9a30,166c4,2021-04-08T11:05:21.802Z,3,14.0,-0.4,344,0,2,2.508,256.0,Standard,366,False,False,False,False,137.143,,309235,0,0,0,0.0,0.8711918120523227
269,442992,442992,0,7.277593898218219e-17,,1,0,0,570,True,2023-06-05T14:24:30.000Z,553932,Boy's a liar Pt. 2,,pinkpantheress & Ice Spice,August,517155,2023-03-17T22:20:04.000Z,,,,False,False,False,-1,0,797,False,https://cdn.scoresaber.com/covers/BB94F7468BA91D80D5BD2FC915AA87AD7D6FD803.png,bb94f7468ba91d80d5bd2fc915aa87ad7d6fd803,,2023-03-17T22:10:47.267317Z,2,16.0,-0.94,570,0,70,4.395,287.5,Standard,1628,False,False,False,False,129.699,,517155,0,0,0,0.0,0.856594251239957
335,345038,345038,195.0019,1.099801799791523e-09,,1,0,0,399,True,2023-06-05T14:20:37.000Z,380309,Back In Time,,Jordan Jay & Mo Falk,Teuflum,359835,2021-09-17T15:53:53.000Z,2022-01-04T12:13:12.000Z,,,True,False,False,-1,4.3,990,False,https://cdn.scoresaber.com/covers/E62893B648F7A704D620CE8AD0EAF0B5D50E0E48.png,e62893b648f7a704d620ce8ad0eaf0b5d50e0e48,,2021-09-17T11:51:36.353223Z,6,11.0,0.25,399,39,133,2.595,656.0,Standard,8005,True,False,False,False,153.75,1.44,359835,0,0,0,2.144634405827666e-07,0.9588783748106772
1933,673431,336716,42.9813,3.17755153691507e-15,NF,0.5,29,93,140,False,2023-06-04T16:13:27.000Z,212829,Melancholia,,you,Astrella,1181395,2020-03-17T04:28:09.000Z,2020-03-22T21:48:19.000Z,2020-03-18T21:34:04.000Z,,True,False,False,-1,11.79,4526,False,https://cdn.scoresaber.com/covers/914EDCFA17A8D7B1573F7FE8EB1B504CC7E47806.png,914edcfa17a8d7b1573f7fe8eb1b504cc7e47806,90e6,2020-03-17T04:09:58.328Z,4,25.0,-1.1,1292,159,30,7.093,1032.25,Standard,1556,False,False,False,False,182.162,11.79,1181395,0,0,2,1.365752958736077e-13,0.5700303454814012
240,2023163,1011582,0,7.022878111780581e-17,NF,0.5,28,115,199,False,2023-06-04T15:50:02.000Z,372480,Sussy Baka,,"Tanger, Schwank & Lil Triangle",Raydz,2947795,2021-08-06T00:55:12.000Z,,,,False,False,False,-1,0,428,False,https://cdn.scoresaber.com/covers/1E78738EEC730EF88F3608466DFE1DE1421C0BD6.png,1e78738eec730ef88f3608466dfe1de1421c0bd6,,2021-08-05T23:57:20.053227Z,6,22.0,-0.2,3212,228,219,10.383,1134.275,Standard,3754,False,False,False,False,309.348,,2947795,1,6,14,0.0,0.6863309694195152
62,1102126,1102126,0,6.777077377868261e-17,,1,13,12,173,False,2023-06-04T15:38:51.000Z,557956,Starflash,,tomatoism,HOFNutCollector,1366315,2023-04-22T23:43:08.000Z,,,,False,False,False,-1,0,116,False,https://cdn.scoresaber.com/covers/3A0D693F668F7F2AF5CDCA308C8994188181C06B.png,3a0d693f668f7f2af5cdca308c8994188181c06b,,2023-04-22T21:08:27.847510Z,3,18.5,-0.54,1493,99,124,6.998,640.0,Standard,6678,False,False,False,False,213.333,,1366315,2,31,40,0.0,0.8066412210946963
13,445724,222862,0,6.539879669642872e-17,NF,0.5,189,922,56,False,2023-06-04T15:29:28.000Z,559895,Singularity at 2​.​64e​+​6 BPM,,Kobaryo,HOFNutCollector,2636835,2023-05-07T21:55:25.000Z,,,,False,False,False,-1,0,18,False,https://cdn.scoresaber.com/covers/FC346DD74D04D9642F5A37E3665DAFED547BDF20.png,fc346dd74d04d9642f5a37e3665dafed547bdf20,,2023-05-01T22:03:34.733032Z,3,21.0,-1.5,2874,88,1000,13.977,1104.5,Standard,13818,False,False,False,False,205.629,,2636835,0,0,1,0.0,0.16903750139845686
16,283406,283406,0,6.31098388120537e-17,,1,5,5,95,False,2023-06-04T15:18:51.000Z,524517,Rogue Rooster,,Tanger,SavageSparklz,368115,2022-09-24T03:18:33.000Z,,,,False,False,False,-1,0,33,False,https://cdn.scoresaber.com/covers/FC3DE510B5897297AB7BA469C75FEAE2FE57E271.png,fc3de510b5897297ab7ba469c75feae2fe57e271,,2022-09-24T02:42:52.982557Z,2,22.0,0.0,408,100,91,9.206,99.75,Standard,0,False,False,False,False,44.32,,368115,0,1,0,0.0,0.7698844111215245
35,614694,614694,0,6.090099445363183e-17,,1,2,8,226,False,2023-06-04T15:08:17.000Z,143688,Renai Circulation,,kana hanazawa,KikaeAeon,757275,2019-06-06T21:16:53.000Z,,,,False,False,False,-1,0,1344,False,https://cdn.scoresaber.com/covers/DA487632678AB8C11B4E1BACF7F04BFE0B24BA71.png,da487632678ab8c11b4e1bacf7f04bfe0b24ba71,51dc,2019-06-06T18:38:52Z,5,14.0,0.0,831,0,0,3.337,498.0,Standard,873,False,True,False,False,249.0,,757275,0,0,0,0.0,0.8117183321778746
2084,1047802,1047802,320.7202,0.4252609649024067,,1,17,24,287,False,2023-06-04T14:57:17.000Z,371612,Venomous Firefly,,Camellia,ComplexFrequency,1369995,2021-07-31T19:27:56.000Z,2021-08-25T01:22:23.000Z,2021-08-04T07:08:17.000Z,,True,False,False,-1,11.58,5513,False,https://cdn.scoresaber.com/covers/61CAADA06A65088BD514E00D88397CCDEF8C7714.png,61caada06a65088bd514e00d88397ccdef8c7714,1ace5,2021-07-31T19:17:50.528Z,6,21.0,0.25,1497,160,213,12.582,523.5,Standard,7185,False,False,False,False,118.977,11.58,1369995,1,27,3,136.38978171569286,0.7648217694225161
69,1234627,1234627,0,5.671252856008329e-17,,1,12,7,512,False,2023-06-04T14:42:21.000Z,557339,Pandemonium,,t+pazolite & Laur,HOFNutCollector,1507075,2023-04-17T00:12:25.000Z,,,,False,False,False,-1,0,145,False,https://cdn.scoresaber.com/covers/5773DAD41F35F26D91CD304F48184959113A6AAC.png,5773dad41f35f26d91cd304f48184959113a6aac,,2023-04-16T20:29:56.281033Z,4,19.0,-0.4,1646,79,224,8.467,648.0,Standard,7850,False,False,False,False,194.4,,1507075,0,13,31,0.0,0.8192206758124181
2303,1961051,1961051,276.631,0.0003300999832956584,,1,13,50,174,False,2023-06-04T14:33:49.000Z,275359,Zetsu,,Ice,muffn,2554035,2020-06-29T02:52:25.000Z,2020-07-03T12:36:44.000Z,2020-06-29T03:12:14.000Z,,True,False,False,-1,9.95,2845,False,https://cdn.scoresaber.com/covers/183F3021E08B75A3D6D9A0B07BE0505654C52C44.png,183f3021e08b75a3d6d9a0b07be0505654c52c44,b775,2020-06-29T02:43:33.680Z,6,22.0,-0.4,2784,4,10,9.979,888.063,Standard,13631,False,False,False,False,278.973,9.65,2554035,0,0,0,0.09131588847906127,0.7678246382684654
965,1021203,1021203,260.0179,3.033720011867474e-05,,1,30,35,138,False,2023-06-04T14:28:01.000Z,453991,BLACK DREAM DAY,,Uki Mizusaki,Various Mappers,1445435,2022-05-11T10:03:36.000Z,2022-06-14T04:46:40.000Z,2022-05-28T12:40:13.000Z,,True,False,False,-1,10.01,2347,False,https://cdn.scoresaber.com/covers/78D35B0A071953BC2E08C9EEF93483C8F5F6E866.png,78d35b0a071953bc2e08c9eef93483c8f5f6e866,,2022-05-11T04:25:51.642905Z,4,19.0,-0.81,1579,46,160,6.946,511.5,Standard,5467,False,False,False,False,227.333,9.91,1445435,16,68,13,0.007888215066737557,0.7065021948409994
178,805062,805062,0,7.31661204408669e-22,,1,24,28,100,False,2023-06-04T14:23:18.000Z,391192,God-ish -covered by Sekai-,PinocchioP,sekai,ani vs salami,1144595,2021-10-31T11:04:47.000Z,,,,False,False,False,-1,0,425,False,https://cdn.scoresaber.com/covers/134A2A30E8D77C49F1DBA7EC0E665197803F136C.png,134a2a30e8d77c49f1dba7ec0e665197803f136c,,2021-10-31T10:59:53.324059Z,7,19.0,-0.75,1252,57,281,6.438,460.233,Standard,5656,False,False,False,False,194.465,,1144595,42,122,10,0.0,0.7033597036506363
203,466235,466235,0,5.281212440836357e-17,,1,9,6,131,False,2023-06-04T14:15:14.000Z,559220,Black Cat Tango,,Nonaka Ai,Ken_Monogatari,571435,2023-05-02T09:10:53.000Z,,,,False,False,False,-1,0,740,False,https://cdn.scoresaber.com/covers/DBA8C6DF94AEE32AAD241101EE0CBFF05DCF9611.png,dba8c6df94aee32aad241101ee0cbff05dcf9611,,2023-05-02T08:21:55.520137Z,4,15.0,-0.8,629,100,185,4.423,301.0,Lawless,1113,False,False,False,False,142.205,,571435,27,126,14,0.0,0.8159020711017001
215,502121,502121,0,5.096370005407084e-17,,1,1,1,518,False,2023-06-04T14:11:40.000Z,559219,Black Cat Tango,,Nonaka Ai,Ken_Monogatari,544755,2023-05-02T09:07:26.000Z,,,,False,False,False,-1,0,1033,False,https://cdn.scoresaber.com/covers/DBA8C6DF94AEE32AAD241101EE0CBFF05DCF9611.png,dba8c6df94aee32aad241101ee0cbff05dcf9611,,2023-05-02T08:21:55.520137Z,4,16.5,-0.85,600,0,91,4.219,301.0,Standard,1113,False,False,False,False,142.205,,544755,0,2,0,0.0,0.9217372947471799
406,420330,420330,199.2203,2.586180934908797e-09,,1,0,0,496,True,2023-06-04T14:06:31.000Z,551333,99.9,(Schwank Bootleg),MOB CHOIR,Voidless & Dailyy,449075,2023-02-26T21:52:43.000Z,2023-04-03T13:02:28.000Z,2023-02-27T15:18:07.000Z,,True,False,False,-1,5.11,988,False,https://cdn.scoresaber.com/covers/AE64EE8C3A8CFECCA94968F8DB9F01ED6C09DB87.png,ae64ee8c3a8cfecca94968f8db9f01ed6c09db87,,2023-02-26T21:44:46.987299Z,5,15.0,-0.5962745,496,0,211,4.068,508.0,Standard,4728,False,False,False,False,121.92,3.5,449075,0,0,0,5.152197417068111e-07,0.935990647441964
74,298591,298591,0,2.78115553865796e-17,,1,0,0,344,True,2023-06-04T13:57:19.000Z,559237,Black Cat Tango,,Nonaka Ai,Ken_Monogatari,309235,2023-05-02T12:36:13.000Z,,,,False,False,False,-1,0,499,False,https://cdn.scoresaber.com/covers/DBA8C6DF94AEE32AAD241101EE0CBFF05DCF9611.png,dba8c6df94aee32aad241101ee0cbff05dcf9611,,2023-05-02T08:21:55.520137Z,4,12.0,-0.2,344,7,75,2.419,301.0,Standard,1113,False,False,False,False,142.205,,309235,0,0,0,0.0,0.9655795754038191
245,196087,196087,205.7933,1.114394753293688e-08,,1,0,0,227,True,2023-06-04T13:47:47.000Z,409204,Tanz mit mir,(Duett mit Santiano),FAUN,AntiLink,201595,2022-01-11T21:20:38.000Z,2022-06-14T04:48:41.000Z,2022-02-06T16:21:37.000Z,,True,False,False,-1,3.72,822,False,https://cdn.scoresaber.com/covers/7DCCDB8C82F8A5EF1C7F4D11E400ECA68FEB2A69.png,7dccdb8c82f8a5ef1c7f4d11e400eca68feb2a69,,2022-01-11T21:10:50.671015Z,8,12.0,-1.03,227,0,179,1.302,558.0,Standard,863,False,False,False,False,174.375,1.16,201595,0,0,0,2.293349737829939e-06,0.9726778937969691
87,388073,388073,0,4.745867158285211e-17,,1,10,5,84,False,2023-06-01T16:21:12.000Z,557620,The Squat Song [Fitbeat JUMPS],,Bodyworx,Irahi,492315,2023-04-19T22:33:37.000Z,,,,False,False,False,-1,0,264,False,https://cdn.scoresaber.com/covers/AD7A886711BCDBAB809CF195CC828A15210A2096.png,ad7a886711bcdbab809cf195cc828a15210a2096,,2023-04-17T17:18:41.449480Z,4,16.0,-0.6,543,6,216,3.77,302.5,Standard,2696,False,False,True,False,144.048,,492315,0,0,4,0.0,0.7882615804921645
257,699805,699805,0,4.579761807745229e-17,,1,5,11,160,False,2023-06-01T16:13:11.000Z,495345,We'll Be Coming Back,(feat. Example),Calvin Harris,DaftMaple,834555,2022-07-26T10:22:09.000Z,,,,False,False,False,-1,0,686,False,https://cdn.scoresaber.com/covers/C74DDF54EC34DD86C5DFE1FD600696F49607C81F.png,c74ddf54ec34dd86c5dfe1fd600696f49607c81f,,2022-07-26T09:34:02.084590Z,3,17.0,-0.75,915,43,282,4.136,472.0,Standard,5372,False,False,False,False,221.25,,834555,0,14,12,0.0,0.8385367051901912
97,593316,296658,0,4.419470144474146e-17,NF,0.5,66,107,77,False,2023-06-01T15:56:22.000Z,351585,Amor De Verao,,Nanahira,Aimedhades16,1290875,2021-04-26T22:21:22.000Z,,,,False,False,False,-1,0,136,False,https://cdn.scoresaber.com/covers/7945C2B85B57ECD2FC2FADF53B1619C44BA6BDE1.png,7945c2b85b57ecd2fc2fadf53b1619c44ba6bde1,1739a,2021-04-26T20:00:26.798Z,6,19.0,-1.5,1411,70,5,12.384,524.125,Standard,6264,False,False,False,False,113.94,,1290875,7,29,0,0.0,0.4596231238501017
129,863979,863979,0,1.813648153166578e-17,,1,18,24,227,False,2023-06-01T15:53:06.000Z,559502,Shinda (Expert+ V2),,Masayoshi Oishi,Cush,1135395,2023-05-04T19:19:56.000Z,,,,False,False,False,-1,0,498,False,https://cdn.scoresaber.com/covers/35DC8F3F59CAF6C084002EDE7623644138041268.png,35dc8f3f59caf6c084002ede7623644138041268,,2023-05-04T19:14:51.164918Z,3,18.0,-0.87,1242,0,93,5.733,440.531,Standard,3895,False,False,False,False,216.655,,1135395,0,0,0,0.0,0.7609501539111939
374,1306882,1306882,0,4.264788689417551e-17,,1,14,13,202,False,2023-06-01T15:47:58.000Z,433932,Play With Fire,feat. Hatsune Miku,Camellia,Kanahebi,1572395,2022-04-09T12:07:11.000Z,,,,False,False,False,-1,0,927,False,https://cdn.scoresaber.com/covers/3759D3DE51C1CBCEA90A82FB8123C49CEED2D659.png,3759d3de51c1cbcea90a82fb8123c49ceed2d659,,2022-04-09T11:59:27.964425Z,4,20.0,-0.75,1717,84,262,7.168,535.0,Standard,7096,True,False,False,False,239.552,,1572395,0,11,0,0.0,0.8311410300846798
127,719799,359900,0,4.115521085287936e-17,NF,0.5,44,52,146,False,2023-06-01T15:37:51.000Z,560911,Carmageddon,,LeKtriQue,A Jhintleman,1178635,2023-05-19T03:35:59.000Z,,,,False,False,False,-1,0,245,False,https://cdn.scoresaber.com/covers/092AE25E7951230BB0BC693F08B709EF7EA8A99D.png,092ae25e7951230bb0bc693f08b709ef7ea8a99d,,2023-05-19T02:30:21.271619Z,4,18.0,-0.9,1289,595,131,6.307,436.0,Standard,7806,False,False,False,False,204.375,,1178635,30,84,38,0.0,0.6107056043643706
227,719997,719997,0,1.991803381307439e-18,,1,18,17,147,False,2023-06-01T15:32:41.000Z,467555,Apocrypha,,Moon Symphony,Slayx,950475,2022-06-03T18:11:53.000Z,,,,False,False,False,-1,0,400,False,https://cdn.scoresaber.com/covers/CB3153D24224A31DE9481F23B5769732E4C7260B.png,cb3153d24224a31de9481f23b5769732e4c7260b,,2022-06-03T14:40:13.585862Z,3,19.0,-0.1,1041,0,5,9.37,437.0,Standard,3484,False,False,False,False,111.102,,950475,0,33,0,0.0,0.7575128225361004
628,375590,375590,0,3.971477847302858e-17,,1,6,5,105,False,2023-06-01T15:29:40.000Z,543952,Neppa,ft. Butter,tephe,GalaxyMaster,461035,2023-01-08T05:38:45.000Z,,,,False,False,False,-1,0,1658,False,https://cdn.scoresaber.com/covers/7C27E4887DC887B720E10319F057423292553702.png,7c27e4887dc887b720e10319f057423292553702,,2023-01-08T05:33:41.447080Z,2,17.0,-0.33,509,7,57,7.237,211.0,Standard,2276,False,False,False,False,70.333,,461035,2,10,2,0.0,0.8146669992516837
59,351396,351396,0,3.832476122647258e-17,,1,2,0,293,False,2023-06-01T15:26:49.000Z,560307,20190724,,Mac DeMarco,Pleo,387435,2023-05-12T10:30:37.000Z,,,,False,False,False,-1,0,221,False,https://cdn.scoresaber.com/covers/5B77CF4EBEA32D77A4BA01D911E2C3BE72BAE96E.png,5b77cf4ebea32d77a4ba01d911e2c3be72bae96e,,2023-05-12T10:12:00.989548Z,3,15.0,-1.0,429,0,0,5.998,129.937,Standard,1305,False,False,False,False,71.525,,387435,0,14,0,0.0,0.9069805257656123
774,706412,706412,285.6116,0.00169976580678584,,1,14,10,171,False,2023-06-01T15:24:05.000Z,548977,Wild Side,,ALI,Jabob,874115,2023-02-10T13:25:00.000Z,2023-03-03T17:53:32.000Z,2023-02-13T01:50:50.000Z,,True,False,False,-1,9.74,2849,False,https://cdn.scoresaber.com/covers/CDC4D57B8F88758F1AD825684DB94B59724736BE.png,cdc4d57b8f88758f1ad825684db94b59724736be,,2023-02-09T19:50:53.174924Z,6,18.0,-0.85,958,15,319,6.304,339.402,Standard,3575,False,False,False,False,151.971,9.8,874115,9,56,3,0.4854728317013946,0.8081453813285437
153,1083687,1083687,0,3.698339458354603e-17,,1,16,13,163,False,2023-06-01T15:19:17.000Z,379907,Strange Fiction,feat. RapBit,DEMONDICE,CoolingCloset,1329515,2021-09-15T01:05:42.000Z,,,,False,False,False,-1,0,253,False,https://cdn.scoresaber.com/covers/874787C3DC4E962A1BBAD57E13CB5DF1A0AED844.png,874787c3dc4e962a1bbad57e13cb5df1a0aed844,,2021-09-14T18:57:15.687921Z,4,19.0,-0.55,1453,0,15,6.371,669.0,Standard,4575,False,False,False,False,228.068,,1329515,0,31,0,0.0,0.8150994911678319
154,602428,602428,0,3.568897577312193e-17,,1,1,1,420,False,2023-06-01T15:08:48.000Z,525688,Love Like Tequila,(LIZOT Remix),David Taylor,Alice,661595,2022-09-26T10:18:58.000Z,,,,False,False,False,-1,0,543,False,https://cdn.scoresaber.com/covers/1F4549DFE479F51E9573DBC7E348B217952F3133.png,1f4549dfe479f51e9573dbc7e348b217952f3133,,2022-09-25T22:02:44.307969Z,2,17.0,-0.85,727,75,92,5.449,275.75,Standard,7194,True,False,False,False,133.427,,661595,0,26,3,0.0,0.9105691548454871
21,245858,245858,0,3.443986162106265e-17,,1,8,10,92,False,2023-06-01T15:05:18.000Z,562134,South Park Ending Theme,,SOUTH PARK,Call me Daddy,343275,2023-05-31T17:07:19.000Z,,,,False,False,False,-1,0,43,False,https://cdn.scoresaber.com/covers/9EA9A1F3956E958D9E2C9C6EDC8B81FD311C4E0A.png,9ea9a1f3956e958d9e2c9c6edc8b81fd311c4e0a,,2023-05-31T16:55:04.224994Z,3,16.0,-0.25,381,24,18,6.587,172.625,Standard,0,False,False,False,False,57.843,,343275,22,38,2,0.0,0.7162129488019809
89,499574,499574,0,3.323446646432546e-17,,1,17,5,221,False,2023-06-01T15:01:53.000Z,559230,Nunca Es Suficiente,,Natalia Lafourcade,Cush,628475,2023-05-02T11:52:19.000Z,,,,False,False,False,-1,0,470,False,https://cdn.scoresaber.com/covers/79DBE1066D0DDED6805E7D584E138A0A26EF68CE.png,79dbe1066d0dded6805e7d584e138a0a26ef68ce,,2023-05-02T11:24:06.206025Z,2,16.0,-0.166,691,4,15,3.006,340.953,Standard,756,False,False,False,False,229.856,,628475,34,85,2,0.0,0.7948987628783961
119,802352,802352,0,3.094876603324147e-17,,1,13,9,222,False,2023-06-01T14:51:35.000Z,462004,Oyasumi,(Cexiria Remix),Shiggy Jr.,Yaomin,987275,2022-05-25T11:09:55.000Z,,,,False,False,False,-1,0,479,False,https://cdn.scoresaber.com/covers/EB27A5093132E1688A3DC7C56EAF62F9523CBF26.png,eb27a5093132e1688a3dc7c56eaf62f9523cbf26,,2022-05-25T10:57:52.422332Z,3,20.0,-0.05,1081,64,457,8.49,488.062,Standard,5539,False,False,False,False,127.321,,987275,6,49,19,0.0,0.8126935251069864
103,756284,756284,0,2.986555922207802e-17,,1,0,0,879,True,2023-06-01T14:48:16.000Z,391485,Transcend,,"KLYDIX, RuYA",SmokeyBacon,801435,2021-11-01T11:21:57.000Z,,,,False,False,False,-1,0,1162,False,https://cdn.scoresaber.com/covers/EAFBBAC66DA0DF7FFEF8228A0EEE2AB32C7C1F39.png,eafbbac66da0df7ffef8228a0eee2ab32c7c1f39,,2021-11-01T08:06:08.945210Z,3,19.0,0.15,879,16,165,5.229,353.0,Standard,48715,True,False,False,False,168.095,,801435,0,0,7,0.0,0.9436623057390805
55,698147,698147,0,9.302408627259714e-20,,1,14,20,160,False,2023-06-01T14:43:44.000Z,545520,Melancholy,,Ayiko & Hatsune Miku,exhaustedallthetime,908155,2023-01-19T06:50:24.000Z,,,,False,False,False,-1,0,111,False,https://cdn.scoresaber.com/covers/F694742CCB25F2FD35262DD4663024B141BD0C24.png,f694742ccb25f2fd35262dd4663024b141bd0c24,,2023-01-18T23:31:29.950705Z,1,20.0,0.1225,995,99,9,5.182,384.0,Standard,0,False,False,False,False,192.0,,908155,2,66,4,0.0,0.7687531313487235
194,914089,914089,0,5.26056542655189e-20,,1,1,1,606,False,2023-06-01T14:39:01.000Z,388195,Checkmate,,Harris & Ford x Maxim Schunk x Hard But Crazy,Alice,978995,2021-10-22T17:56:56.000Z,,,,False,False,False,-1,0,1178,False,https://cdn.scoresaber.com/covers/CF2825AB6FCC4456B7D1EB9EFA6E9F3DD722A561.png,cf2825ab6fcc4456b7d1eb9efa6e9f3dd722a561,,2021-10-21T19:37:19.163538Z,3,18.0,-0.465,1072,0,284,5.463,556.0,Standard,4688,False,False,False,False,196.235,,978995,0,13,0,0.0,0.9337013978620933
24,403390,403390,0,2.882026464930529e-17,,1,5,2,118,False,2023-06-01T14:33:52.000Z,540062,Strand,,ikura,Voidless,468395,2022-12-08T03:15:51.000Z,,,,False,False,False,-1,0,47,False,https://cdn.scoresaber.com/covers/E5745476372E3B33AEC32D0570153A7B5D90AEBE.png,e5745476372e3b33aec32d0570153a7b5d90aebe,,2022-12-07T16:41:42.779783Z,5,16.0,-0.72,517,0,107,4.16,319.0,Lawless,1672,False,False,False,False,124.286,,468395,22,83,0,0.0,0.861217562100364
460,775229,775229,225.1172,1.996763723028031e-07,,1,0,1,608,False,2023-06-01T14:30:18.000Z,409217,Tanz mit mir,(Duett mit Santiano),FAUN,AntiLink,817995,2022-01-11T21:38:36.000Z,2022-06-14T04:48:57.000Z,2022-02-06T16:21:37.000Z,,True,False,False,-1,5.42,3180,False,https://cdn.scoresaber.com/covers/7DCCDB8C82F8A5EF1C7F4D11E400ECA68FEB2A69.png,7dccdb8c82f8a5ef1c7f4d11e400eca68feb2a69,,2022-01-11T21:10:50.671015Z,8,18.0,-0.26,897,0,206,5.144,558.0,Standard,3434,False,False,False,False,174.375,4.79,817995,0,0,0,4.495058583896459e-05,0.9477185068368389
67,492087,492087,0,2.683815094804932e-17,,1,1,1,367,False,2023-06-01T14:20:42.000Z,522568,Perfect,,Silent Child,Raelynngames,526355,2022-09-19T17:19:11.000Z,,,,False,False,False,-1,0,240,False,https://cdn.scoresaber.com/covers/69E836BC57F50075D0E550EAA6B77F8ABD135E7E.png,69e836bc57f50075d0e550eaa6b77f8abd135e7e,,2022-09-19T17:07:16.975095Z,4,16.0,-0.3,580,65,56,4.047,406.0,Standard,751,False,False,False,False,143.303,,526355,0,4,11,0.0,0.9348956502740546
214,669012,669012,190.4215,2.293592253769595e-10,,1,0,0,776,True,2023-05-24T17:27:12.000Z,265768,Daijoubu,,Kotori,Skeelie,706675,2020-06-08T20:07:54.000Z,2020-08-06T05:17:21.000Z,2020-08-01T16:37:02.000Z,,True,False,False,-1,4.61,1472,False,https://cdn.scoresaber.com/covers/82A5317A5C193F491272CC1B530CEF985D766A65.png,82a5317a5c193f491272cc1b530cef985d766a65,b002,2020-06-08T18:12:35.507Z,3,14.0,0.0,776,48,0,3.979,416.0,Standard,12605,False,False,False,False,195.0,2.84,706675,4,0,0,4.36749277351187e-08,0.9467039303781795
318,451031,451031,173.6434,2.398900976276428e-12,,1,0,1,288,False,2023-05-24T17:22:19.000Z,344074,REANIMATE,,Warak,epicmoo34 & TheWildDash,481275,2021-03-31T01:42:24.000Z,2021-04-08T13:53:04.000Z,2021-03-31T23:28:26.000Z,,True,False,False,-1,4.43,1495,False,https://cdn.scoresaber.com/covers/247E7CD970F32FAFD9A14DE4904EE20EF19EA745.png,247e7cd970f32fafd9a14de4904ee20ef19ea745,16155,2021-03-31T01:15:13.881Z,5,16.0,0.3,531,22,19,3.581,430.0,Standard,2261,False,False,False,False,148.276,2.69,481275,0,0,3,4.1655332178395833e-10,0.9371585891641993
374,634439,634439,210.5786,2.814031222635576e-08,,1,1,0,681,False,2023-05-24T17:18:43.000Z,194541,Tsurupettan,,Silver Forest,Kival Evan,683675,2019-12-31T19:31:58.000Z,2020-01-16T07:40:36.000Z,2020-01-12T02:39:40.000Z,,True,False,False,-1,5.57,4083,False,https://cdn.scoresaber.com/covers/3751C4E80EA591856BE52EBCA2A9F654B0888D2A.png,3751c4e80ea591856be52ebca2a9f654b0888d2a,7b30,2019-12-31T09:50:40.054Z,7,16.0,0.75,751,8,72,4.866,463.0,Standard,6575,False,False,False,False,154.333,5.04,683675,4,2,2,5.925747552188879e-06,0.9279833254104655
250,377040,377040,211.0119,2.916094531228576e-08,,1,1,0,324,False,2023-05-24T17:01:42.000Z,347782,Der Wald,,Erehamonika,miitchel,398475,2021-04-12T12:07:49.000Z,2021-04-25T18:14:28.000Z,2021-04-12T12:25:07.000Z,,True,False,False,-1,5.12,820,False,https://cdn.scoresaber.com/covers/D0236D2C8D43BDE7AF15060A7EB052494FECAFC4.png,d0236d2c8d43bde7af15060a7eb052494fecafc4,1696d,2021-04-12T11:58:28.800Z,5,17.0,-0.26,441,0,2,3.881,303.0,Standard,544,False,False,False,False,113.625,3.31,398475,0,0,0,6.1533064761415115e-06,0.9462074157726331
430,865549,865549,206.8048,1.379987582902065e-08,,1,0,0,997,True,2023-05-24T16:47:49.000Z,384484,Spin Eternally,,Camellia,Nolanimations,909995,2021-10-12T09:14:57.000Z,2021-11-06T05:07:42.000Z,2021-10-19T23:52:27.000Z,,True,False,False,-1,4.87,3945,False,https://cdn.scoresaber.com/covers/C0CB89A82AA9E43113417572397B8F9BD4C2F236.png,c0cb89a82aa9e43113417572397b8f9bd4c2f236,,2021-10-12T08:56:34.781368Z,4,15.0,-1.3,997,8,37,4.504,819.0,Standard,8868,False,False,False,False,221.351,3.42,909995,0,0,3,2.85388056084545e-06,0.9511579733954583
532,812813,812813,177.3281,8.650257601974744e-12,,1,0,0,948,True,2023-05-24T16:42:41.000Z,373248,Spin Eternally,,Camellia,fraies & Narwhal,864915,2021-08-09T18:43:38.000Z,2021-08-25T01:26:17.000Z,2021-08-09T21:47:53.000Z,,True,False,False,-1,4.48,2388,False,https://cdn.scoresaber.com/covers/417E413D6227F556BBFC3A6B73C32CFB11AFE9E7.png,417e413d6227f556bbfc3a6b73c32cfb11afe9e7,,2021-08-09T18:26:12.516124Z,3,15.0,-1.3,948,45,217,4.241,827.0,Standard,8802,False,False,False,False,223.514,3.13,864915,0,0,6,1.5339337450687376e-09,0.939760554505356
435,237701,237701,176.6968,7.773399370659967e-12,,1,0,0,275,True,2023-05-24T16:30:51.000Z,346807,Bang!,,AJR,BrightKnight,245755,2021-04-09T06:04:59.000Z,2021-04-29T19:05:24.000Z,2021-04-16T23:36:25.000Z,,True,False,False,-1,3.51,2104,False,https://cdn.scoresaber.com/covers/8D0EDFBE3A32BABADF699BDB1937A1C0CAE1DBDC.png,8d0edfbe3a32babadf699bdb1937a1c0cae1dbdc,1677a,2021-04-09T05:35:23.480Z,6,11.0,1.0,275,0,349,1.637,392.0,Standard,2891,True,False,False,False,168.0,1.13,245755,89,15,0,1.3735347939176301e-09,0.9672275233464223
1153,133231,133231,144.4503,4.597736759066374e-14,,1,0,0,156,True,2023-05-24T16:26:45.000Z,129587,Magnetism,,M2U,squeaksies,136275,2019-03-30T17:56:13.000Z,2019-05-08T00:03:25.000Z,,,True,False,False,-1,2.33,3833,False,https://cdn.scoresaber.com/covers/75B10748149340DEA74FF1870B2A59F609ACE7F5.png,75b10748149340dea74ff1870b2a59f609ace7f5,41f3,2019-03-30T08:41:39Z,6,10.0,0.0,156,0,0,1.625,256.0,Standard,644,False,False,False,False,96.0,1.21,136275,84,3,0,6.641444541681655e-12,0.977662814162539
880,469313,469313,191.2825,3.394030700633439e-10,,1,0,1,543,False,2023-05-24T16:20:06.000Z,327882,true Hero,,Kobaryo,"Cerret, Complex & Daan",497835,2021-02-03T15:59:10.000Z,2021-02-12T03:59:50.000Z,2021-02-05T00:00:48.000Z,,True,False,False,-1,4.74,4058,False,https://cdn.scoresaber.com/covers/09F435B861416442FE61B5B2D512AFCA5C29BCF2.png,09f435b861416442fe61b5b2d512afca5c29bcf2,138ba,2021-02-03T15:37:01.829Z,7,15.0,-0.5,549,88,97,4.158,592.0,Standard,2249,False,False,False,False,132.045,3.21,497835,8,0,1,6.492186774939158e-08,0.942707925316621
1332,370606,370606,194.9683,1.024162931010861e-09,,1,0,1,299,False,2023-05-24T10:31:04.000Z,283715,In My Heart,(feat. Misato),Tsukasa,Mystikmol,399395,2020-08-01T21:55:49.000Z,2020-08-07T05:13:32.000Z,2020-08-02T22:27:13.000Z,,True,False,False,-1,5.16,6257,False,https://cdn.scoresaber.com/covers/5C8135879973BD8E27BA745497FA7D12C6A035E4.png,5c8135879973bd8e27ba745497fa7d12c6a035e4,cca8,2020-08-01T21:44:24.151Z,6,17.0,-0.5,442,0,0,4.621,196.094,Standard,1290,False,False,False,False,95.655,4.54,399395,0,0,0,1.9967930558220483e-07,0.9279184766960027
1530,303543,303543,197.5587,1.81105666646936e-09,,1,0,1,351,False,2023-05-24T10:28:43.000Z,221678,Kinman,,Kenichiro Ohishi,eZconfirmed,327635,2020-04-17T18:48:50.000Z,2020-04-23T17:16:35.000Z,,,True,False,False,-1,5.25,5762,False,https://cdn.scoresaber.com/covers/4F91AD60D9D30DB4393E9CB37DD0799CCF722A39.png,4f91ad60d9d30db4393e9cb37dd0799ccf722a39,9c0d,2020-04-17T18:41:50.863Z,4,21.0,0.2,364,0,0,6.508,110.0,Standard,384,False,False,False,False,55.932,4.08,327635,0,0,0,3.5779000065402037e-07,0.9264669525539091
288,1508823,754412,0,1.298895539557759e-18,NF,0.5,86,338,213,False,2023-05-16T17:20:27.000Z,413309,Cyaegha,,USAO,ob1cb & Water,3196195,2022-01-25T03:34:42.000Z,,,,False,False,False,-1,0,639,False,https://cdn.scoresaber.com/covers/7CE7DCE40C41F04A8C508C1BEA57B67E8FCE77E8.png,7ce7dce40c41f04a8c508c1bea57b67e8fce77e8,,2022-01-25T01:13:29.689749Z,6,20.0,-0.154,3482,0,7,25.85,449.0,Standard,0,False,True,False,False,134.7,,3196195,0,0,0,0.0,0.47206850645846077
88,647815,323908,0,2.589881566486759e-17,NF,0.5,18,105,116,False,2023-05-16T17:11:44.000Z,559504,Unlock the Blacksky,(feat. Blaxervant),Kobaryo,FentonVR,1255915,2023-05-04T19:35:41.000Z,,,,False,False,False,-1,0,149,False,https://cdn.scoresaber.com/covers/8C6925A94206BBA92043387FAFFDFC97D9C2FB52.png,8c6925a94206bba92043387faffdfc97d9c2fb52,,2023-05-04T19:25:55.799883Z,5,22.0,-0.4,1373,51,243,9.703,500.0,Standard,1698,False,False,False,False,141.509,,1255915,0,2,10,0.0,0.5158111814891931
67,1000569,500285,0,2.499235711659723e-17,NF,0.5,50,125,177,False,2023-05-15T18:44:02.000Z,559456,Nisemono Chuuihou,,B-Ko (CV:Nao Toyama),Hexagonial,1747195,2023-05-04T11:47:30.000Z,,,,False,False,False,-1,0,168,False,https://cdn.scoresaber.com/covers/DAB5F48CED82ED77B08EC95141F00A7357FB2E81.png,dab5f48ced82ed77b08ec95141f00a7357fb2e81,,2023-04-28T21:16:11.677031Z,7,21.0,0.1,1907,182,354,9.42,877.255,Standard,5109,False,False,False,False,202.443,,1747195,0,12,2,0.0,0.5726716250905022
22,1087392,543696,0,2.411762461751632e-17,NF,0.5,48,170,226,False,2023-05-15T18:40:12.000Z,558984,KOKUSHIMOSU,,Laur,DiscoBaIIerz,1948675,2023-04-30T19:28:42.000Z,,,,False,False,False,-1,0,41,False,https://cdn.scoresaber.com/covers/B8249FF99B860A2A2E6E0F002AFE67CA2A9B934A.png,b8249ff99b860a2a2e6e0f002afe67ca2a9b934a,,2023-04-30T13:53:03.046028Z,6,21.0,-0.752,2126,110,123,11.371,529.75,Standard,8348,False,False,False,False,186.971,,1948675,0,26,5,0.0,0.5580160878545678
47,1050571,525286,0,1.750170467805748e-17,NF,0.5,130,678,51,False,2023-05-15T18:31:16.000Z,197223,Nisemono but its loloppe notes,,B-ko (Cv:Touyama Nao),WDG_Mid,3447355,2020-01-14T02:42:31.000Z,,,,False,False,False,-1,0,90,False,https://cdn.scoresaber.com/covers/764A85B6D12C4BCBC4F250708BB661E14341F833.png,764a85b6d12c4bcbc4f250708bb661e14341f833,7e52,2020-01-14T02:33:57.389Z,6,20.0,0.0,3755,0,0,18.582,875.676,Standard,5150,False,True,False,False,202.079,,3447355,0,0,0,0.0,0.30474697267905393
3383,935282,467641,0,2.327350775590325e-17,NF,0.5,3,10,441,False,2023-05-15T18:25:03.000Z,556657,Idol,,YOASOBI,Comyute,1063635,2023-04-11T02:05:58.000Z,,,,False,False,False,-1,0,6855,False,https://cdn.scoresaber.com/covers/7519CD0EDE4F10F86C324228694D7202E3DA8630.png,7519cd0ede4f10f86c324228694d7202e3da8630,,2023-04-10T23:48:51.480174Z,5,18.0,-0.463,1164,10,136,5.529,582.44,Standard,3421,False,False,False,False,210.52,,1063635,0,2,2,0.0,0.8793260846060914
32,398729,199365,0,2.245893498444664e-17,NF,0.5,21,32,93,False,2023-05-15T18:18:19.000Z,551079,Be My Guest,Lucia Cover,Azari,A-PlouVR,631235,2023-02-25T03:15:37.000Z,,,,False,False,False,-1,0,55,False,https://cdn.scoresaber.com/covers/6B617200F8D4F547DCE57CF719F10A73D7BDC123.png,6b617200f8d4f547dce57cf719f10a73d7bdc123,,2023-02-25T03:11:27.541083Z,2,21.0,-0.5,694,0,2,5.674,397.5,Standard,3181,False,False,False,False,122.308,,631235,6,47,0,0.0,0.6316649108493667
126,778655,389328,0,1.376559430686344e-19,NF,0.5,88,166,73,False,2023-05-15T18:15:05.000Z,370157,Maware! Setsugetsuka ,,Utagumi Setsugetsuka,BigSlick,1653355,2021-07-24T06:56:50.000Z,,,,False,False,False,-1,0,262,False,https://cdn.scoresaber.com/covers/A4C09F44F02B340E2AE70747C898E634BDD062B3.png,a4c09f44f02b340e2ae70747c898e634bdd062b3,1a939,2021-07-24T05:23:57.828Z,5,19.0,-0.52,1805,23,10,7.878,611.0,Standard,8118,False,False,False,False,229.125,,1653355,26,262,3,0.0,0.47095451370092933
341,367083,367083,0,2.1672872259991e-17,,1,14,18,67,False,2023-05-15T18:09:30.000Z,400186,CAT GIRLS ARE RUINING MY LIFE,,Corpse,Aimedhades16 & Lonely,551195,2021-12-01T21:14:32.000Z,,,,False,False,False,-1,0,661,False,https://cdn.scoresaber.com/covers/35364B9E6D55E804897F2F3CA761D1950585689D.png,35364b9e6d55e804897f2f3ca761d1950585689d,,2021-12-01T20:45:39.447278Z,3,20.0,-0.6,607,135,6,6.366,260.625,Standard,4029,True,False,False,False,95.351,,551195,21,67,4,0.0,0.6659766507315923
316,715290,357645,0,2.018232047031012e-17,NF,0.5,28,66,107,False,2023-05-15T17:51:53.000Z,199422,"Yuunagi, Bou, Hana Madoi",,Yorushika,CoolingCloset,1278915,2020-01-25T20:59:39.000Z,,,,False,False,False,-1,0,389,False,https://cdn.scoresaber.com/covers/5637C429AEB0D11E1B4EAC1ABE3CDFE2A3D89595.png,5637c429aeb0d11e1b4eac1abe3cdfe2a3d89595,815f,2020-01-25T20:51:08.277Z,8,20.0,0.0,1398,0,3,7.085,723.492,Standard,1616,False,False,False,False,197.316,,1278915,0,7,0,0.0,0.5592944018953566
55,421139,210570,0,1.688914501432547e-17,NF,0.5,66,74,49,False,2023-05-05T13:19:04.000Z,546085,Choice,,Hitori Oto,Zokking,1037875,2023-01-22T15:15:51.000Z,,,,False,False,False,-1,0,94,False,https://cdn.scoresaber.com/covers/88A179F1B0538FCC084834359CA01AC083DD762C.png,88a179f1b0538fcc084834359ca01ac083dd762c,,2023-01-22T03:55:25.094381Z,1,10.0,-0.7,1136,493,8,8.919,254.75,Lawless,1685,False,False,False,False,127.375,,1037875,59,73,19,0.0,0.40577044441768034
27,542533,542533,0,1.629802493882407e-17,,1,3,6,376,False,2023-04-24T15:15:18.000Z,558001,French man sings sasageyo,,José Luis Cardozo,Chrisvenator,655155,2023-04-23T13:11:03.000Z,,,,False,False,False,-1,0,89,False,https://cdn.scoresaber.com/covers/1CF59A7F217A62BD22AC1CA82B4FC2CF46FE6EE0.png,1cf59a7f217a62bd22ac1ca82b4fc2cf46fe6ee0,,2023-04-23T09:21:42.417465Z,,20.0,-0.05,720,3,0,8.403,171.375,Standard,2582,False,False,False,True,85.688,,655155,0,0,0,0.0,0.8280986942021353
109,720011,720011,0,1.572759406596523e-17,,1,2,7,160,False,2023-04-20T16:59:33.000Z,545066,Hawaiian Roller Coaster Ride [6L Fitbeat],,Jump5,Scarladore,812475,2023-01-16T02:57:52.000Z,,,,False,False,False,-1,0,638,False,https://cdn.scoresaber.com/covers/19ADAD521AD96C1AA290193D5F8F437FF16E2CE4.png,19adad521ad96c1aa290193d5f8f437ff16e2ce4,,2023-01-16T01:06:51.854487Z,4,17.0,0.11,891,18,484,5.018,328.5,Standard,2877,True,True,False,False,177.568,,812475,0,0,0,0.0,0.8861946521431429
18,430572,430572,0,1.517712827365645e-17,,1,1,5,247,False,2023-04-20T16:53:16.000Z,548409,Shadows,,Aero Chord,D7oomyAli,472075,2023-02-06T14:36:46.000Z,,,,False,False,False,-1,0,69,False,https://cdn.scoresaber.com/covers/52525D54CA018803095A281A1D27A4A49934CEA7.png,52525d54ca018803095a281a1d27a4a49934cea7,,2023-02-06T14:07:03.902573Z,3,18.0,0.0,521,0,408,3.882,425.0,Standard,1754,False,False,False,False,134.211,,472075,0,0,0,0.0,0.9120838849759042
61,436548,436548,0,1.464592878407847e-17,,1,4,13,156,False,2023-04-20T16:49:50.000Z,548432,Shadows,,Aero Chord,D7oomyAli,534635,2023-02-06T18:47:11.000Z,,,,False,False,False,-1,0,148,False,https://cdn.scoresaber.com/covers/52525D54CA018803095A281A1D27A4A49934CEA7.png,52525d54ca018803095a281a1d27a4a49934cea7,,2023-02-06T14:07:03.902573Z,3,19.0,-0.1,589,26,422,4.389,425.0,Standard,1817,False,False,False,False,134.211,,534635,0,0,0,0.0,0.8165346451317254
65,789222,789222,0,1.363865503195347e-17,,1,3,10,185,False,2023-04-20T16:41:09.000Z,555144,Tetris,,Doctor P,xxZAROKxx,911835,2023-03-26T21:44:33.000Z,,,,False,False,False,-1,0,217,False,https://cdn.scoresaber.com/covers/E36AF2F4A282DEE1CFFAC518732B992AF2A295A3.png,e36af2f4a282dee1cffac518732b992af2a295a3,,2023-03-25T22:54:11.053791Z,4,16.0,-0.717,999,192,574,4.571,510.0,Standard,4556,True,False,True,False,218.571,,911835,0,0,15,0.0,0.865531592886871
225,272540,272540,0,1.31613021058351e-17,,1,18,23,51,False,2023-04-15T18:59:57.000Z,137863,Look At Me! (Short Ver.),,XXXTENTACION,JeT,608235,2019-05-05T17:31:48.000Z,,,,False,False,False,-1,0,456,False,https://cdn.scoresaber.com/covers/EFB080413367BB9D41E39E9B528A77484CF56F08.png,efb080413367bb9d41e39e9b528a77484cf56f08,4ad0,2019-05-05T16:26:38Z,4,20.0,0.0,669,0,0,12.108,128.0,Standard,688,False,False,False,False,55.252,,608235,17,0,0,0.0,0.44808338882175475
609,667369,667369,0,1.270065653213087e-17,,1,7,17,189,False,2023-04-15T18:56:50.000Z,225839,Earthly Life with Fallen Angel,,Koteyubi,Dennileon1,936675,2020-04-26T13:06:14.000Z,,,,False,False,False,-1,0,869,False,https://cdn.scoresaber.com/covers/0AFB6AC5CC7AB32A7B8749BD35A326B587BFB479.png,0afb6ac5cc7ab32a7b8749bd35a326b587bfb479,9f60,2020-04-26T12:53:20.651Z,4,21.0,-0.253,1026,0,16,10.435,327.75,Standard,0,False,False,False,False,98.325,,936675,10,6,0,0.0,0.712487255451464
501,798602,798602,0,1.225613355350629e-17,,1,14,48,133,False,2023-04-15T18:53:00.000Z,225153,Icicle Stinger,,Rokina,WDG_Mid,1374595,2020-04-24T21:41:55.000Z,,,,False,False,False,-1,0,736,False,https://cdn.scoresaber.com/covers/CA3B9E2C8DE622137FF620DF576EDF4F5BBABDA6.png,ca3b9e2c8de622137ff620df576edf4f5bbabda6,9eb6,2020-04-24T21:38:34.374Z,6,23.0,0.0,1502,0,169,11.734,608.047,Standard,3449,False,False,False,False,128.01,,1374595,1,0,0,0.0,0.5809725773773367
432,272615,272615,0,1.182716887913357e-17,,1,11,1,254,False,2023-04-15T18:23:41.000Z,236935,Yellow Triangle Daces Ha Ha :),,Yellow Triangle,mrSmile,785795,2020-05-08T20:17:29.000Z,,,,False,False,False,-1,0,1473,False,https://cdn.scoresaber.com/covers/63A62197B4B92572B6C18CC78A636683C01D0F12.png,63a62197b4b92572b6c18cc78a636683c01d0f12,a41c,2020-05-08T20:16:15.489Z,2,18.0,0.0,862,0,0,31.926,78.75,Standard,0,False,False,False,False,27.0,,785795,116,0,0,0.0,0.34692890639416135
127,364660,364660,0,1.14132179683639e-17,,1,38,11,133,False,2023-04-15T18:16:52.000Z,85612,Her doll like love is full of lies,,,BBbear,609155,2018-11-05T09:21:52.000Z,,,,False,False,False,-1,0,188,False,https://cdn.scoresaber.com/covers/47C38E9C293B499A97EB75E0A99672576A4DC48A.png,47c38e9c293b499a97eb75e0a99672576a4dc48a,1df1,2018-11-04T15:16:48Z,2,8.0,0.0,670,40,0,5.758,271.5,Standard,171,False,False,False,False,116.357,,609155,48,104,2,0.0,0.5986325319499963
401,142877,142877,0,1.101375533947116e-17,,1,16,9,57,False,2023-04-15T18:13:26.000Z,238887,Hoi ik ben max v2,,Max,sheep,290835,2020-05-11T22:00:06.000Z,,,,False,False,False,-1,0,795,False,https://cdn.scoresaber.com/covers/E76EB90D6BD2D5824AF0F296E2969025ABB1A62B.png,e76eb90d6bd2d5824af0f296e2969025abb1a62b,a556,2020-05-11T21:56:00.525Z,1,10.0,0.0,324,103,3,11.945,54.25,Standard,402,False,False,False,False,27.125,,290835,15,27,3,0.0,0.4912648065054068
9,1048446,524223,0,3.279926249163111e-18,NF,0.5,40,55,119,False,2023-04-15T17:57:02.000Z,555440,The Daybreak Will Never Come Again,,seatrus,Chrisvenator,1524555,2023-03-29T10:43:41.000Z,,,,False,False,False,-1,0,24,False,https://cdn.scoresaber.com/covers/FC1E2C662CF67559F122CBDDDF378FC4ED98CA04.png,fc1e2c662cf67559f122cbdddf378fc4ed98ca04,,2023-03-29T10:34:24.513648Z,5,21.4,-0.378,1665,6,65,11.011,504.021,Standard,7065,False,False,False,False,151.206,,1524555,2,38,1,0.0,0.6877062487086396
107,776103,388052,0,1.062827390258967e-17,NF,0.5,26,42,115,False,2023-04-15T17:12:19.000Z,556978,Shinda,,Masayoshi Oishi,Cush,1135395,2023-04-14T08:48:11.000Z,,,,False,False,False,-1,0,239,False,https://cdn.scoresaber.com/covers/6292CEA40792F9ED52CFB53F9880B21061DCD119.png,6292cea40792f9ed52cfb53f9880b21061dcd119,,2023-04-14T08:41:54.470478Z,3,18.0,-0.87,1242,0,93,5.733,440.531,Standard,3895,False,False,False,False,216.655,,1135395,0,0,0,0.0,0.6835533008336306
140,936414,936414,0,9.897314364939063e-18,,1,6,1,517,False,2023-04-15T17:02:03.000Z,556829,Pixie Dust,,nanobii,Nolanimations,1046155,2023-04-12T22:53:35.000Z,,,,False,False,False,-1,0,386,False,https://cdn.scoresaber.com/covers/146950CBD2002F486B31919DDAA1FF68A901EA3C.png,146950cbd2002f486b31919ddaa1ff68a901ea3c,,2023-04-12T21:38:24.188147Z,4,17.0,-0.3,1145,0,49,6.08,565.0,Standard,3988,False,False,False,False,188.333,,1046155,0,12,0,0.0,0.8951006304037165
485,294779,294779,184.6631,3.862619070620303e-11,,1,0,0,344,True,2023-04-15T16:49:06.000Z,186826,Chocolate Planet,,Freezer ft. Kiichigo,Mystikmol,309235,2019-11-19T13:42:00.000Z,2019-11-19T22:04:40.000Z,,,True,False,False,-1,4.28,4957,False,https://cdn.scoresaber.com/covers/176E1549CC6AA8CE28517676C0894F7C16308ED5.png,176e1549cc6aa8ce28517676c0894f7c16308ed5,70d7,2019-11-19T11:04:27.328Z,4,11.0,0.0,344,0,4,3.013,352.0,Standard,2646,False,False,False,False,114.162,2.5,309235,18,10,0,7.13283211699864e-09,0.953252380875386
193,94259,94259,175.6925,4.720558321908679e-12,,1,0,0,115,True,2023-04-15T16:46:57.000Z,361426,fractal,,FELT,Kival Evan,98555,2021-06-10T19:40:15.000Z,2021-09-19T16:53:04.000Z,2021-09-08T08:13:58.000Z,,True,False,False,-1,3.96,658,False,https://cdn.scoresaber.com/covers/F9FE1BE6F1ECACEE469E79CFEF52CFE2A037B935.png,f9fe1be6f1ecacee469e79cfef52cfe2a037b935,1902e,2021-06-10T12:28:28.033Z,7,9.0,0.25,115,0,102,1.335,255.5,Standard,2416,False,False,False,False,86.124,2.45,98555,5,4,0,8.293666929719406e-10,0.956410126325402
410,124889,124889,195.5404,1.139690984239921e-09,,1,0,0,149,True,2023-04-15T16:45:11.000Z,343223,Chapter 99: Afterword,,t+pazolite,Emilia,129835,2021-03-27T19:58:44.000Z,2021-04-08T13:52:42.000Z,2021-03-29T01:54:22.000Z,,True,False,False,-1,4.17,1736,False,https://cdn.scoresaber.com/covers/5E51E3CAC6B1DC3376F776F6E6B961B754FF9CC4.png,5e51e3cac6b1dc3376f776f6e6b961b754ff9cc4,15f74,2021-03-27T19:55:29.177Z,6,15.0,0.5,149,4,27,2.457,190.0,Standard,1774,False,False,False,False,60.648,0.98,129835,0,0,0,2.2285563093466788e-07,0.9619054954365156
232,554038,554038,0,9.216626569490379e-18,,1,4,19,157,False,2023-04-12T15:33:21.000Z,529548,Speedcore Paradise,,Imil,Emilia,936675,2022-10-05T15:38:49.000Z,,,,False,False,False,-1,0,404,False,https://cdn.scoresaber.com/covers/65271048A9A759FECA86CED657D1733D5994CDF1.png,65271048a9a759feca86ced657d1733d5994cdf1,,2022-10-05T15:27:16.310268Z,4,20.727,-1.375,1026,83,1348,7.792,768.062,Standard,4963,False,False,False,False,131.668,,936675,827,0,25,0.0,0.5914943817225825
496,799279,799279,0,8.894044639558214e-18,,1,3,13,223,False,2023-04-12T15:19:37.000Z,549132,Kokoro Yohou,(Project SEKAI ver.),Eve,Ge2toro,939435,2023-02-11T09:04:36.000Z,,,,False,False,False,-1,0,2457,False,https://cdn.scoresaber.com/covers/0EF33396F5982458142296242D4EE94AEF6451EB.png,0ef33396f5982458142296242d4ee94aef6451eb,,2023-02-11T08:20:18.739203Z,4,18.0,-0.72,1029,20,136,5.251,467.0,Standard,8018,True,False,False,True,195.944,,939435,0,1,7,0.0,0.8508081985448701
417,905468,452734,0,1.162665950827925e-21,NF,0.5,27,96,143,False,2023-04-12T14:48:21.000Z,389349,Winter Death,,DJ Myosuke,Fnyt,1351595,2021-10-25T22:22:12.000Z,,,,False,False,False,-1,0,657,False,https://cdn.scoresaber.com/covers/2CBA9CE9D16D128E20ABDDC3E4A802CD0BB457AB.png,2cba9ce9d16d128e20abddc3e4a802cd0bb457ab,,2021-10-25T21:48:44.262367Z,5,23.25,-1.15,1477,239,218,9.616,1024.0,Standard,6704,False,False,False,False,153.6,,1351595,0,0,26,0.0,0.6699255324265035
266,602871,602871,0,8.582753077173677e-18,,1,8,1,192,False,2023-04-12T14:45:02.000Z,513656,Chandelier [チャンデリア],,Murasaki Shion,Idlebob,700235,2022-08-30T17:30:19.000Z,,,,False,False,False,-1,0,1133,False,https://cdn.scoresaber.com/covers/16F26AE118399B58A3230ACAD7BEFF494F551644.png,16f26ae118399b58a3230acad7beff494f551644,,2022-08-30T16:54:40.736800Z,3,18.0,-0.75,769,0,0,6.898,262.0,Standard,2831,False,False,False,False,111.489,,700235,0,0,0,0.0,0.8609552507372525
103,553817,553817,0,8.282356719472598e-18,,1,6,7,211,False,2023-04-12T14:42:08.000Z,532617,FUBUKI BAR,feat. Shirakami Fubuki,0_0 ch.,Idlebob,662515,2022-10-18T14:48:03.000Z,,,,False,False,False,-1,0,306,False,https://cdn.scoresaber.com/covers/2FC597652C5F7F11E11FB5054935829E78DC6557.png,2fc597652c5f7f11e11fb5054935829e78dc6557,,2022-10-18T14:36:37.890319Z,3,17.0,-0.7,728,0,8,6.651,259.042,Standard,3407,False,False,False,False,109.454,,662515,0,0,0,0.0,0.835931261933692
47,908123,908123,0,7.992474234291057e-18,,1,6,11,162,False,2023-04-12T14:39:49.000Z,536239,Kusaregedou to Chocolate,(Fubuki Cover),Hatsune Miku,Rigid,1054435,2022-11-10T18:33:58.000Z,,,,False,False,False,-1,0,271,False,https://cdn.scoresaber.com/covers/313EB30694C4CB33F764F2A1516224DDB62E50B3.png,313eb30694c4cb33f764f2a1516224ddb62e50b3,,2022-11-10T16:55:48.716517Z,6,21.0,0.0,1154,173,58,6.322,395.5,Standard,4230,False,False,False,False,182.538,,1054435,5,0,22,0.0,0.8612413282942998
53,465073,465073,0,7.712737636090869e-18,,1,7,2,136,False,2023-04-12T14:36:13.000Z,399193,Pekora's Ecchi Canyon,,kyokuP,Idlebob,550275,2021-11-27T23:24:22.000Z,,,,False,False,False,-1,0,121,False,https://cdn.scoresaber.com/covers/92090E0EDF1CFA726EAC72541FE7ADFC1F0E06DE.png,92090e0edf1cfa726eac72541fe7adfc1f0e06de,,2021-11-27T23:00:51.607472Z,3,20.0,-0.65,606,18,24,8.426,190.0,Standard,2400,False,False,False,False,71.92,,550275,0,0,10,0.0,0.8451646903820816
97,333072,333072,0,7.44279181882769e-18,,1,8,7,81,False,2023-04-12T14:34:32.000Z,547210,Rap god Fubuki nerds out over glasses,,Shirakami Fubuki,Uragirimono,438035,2023-01-29T16:32:12.000Z,,,,False,False,False,-1,0,233,False,https://cdn.scoresaber.com/covers/7893DFDC220432D20FC504170CD2EF4B44F7C998.png,7893dfdc220432d20fc504170cd2ef4b44f7c998,,2023-01-29T16:05:07.050814Z,6,20.0,-0.385,484,71,58,11.671,141.0,Standard,1909,False,False,False,False,41.471,,438035,0,0,3,0.0,0.7603775953976281
1827,767214,767214,260.3868,3.257773375787242e-05,,1,20,30,177,False,2023-04-12T14:27:28.000Z,275325,* Crow Solace *,,m108,EpicTroller,1083875,2020-06-28T23:53:08.000Z,2020-07-11T20:52:34.000Z,2020-07-06T16:37:20.000Z,,True,False,False,-1,10.01,2434,False,https://cdn.scoresaber.com/covers/321AE03C2A7CC981BE02206ACFEB855426E20973.png,321ae03c2a7cc981be02206acfeb855426e20973,b749,2020-06-28T20:30:19.527Z,4,23.0,-0.4,1186,52,13,8.764,424.0,Standard,4842,False,False,False,False,135.319,9.64,1083875,0,0,7,0.008482811844464373,0.7078436166532118
321,831056,831056,212.1213,3.611085059194924e-08,,1,0,0,971,True,2023-04-12T14:19:31.000Z,452567,YURUSHITE,(Uncut Edition),t+pazolite,"ptotpa, Astrella, & miitchel",886075,2022-05-08T20:10:41.000Z,2022-06-14T04:44:38.000Z,2022-05-12T07:04:18.000Z,,True,False,False,-1,5.39,1527,False,https://cdn.scoresaber.com/covers/E57B5AD1E8301F55F861C6EA12A5DA254977C150.png,e57b5ad1e8301f55f861c6ea12a5da254977c150,,2022-05-08T19:00:45.933861Z,7,15.0,-0.45,971,0,440,4.668,936.0,Standard,10432,False,False,False,False,208.0,4.5,886075,0,0,0,7.659880571670042e-06,0.9379070620432808
424,769994,769994,0,7.18229410516872e-18,,1,19,7,252,False,2023-04-12T14:13:39.000Z,78588,Black Emperor,,Chart by Mystikmol,Chroma,1084795,2018-10-08T20:08:41.000Z,,,,False,False,False,-1,0,2105,False,https://cdn.scoresaber.com/covers/AA4038E7B937773382C569A097D7B3CF0C40407D.png,aa4038e7b937773382c569a097d7b3cf0c40407d,1949,2018-10-08T10:36:29Z,6,15.0,0.0,1187,0,1,10.105,352.41,Standard,1047,False,False,False,False,117.47,,1084795,79,73,0,0.0,0.7098060002120217
3226,708861,708861,217.366,6.385585214637607e-08,,1,8,6,379,False,2023-04-12T14:10:32.000Z,78585,Black Emperor,,Chart by Mystikmol,Chroma,881475,2018-10-08T11:47:06.000Z,,,,True,False,False,-1,7.46,8186,False,https://cdn.scoresaber.com/covers/AA4038E7B937773382C569A097D7B3CF0C40407D.png,aa4038e7b937773382c569a097d7b3cf0c40407d,1949,2018-10-08T10:36:29Z,6,15.0,0.0,966,0,0,8.223,352.41,Standard,1048,False,False,False,False,117.47,6.34,881475,45,42,0,1.3880091157649182e-05,0.8041759550752999
332,112903,112903,158.3028,1.338827739508181e-13,,1,0,0,134,True,2023-04-12T14:07:10.000Z,546138,Ov Sacrament and Sincest,(feat. Storm Strope),Infant Annihilator,GojiCrafter,116035,2023-01-22T18:44:35.000Z,2023-03-03T17:50:36.000Z,2023-01-25T09:54:26.000Z,,True,False,False,-1,2.84,811,False,https://cdn.scoresaber.com/covers/F07F360D313A098DD57EB2D367FA0DC653009F20.png,f07f360d313a098dd57eb2d367fa0dc653009f20,,2023-01-22T18:12:38.029458Z,8,9.641,4.0,134,0,2347,0.694,1094.0,Standard,11398,False,False,False,False,193.059,0.89,116035,0,0,0,2.1194017988181566e-11,0.9730081440944542
65,4819,4819,0,4.68372022286254e-18,,1,2,1,16,False,2023-04-05T14:00:04.000Z,540146,fnf or black history month?,,Goofy Ahh Productions,ChimpyWolfy,15755,2022-12-09T02:24:28.000Z,,,,False,False,False,-1,0,493,False,https://cdn.scoresaber.com/covers/A0326E37F0F3887026DFD5348C0188BAEFF26E3D.png,a0326e37f0f3887026dfd5348c0188baeff26e3d,,2022-12-09T01:42:43.991225Z,,16.0,0.0,25,85,3,4.484,9.292,Standard,36,False,False,False,False,5.575,,15755,3,0,4,0.0,0.30587115201523324
225,341483,170742,0,6.930913811487814e-18,NF,0.5,42,36,75,False,2023-04-05T13:56:28.000Z,550707,Cat Rubbing,covered by Nakiri Ayame,Kashii Moimi,Ken_Monogatari,620195,2023-02-22T08:48:34.000Z,,,,False,False,False,-1,0,401,False,https://cdn.scoresaber.com/covers/64A3F21F3096B2EA16BE235D29775E90FA9C51A7.png,64a3f21f3096b2ea16be235d29775e90fa9c51a7,,2023-02-22T07:16:23.571136Z,3,17.5,-0.505,682,24,60,6.035,307.0,Standard,1332,False,False,False,False,113.006,,620195,0,26,0,0.0,0.5506058578350358
2209,956452,956452,239.4561,1.576676170758191e-06,,1,14,24,236,False,2023-04-05T13:44:34.000Z,375754,You'll Be Gone,,YonKaGor,EmotionalFlight,1197955,2021-08-22T02:08:18.000Z,2021-12-09T13:11:04.000Z,,,True,False,False,-1,8.29,4991,False,https://cdn.scoresaber.com/covers/BF8FEED6E50DA0845614177BE5A9B50340BDE6B9.png,bf8feed6e50da0845614177be5a9b50340bde6b9,,2021-08-22T00:30:49.855539Z,5,19.0,0.2,1310,57,44,5.985,456.0,Standard,3211,False,False,False,False,218.88,8.33,1197955,2,0,24,0.0003775447268126905,0.7984039467258787
2711,357607,357607,0,6.688331828085741e-18,,1,9,12,112,False,2023-04-05T13:35:48.000Z,314220,Up & Down,,Marnik,The Good Boi,472995,2020-12-21T02:31:46.000Z,,,,False,False,False,-1,0,20509,False,https://cdn.scoresaber.com/covers/2AA85AAD10E124EB674D18D49251BC94EE1A4283.png,2aa85aad10e124eb674d18d49251bc94ee1a4283,11cf8,2020-12-20T21:25:04.106Z,7,17.0,0.0,522,0,8,3.335,360.0,Standard,2790,True,False,True,False,156.522,,472995,27,14,0,0.0,0.7560481611856362
516,897727,897727,0,6.45424021410274e-18,,1,5,14,314,False,2023-04-05T13:31:42.000Z,468677,Garakuta Doll Play, (Tanger Remix),t+pazolite,Ge2toro,1045235,2022-06-05T11:15:57.000Z,,,,False,False,False,-1,0,1622,False,https://cdn.scoresaber.com/covers/B9B64CEE3EA925761A67880DF7A5C07C6A09FB4F.png,b9b64cee3ea925761a67880df7a5c07c6a09fb4f,,2022-06-05T10:40:06.929101Z,4,19.0,-0.82,1144,0,183,6.699,381.396,Standard,3480,False,False,False,False,170.774,,1045235,0,4,0,0.0,0.8588757552129426
69,540845,540845,0,6.228341806609143e-18,,1,13,5,165,False,2023-04-05T13:27:40.000Z,532931,Obtain An Unused Whale In The Abstract Sea,(WACCA Ver.),Kobaryo,PnfrlEnm,672635,2022-10-20T17:47:49.000Z,,,,False,False,False,-1,0,266,False,https://cdn.scoresaber.com/covers/B260BFF17841D1C42F94FB317291DCDB08CE33F2.png,b260bff17841d1c42f94fb317291dcdb08ce33f2,,2022-10-20T15:58:45.019272Z,5,17.0,0.0,739,8,49,5.463,243.5,Standard,3128,False,False,False,False,135.278,,672635,14,119,0,0.0,0.8040690716361771
102,629868,629868,0,6.010349843377823e-18,,1,12,23,140,False,2023-04-05T13:23:44.000Z,318190,Karakurenai,,UNDEAD CORPORATION,nolan121405,855715,2021-01-04T15:35:34.000Z,,,,False,False,False,-1,0,143,False,https://cdn.scoresaber.com/covers/80DE6AAEF03321075E58AF6F93BEC1ECF4165D41.png,80de6aaef03321075e58af6f93bec1ecf4165d41,123e8,2021-01-04T02:51:44.816Z,4,20.0,-0.4,938,0,3,8.09,328.5,Standard,4241,False,False,False,False,115.941,,855715,0,9,0,0.0,0.7360721735624595
122,156721,156721,0,5.799987598859599e-18,,1,13,5,41,False,2023-04-05T13:13:06.000Z,553152,Heizou - Storm Chaser,,Xin Zhao,Cush,242995,2023-03-12T04:07:02.000Z,,,,False,False,False,-1,0,222,False,https://cdn.scoresaber.com/covers/47338DC4F1BCC10457F0F087DF360A4D3487FE8E.png,47338dc4f1bcc10457f0f087df360a4d3487fe8e,,2023-03-12T03:58:55.888636Z,2,17.0,-0.744,272,31,38,3.74,147.875,Standard,820,False,False,False,False,72.725,,242995,0,0,0,0.0,0.6449556575238173
160,137610,68805,0,5.596988032899513e-18,NF,0.5,74,96,22,False,2023-04-05T13:10:06.000Z,423255,LUDICROUS+,,Jaroslav Beck,A Jhintleman,622035,2022-03-18T05:08:56.000Z,,,,False,False,False,-1,0,350,False,https://cdn.scoresaber.com/covers/319503F83B147A7F864CC2301F4AE01AD754CCB6.png,319503f83b147a7f864cc2301f4ae01ad754ccb6,,2022-03-18T00:43:16.898842Z,4,16.0,-0.9,684,101,105,6.211,238.625,Lawless,18850,True,False,False,False,110.135,,622035,91,91,10,0.0,0.22122549374231354
700,1960717,980359,57.80558,2.336485315475722e-14,NF,0.5,49,58,354,False,2023-04-05T13:05:51.000Z,485094,Weeaboo Spookfest II,Necro-Degeneracy,ReeK,"Bitz, Luck, Joshabi & Aquaflee",2570595,2022-07-06T22:36:56.000Z,2022-08-11T05:19:37.000Z,2022-07-12T03:19:18.000Z,,True,False,False,-1,11.85,1781,False,https://cdn.scoresaber.com/covers/B3A1950F5974DB1CCAB5C09C500AB3CBB77980C0.png,b3a1950f5974db1ccab5c09c500ab3cbb77980c0,,2022-07-06T22:24:48.697161Z,2,20.2,-0.2,2802,1212,1111,7.47,1375.445,Standard,28370,True,False,False,False,375.121,11.8,2570595,3,116,92,1.3506188882255708e-12,0.7627483131337297
1026,962637,962637,300.2859,0.02210153959799737,,1,8,14,243,False,2023-04-05T12:58:06.000Z,402110,Untouched,(Colin Hennerz Remix) [nxc edit],The Veronicas,RocKz vs. Shappy,1151955,2021-12-09T12:57:55.000Z,2022-06-14T04:33:47.000Z,2022-03-14T13:56:18.000Z,,True,False,False,-1,9.79,3094,False,https://cdn.scoresaber.com/covers/129DF707EA05945194382050F85945F48446045C.png,129df707ea05945194382050f85945f48446045c,,2021-12-09T08:57:03.136382Z,2,20.0,-0.12,1260,266,19,8.149,546.0,Standard,6734,False,False,False,False,154.613,9.79,1151955,4,23,54,6.636780709570279,0.8356550386082789
82,766298,766298,0,5.40109345174803e-18,,1,21,10,189,False,2023-04-05T12:49:38.000Z,552284,Kimagure Mercy,feat. Hatsune Miku,Hachioji P,aruru,953235,2023-03-06T13:57:31.000Z,,,,False,False,False,-1,0,193,False,https://cdn.scoresaber.com/covers/337DD5C72C2DDB3A90DF4B32D71BB50D0012C691.png,337dd5c72c2ddb3a90df4b32d71bb50d0012c691,,2023-03-06T13:32:57.789984Z,4,19.0,-0.55,1044,26,161,5.278,527.5,Standard,2232,False,False,False,False,197.813,,953235,0,32,3,0.0,0.8038920098401758
50,941584,941584,0,5.029633249604059e-18,,1,4,0,415,False,2023-04-05T12:30:48.000Z,543357,Number 9,,T-ARA,Jabob,1035115,2023-01-04T04:50:41.000Z,,,,False,False,False,-1,0,248,False,https://cdn.scoresaber.com/covers/43672705ADC7EC0C053A9D280D678F07E1EB949B.png,43672705adc7ec0c053a9d280d678f07e1eb949b,,2023-01-04T02:01:41.478026Z,3,18.0,-0.9,1133,46,592,5.04,479.542,Standard,5081,False,False,False,False,224.785,,1035115,8,65,25,0.0,0.9096419238442105
31,1195020,1195020,0,4.853596085867917e-18,,1,1,0,1168,False,2023-04-05T12:25:05.000Z,553499,Lyrical Monster,,Shirogane Noel,Joshabi,1274315,2023-03-14T13:26:30.000Z,,,,False,False,False,-1,0,254,False,https://cdn.scoresaber.com/covers/CC926477AFACF78E84D24C6A3691CE91837843E5.png,cc926477afacf78e84d24c6a3691ce91837843e5,,2023-03-14T13:10:45.591266Z,1,18.0,-0.55,1393,0,609,5.441,648.542,Standard,2858,False,False,False,False,256.003,,1274315,0,0,0,0.0,0.9377744121351471
758,906824,906824,236.3009,8.916194165512653e-07,,1,1,0,1024,False,2023-04-05T12:19:20.000Z,347594,Der Herrgott hot glocht,(HARDSTYLE BUAMZ & HIGH LEVEL REMIX),Sandesh Manuel,"MonsterWook, FatBeanzoop & Fnyt",963355,2021-04-11T21:02:26.000Z,2021-04-22T16:22:08.000Z,2021-04-11T21:46:50.000Z,,True,False,False,-1,5.91,3981,False,https://cdn.scoresaber.com/covers/7C0DDC059DC720D7AD1EFA93C0E448BCCAA5B877.png,7c0ddc059dc720d7ad1efa93c0e448bccaa5b877,168de,2021-04-11T12:54:30.590Z,4,18.0,-0.15,1055,0,202,6.175,569.5,Standard,1950,False,False,False,False,170.85,5.61,963355,0,0,0,0.0002106904705885389,0.9413186208614686
641,475613,475613,185.2429,4.956677773537517e-11,,1,0,0,550,True,2023-04-05T12:06:36.000Z,546136,Ov Sacrament and Sincest,(feat. Storm Strope),Infant Annihilator,GojiCrafter,498755,2023-01-22T18:40:51.000Z,2023-03-03T17:50:34.000Z,2023-01-25T09:54:24.000Z,,True,False,False,-1,4.28,1760,False,https://cdn.scoresaber.com/covers/F07F360D313A098DD57EB2D367FA0DC653009F20.png,f07f360d313a098dd57eb2d367fa0dc653009f20,,2023-01-22T18:12:38.029458Z,8,12.0,1.464,550,0,1690,2.825,1103.333,Standard,11398,False,False,False,False,194.706,1.75,498755,0,0,0,9.181893651356329e-09,0.953600465158244
171,229161,229161,0,4.51979001506235e-18,,1,9,19,108,False,2023-04-04T13:51:51.000Z,544762,Passing Thru,(Tiktok mix),Kevin Mackay,Kriby,443555,2023-01-14T06:13:43.000Z,,,,False,False,False,-1,0,566,False,https://cdn.scoresaber.com/covers/1BEEC2633CDF2A8797C86F73C761BFCB7A95AFBE.png,1beec2633cdf2a8797c86f73c761bfcb7a95afbe,,2023-01-14T05:01:08.985842Z,1,18.0,0.0,490,0,9,18.108,50.062,Standard,0,False,False,False,False,27.061,,443555,92,18,0,0.0,0.5166461881841035
499,262660,262660,0,4.208941456776437e-18,,1,2,7,161,False,2023-04-04T13:43:44.000Z,359333,21st Century Humor,But It's A Rave Song,Rocky,the fellas,324875,2021-05-28T21:45:38.000Z,,,,False,False,False,-1,0,957,False,https://cdn.scoresaber.com/covers/9355E6E1F184599679CF5F75A22CE998D6FF6559.png,9355e6e1f184599679cf5f75a22ce998d6ff6559,187f5,2021-05-28T21:39:19.237Z,4,20.0,-0.33620018,361,0,27,9.623,125.047,Standard,0,False,False,False,False,37.514,,324875,0,5,0,0.0,0.8084955752212389
531,154084,154084,0,4.061628505789261e-18,,1,5,6,89,False,2023-04-04T13:38:23.000Z,140347,SORRIZO RONALDO,,v2,JeT,234715,2019-05-19T17:24:12.000Z,,,,False,False,False,-1,0,1128,False,https://cdn.scoresaber.com/covers/FA0B09B79F11D0E059CF67B0630EDEB0A5126E2A.png,fa0b09b79f11d0e059cf67b0630edeb0a5126e2a,4dc4,2019-05-18T23:21:01Z,4,15.0,0.0,263,0,16,6.262,91.0,Standard,296,False,False,False,False,42.0,,234715,17,12,0,0.0,0.6564727435400379
1373,1464943,732472,48.88626,8.616439232751179e-15,NF,0.5,56,59,251,False,2023-04-04T13:27:52.000Z,371281,Carmina,(fallen shepherd Remix),CANVAS feat. Quimar,abcbadq,1870475,2021-07-30T14:00:27.000Z,2021-08-25T01:18:45.000Z,2021-07-30T17:06:17.000Z,,True,False,False,-1,9.76,2403,False,https://cdn.scoresaber.com/covers/8CF4844D5DD7728214292F7F6E2FE89A50F528BC.png,8cf4844d5dd7728214292f7f6e2fe89a50f528bc,1ac17,2021-07-30T13:55:06.076Z,5,20.0,-0.35,2041,0,217,8.302,799.0,Standard,7227,False,False,False,False,245.846,9.81,1870475,0,0,0,4.212254886064746e-13,0.7831930392012724
3095,943818,471909,51.89241,1.275050490689254e-14,NF,0.5,20,42,165,False,2023-04-04T13:14:49.000Z,369369,cold weather,(GWIZ '180mph on the 405' Remix),glass beach,foxy boi,1307435,2021-07-18T20:31:06.000Z,2021-08-01T03:27:59.000Z,2021-07-23T17:10:37.000Z,,True,False,False,-1,11.24,7393,False,https://cdn.scoresaber.com/covers/A043595F41E8B23CE5DB900218C4B13C74149BCA.png,a043595f41e8b23ce5db900218c4b13c74149bca,1a67e,2021-07-18T20:25:38.183Z,6,21.0,-0.55,1429,253,12,9.302,460.875,Standard,7103,False,False,False,False,153.625,11.52,1307435,1,109,34,6.616544283354794e-13,0.7218852180031895
1076,301770,150885,31.87272,1.796923616879032e-15,NF,0.5,47,45,48,False,2023-04-04T13:10:27.000Z,535267,brutale aap,,gladde paling,Bitz & HypersonicSharkz,669875,2022-11-03T15:20:22.000Z,2022-12-23T08:51:49.000Z,2022-11-16T15:16:56.000Z,,True,False,False,-1,11.06,2704,False,https://cdn.scoresaber.com/covers/EEA1381EA9DDADCBA54006660B841418ED0591D8.png,eea1381ea9ddadcba54006660b841418ed0591d8,,2022-11-03T14:24:32.145899Z,5,18.0,-0.5,736,889,55,8.239,268.0,Standard,21375,True,False,False,False,89.333,10.41,669875,25,34,18,5.727284330217267e-14,0.4504870311625303
73,274185,137093,0,3.919471508086637e-18,NF,0.5,98,92,42,False,2023-04-04T13:07:42.000Z,555357,fissa x 13,(ft. gevoelige snaar),gladde paling,Astellic,870435,2023-03-28T15:43:35.000Z,,,,False,False,False,-1,0,134,False,https://cdn.scoresaber.com/covers/8722A67E925857746721F5D44ACD1C5B76424381.png,8722a67e925857746721f5d44acd1c5b76424381,,2023-03-28T15:34:47.340647Z,4,18.0,0.0,954,98,32,8.971,319.0,Standard,5492,False,False,False,False,106.34,,870435,33,86,4,0.0,0.3149976735770046
578,236420,118210,0,3.782290005303605e-18,NF,0.5,54,96,36,False,2023-04-04T13:04:41.000Z,509808,fissa x13,ft. gevoelige snaar,gladdle paling,Sapphire,704835,2022-08-22T22:06:58.000Z,,,,False,False,False,-1,0,1181,False,https://cdn.scoresaber.com/covers/F2E2D00E6E3989CC448551A7B31FEC1B298CFA8B.png,f2e2d00e6e3989cc448551a7b31fec1b298cfa8b,,2022-08-22T21:58:15.602667Z,3,20.0,-0.6,774,46,162,7.279,319.0,Standard,3082,False,False,False,False,106.333,,704835,0,21,5,0.0,0.3354260216930203
75,1083983,1083983,0,3.649909855117979e-18,,1,13,23,200,False,2023-04-04T13:01:38.000Z,411472,Gospel,,wotaku_feat._SHIKI,rinka_michibiki,1367235,2022-01-19T03:08:37.000Z,,,,False,False,False,-1,0,169,False,https://cdn.scoresaber.com/covers/64939D4AE2C58632165A60D1903DEBD30B0CA596.png,64939d4ae2c58632165a60d1903debd30b0ca596,,2022-01-19T03:02:46.308696Z,5,20.0,-0.6,1494,531,98,8.032,496.0,Standard,9094,False,False,False,False,186.0,,1367235,0,0,180,0.0,0.7928285920123461
56,1778323,889162,0,1.497838440256475e-18,NF,0.5,572,799,112,False,2023-04-04T12:57:10.000Z,330493,GHOST (Right Version),,Camellia,Captain Fappin',5292875,2021-02-12T04:58:57.000Z,,,,False,False,False,-1,0,165,False,https://cdn.scoresaber.com/covers/82BB9AEEA5913DF3D638F6851F6A276AE430BAAC.png,82bb9aeea5913df3d638f6851f6a276ae430baac,13eb8,2021-02-12T01:21:43.746Z,4,20.0,0.5,5761,420,69,17.276,1222.688,Standard,7395,False,False,False,False,333.46,,5292875,143,27,23,0.0,0.3359843185414354
173,210889,105445,0,3.522163010188849e-18,NF,0.5,93,38,53,False,2023-04-04T12:50:26.000Z,514805,春竹叶,,北山薇 / 无刃妖影,ani,634915,2022-09-02T10:49:28.000Z,,,,False,False,False,-1,0,414,False,https://cdn.scoresaber.com/covers/0E48500E95A0201ADE1EB27C797CB0F2DB4707AF.png,0e48500e95a0201ade1eb27c797cb0f2db4707af,,2022-09-02T10:45:07.250258Z,2,17.0,-0.5,698,4,7,3.949,433.0,Standard,0,False,False,False,False,176.735,,634915,64,122,1,0.0,0.33215312285896537
135,168434,168434,0,3.398887304832239e-18,,1,3,2,59,False,2023-04-04T12:45:50.000Z,499241,gen z humor.wav,,Various Artists,Zylinked,211715,2022-08-02T13:13:29.000Z,,,,False,False,False,-1,0,461,False,https://cdn.scoresaber.com/covers/200FA586C6393234F2EC0386ABA1D19A58027E30.png,200fa586c6393234f2ec0386aba1d19a58027e30,,2022-08-02T13:10:44.465876Z,1,20.0,-0.7,238,4,3,11.675,53.562,Standard,0,False,False,False,False,20.385,,211715,0,0,2,0.0,0.795569515622417
12,1072800,1072800,0,1.346005740474362e-18,,1,15,25,203,False,2023-04-04T12:38:55.000Z,555454,The Daybreak Will Never Come Again,,seatrus,Chrisvenator,1336875,2023-03-29T12:35:54.000Z,,,,False,False,False,-1,0,27,False,https://cdn.scoresaber.com/covers/FC1E2C662CF67559F122CBDDDF378FC4ED98CA04.png,fc1e2c662cf67559f122cbdddf378fc4ed98ca04,,2023-03-29T10:34:24.513648Z,5,21.4,-0.378,1461,6,65,9.662,504.021,Standard,6352,False,False,False,False,151.206,,1336875,1,38,1,0.0,0.802468443197756
48,385894,192947,0,3.165128830442402e-18,NF,0.5,74,90,61,False,2023-04-04T12:34:00.000Z,499617,Tech N Tech,,KARUT,A Jhintleman,1017635,2022-08-03T05:40:09.000Z,,,,False,False,False,-1,0,89,False,https://cdn.scoresaber.com/covers/88865344843C2E70246FD4BCE429AF8C1FD16033.png,88865344843c2e70246fd4bce429af8c1fd16033,,2022-08-03T04:42:41.378494Z,4,18.0,-0.625,1114,80,15,8.997,319.875,Standard,4208,False,False,False,False,123.823,,1017635,38,138,0,0.0,0.37920669002147134
123,753435,376718,0,3.054349321376918e-18,NF,0.5,83,67,80,False,2023-04-04T12:29:07.000Z,549905,Gochamecha×Wonderland,,RiPoP,Cush,1450955,2023-02-16T19:01:03.000Z,,,,False,False,False,-1,0,228,False,https://cdn.scoresaber.com/covers/5CFBE72DFF1C8DF6344784ADC8341BA226868A06.png,5cfbe72dff1c8df6344784adc8341ba226868a06,,2023-02-16T18:42:32.934736Z,2,18.0,-0.756,1585,126,23,5.732,589.937,Standard,4843,False,False,False,False,276.533,,1450955,0,0,0,0.0,0.5192683439527759
81,803552,803552,0,2.947447095128725e-18,,1,13,7,291,False,2023-04-04T12:22:42.000Z,548687,Hep Cat Boogie,,Balduin & Kate Thomas,oegoe,954155,2023-02-08T17:21:18.000Z,,,,False,False,False,-1,0,203,False,https://cdn.scoresaber.com/covers/18D7D62997BA132357904911321EC2371ABBB4B6.png,18d7d62997ba132357904911321ec2371abbb4b6,,2023-02-08T17:14:30.481948Z,4,18.0,0.0,1045,0,179,5.363,380.0,Standard,2373,False,False,False,False,194.872,,954155,2,30,0,0.0,0.8421608648490025
61,194903,97452,0,2.84428644679922e-18,NF,0.5,6,12,111,False,2023-04-04T12:18:01.000Z,516251,go crazy klerkekmfjkesng go stupid aflk;mmeg;fm;m,,Lance Davis,Zylinked,281635,2022-09-05T09:17:21.000Z,,,,False,False,False,-1,0,224,False,https://cdn.scoresaber.com/covers/9D582670C1A92F2B5692E6830D4A473A5CF949E8.png,9d582670c1a92f2b5692e6830d4a473a5cf949e8,,2022-09-05T09:10:00.799041Z,1,20.0,0.04,314,7,7,14.87,45.615,Standard,0,False,False,False,False,21.116,,281635,0,0,2,0.0,0.6920411170486622
49,938768,938768,0,2.744736421161247e-18,,1,3,3,335,False,2023-04-04T12:16:24.000Z,449894,WA DA DA,(QUEENDOM2 Ver.),Kep1er,NoteIIEvil,1038795,2022-05-04T12:23:24.000Z,,,,False,False,False,-1,0,327,False,https://cdn.scoresaber.com/covers/9756DAC33572FF2413EA3BBE7CEB3007FC5AA9EE.png,9756dac33572ff2413ea3bbe7ceb3007fc5aa9ee,,2022-05-04T12:06:42.670298Z,5,19.0,0.25,1137,139,183,4.976,479.875,Standard,5865,True,False,False,False,228.512,,1038795,2,5,23,0.0,0.9037086239344625
406,749729,374865,0,2.648670646420603e-18,NF,0.5,33,35,140,False,2023-04-04T12:10:34.000Z,415898,Open Your 3rd Eye,,Schwank,Foxy Boi,1103195,2022-02-03T06:41:04.000Z,,,,False,False,False,-1,0,941,False,https://cdn.scoresaber.com/covers/F6F32BB39F267EBA256013061D4A39A005D4D562.png,f6f32bb39f267eba256013061d4a39a005d4d562,,2022-02-03T05:56:43.825051Z,5,18.5,-0.1,1207,404,293,6.893,680.0,Standard,0,False,False,False,False,175.107,,1103195,1,59,8,0.0,0.6795978952043836
64,208621,208621,0,1.111626384295283e-19,,1,10,16,59,False,2023-04-04T12:03:19.000Z,546539,Candace - Nephrite of Deshret,HOYO-MiX,Xin Zhao,Cush,322115,2023-01-25T04:08:59.000Z,,,,False,False,False,-1,0,159,False,https://cdn.scoresaber.com/covers/1926D59CC0CC17F88FAEC8884811B2DCDEC0C72A.png,1926d59cc0cc17f88faec8884811b2dcdec0c72a,,2023-01-25T04:02:36.235181Z,2,18.0,-0.067,358,136,4,4.93,116.187,Standard,1395,False,False,False,False,72.617,,322115,0,0,0,0.0,0.6476599972059668
31,1067593,1067593,0,1.012197869432772e-18,,1,1,0,789,False,2023-04-04T11:59:42.000Z,552646,Kyrie (feat. Hatsune Miku),,wotaku,Comyute,1142755,2023-03-09T03:37:25.000Z,,,,False,False,False,-1,0,200,False,https://cdn.scoresaber.com/covers/9C12AC1792507EDE5A79262C94F1C7AD0635FF06.png,9c12ac1792507ede5a79262c94f1c7ad0635ff06,,2023-03-09T02:00:35.375020Z,5,18.0,0.028,1250,39,327,5.296,436.647,Standard,2933,False,False,False,False,236.025,,1142755,0,5,3,0.0,0.9342273715713342
100,425298,212649,0,2.555967173795882e-18,NF,0.5,63,54,95,False,2023-04-04T11:53:39.000Z,554644,Setsuna (Kirara Magic Remix),,Xomu & Justin Klyvis,Zayta,871355,2023-03-23T05:04:46.000Z,,,,False,False,False,-1,0,287,False,https://cdn.scoresaber.com/covers/F7D136A21DCC98B84565CD3703FB6DCA9E460643.png,f7d136a21dcc98b84565cd3703fb6dca9e460643,,2023-03-22T23:50:44.605879Z,3,17.0,-0.76,955,52,32,5.681,353.0,Standard,2441,False,False,False,False,168.095,,871355,4,134,11,0.0,0.4880880926832347
395,633512,633512,0,2.466508322713026e-18,,1,30,10,186,False,2023-04-01T17:25:43.000Z,81176,Daiuchuu Stage,,Chroma,BananenTropfen,1053515,2018-10-18T18:07:19.000Z,,,,False,False,False,-1,0,690,False,https://cdn.scoresaber.com/covers/FF26B49A69E6EFAC0E56F9B5479B02AB5791FD55.png,ff26b49a69e6efac0e56f9b5479b02ab5791fd55,1ad1,2018-10-18T15:41:23Z,5,15.0,0.0,1153,0,0,9.802,396.0,Standard,2516,False,False,False,False,117.624,,1053515,71,20,0,0.0,0.6013317323436306
1324,1294493,647247,48.8339,8.314863859604888e-15,NF,0.5,57,63,198,False,2023-04-01T17:17:55.000Z,408074,Attractor Dimension,,Laur,Laur Fanclub,1885195,2022-01-08T01:01:24.000Z,2022-01-16T21:15:18.000Z,,,True,False,False,-1,11.12,2632,False,https://cdn.scoresaber.com/covers/988203487CA8D2F38419326126DBDEC31E6DE5B6.png,988203487ca8d2f38419326126dbdec31e6de5b6,,2022-01-07T17:01:07.901863Z,9,22.5,0.05,2057,47,120,13.732,724.0,Standard,7728,False,False,False,False,149.793,11.12,1885195,0,0,11,4.060472302335591e-13,0.6866626529351075
422,811364,811364,0,2.38018053141807e-18,,1,7,16,157,False,2023-04-01T17:13:39.000Z,185623,ADAM,,P*Light,Light Ai,1040635,2019-11-10T21:05:55.000Z,,,,False,False,False,-1,0,592,False,https://cdn.scoresaber.com/covers/8A6724EE9238DBA781D7715E1610E3361267E916.png,8a6724ee9238dba781d7715e1610e3361267e916,6f48,2019-11-10T20:05:58.119Z,5,22.0,-0.3,1139,8,30,9.887,384.0,Standard,1886,False,False,False,False,115.2,,1040635,0,0,4,0.0,0.7796816366929807
438,1083374,541687,0,2.296874212818437e-18,NF,0.5,15,56,241,False,2023-04-01T16:40:25.000Z,220897,QZKago Requiem,,t+pazolite,Schwank,1560435,2020-04-15T05:35:53.000Z,,,,False,False,False,-1,0,563,False,https://cdn.scoresaber.com/covers/A3BFE1A6CC95ADBA6F5541338264F40235F1D5F4.png,a3bfe1a6cc95adba6f5541338264f40235f1d5f4,9b09,2020-04-14T21:41:46.978Z,2,23.0,0.2,1704,112,30,12.783,571.0,Standard,7498,False,False,False,False,133.307,,1560435,0,0,6,0.0,0.6942769163726781
218,309542,309542,0,2.216483615369792e-18,,1,10,29,115,False,2023-04-01T16:37:24.000Z,381266,You,,Imil,DDEmilia,806035,2021-09-23T23:57:45.000Z,,,,False,False,False,-1,0,300,False,https://cdn.scoresaber.com/covers/7D7A468EC1268DEC4936B874CB450E2C279F4BDA.png,7d7a468ec1268dec4936b874cb450e2c279f4bda,,2021-09-23T23:53:29.403847Z,4,23.0,-1.4,884,17,79,7.325,704.0,Standard,4551,False,False,False,False,120.686,,806035,650,0,6,0.0,0.38403047014087477
1282,525966,525966,0,2.138906688831849e-18,,1,9,14,126,False,2023-04-01T16:27:29.000Z,139160,flameflower,,Enka,DarkGrisen,711275,2019-05-12T19:03:30.000Z,,,,False,False,False,-1,0,2445,False,https://cdn.scoresaber.com/covers/ECF505C69FA915BE15895A873D2BE378115140D8.png,ecf505c69fa915be15895a873d2be378115140d8,4c77,2019-05-12T16:12:42Z,3,21.0,0.0,781,0,5,8.209,222.0,Standard,156,False,False,False,False,95.143,,711275,8,8,0,0.0,0.7394692629433061
1308,1138241,569121,49.48565,9.936159997395096e-15,NF,0.5,25,84,176,False,2023-04-01T16:20:44.000Z,203737,Chocolate Lily,,Kobaryo,xScaramouche,1785835,2020-02-14T03:10:01.000Z,2020-04-15T01:16:20.000Z,,,True,False,False,-1,12.14,2430,False,https://cdn.scoresaber.com/covers/018ACAAD1EC1E13BD9E428A19E41C844AA05B9DA.png,018acaad1ec1e13bd9e428a19e41c844aa05b9da,86af,2020-02-14T03:06:03.390Z,5,24.0,0.5,1949,0,93,15.267,600.0,Standard,8888,False,False,False,False,127.66,12.14,1785835,0,0,0,4.916973359750947e-13,0.6373718736613405
439,1858906,929453,0,2.064044954722735e-18,NF,0.5,160,857,111,False,2023-04-01T16:15:25.000Z,508374,Superluminal Absolutely EXTRA-TONE-ordinary,"""Bumpy Ride"" (Shredding Whole Your Belonging Space-Time System At The Speed of 1,600 Times the C_0)",Camellia,cerret,4933155,2022-08-20T02:02:50.000Z,,,,False,False,False,-1,0,1278,False,https://cdn.scoresaber.com/covers/D99DB4C1D15D7ED66E3D5B6FB803116E76D2A937.png,d99db4c1d15d7ed66e3d5b6fb803116e76d2a937,,2022-08-20T01:57:08.029265Z,5,23.0,-1.2,5370,33,36,19.633,1823.497,Standard,21438,False,False,False,False,273.525,,4933155,0,0,5,0.0,0.3768188917639928
301,402278,402278,0,1.922090262961678e-18,,1,12,8,122,False,2023-04-01T16:05:09.000Z,439972,Wrecking bar (ra ra ra),,The Vaccines,Walmar,659755,2022-04-18T05:46:10.000Z,,,,False,False,False,-1,0,590,False,https://cdn.scoresaber.com/covers/BB7B44B4A37668BD11C9F8E585755A26DF6A9560.png,bb7b44b4a37668bd11c9f8e585755a26df6a9560,,2022-04-18T04:19:07.064040Z,2,21.0,-0.6,725,0,0,9.134,238.125,Standard,0,False,False,False,False,79.375,,659755,2,0,0,0.0,0.6097384635205493
535,401805,401805,0,1.85481710375802e-18,,1,12,31,89,False,2023-04-01T15:58:26.000Z,368015,Title Screen,,Re-Logic,Devonix,651475,2021-07-12T03:55:54.000Z,,,,False,False,False,-1,0,995,False,https://cdn.scoresaber.com/covers/B102A8C42DAC9BA0DEEDF77055B7623CAF200379.png,b102a8c42dac9ba0deedf77055b7623caf200379,1a31d,2021-07-12T03:50:06.037Z,2,21.0,-0.4,716,8,0,8.554,279.0,Standard,0,False,False,False,False,83.7,,651475,12,11,4,0.0,0.6167619632372693
285,510523,510523,0,1.789898505126489e-18,,1,19,15,140,False,2023-04-01T15:52:00.000Z,172149,Speedcore Paradise,,IMIL,DigitalDJTwo,943115,2019-08-23T00:50:24.000Z,,,,False,False,False,-1,0,407,False,https://cdn.scoresaber.com/covers/D16AA436D108EC0D958FD75283969C7BC06DA0AA.png,d16aa436d108ec0d958fd75283969c7bc06da0aa,5e92,2019-08-22T22:12:25.694Z,5,22.0,0.0,1033,0,4,8.171,368.75,Standard,1141,False,False,False,False,126.429,,943115,73,0,0,0.0,0.5413157462239494
1478,638286,638286,0,1.727252057447062e-18,,1,8,18,169,False,2023-04-01T15:47:39.000Z,327657,UMMU V2,,t+pazolite,FatBeanzoop,875035,2021-02-02T19:35:44.000Z,,,,False,False,False,-1,0,3513,False,https://cdn.scoresaber.com/covers/E28201CF1915DF6E2F2A7B6A4052D6A921200922.png,e28201cf1915df6e2f2a7b6a4052d6a921200922,13852,2021-02-02T18:45:58.949Z,5,21.0,-0.6,959,7,34,12.674,227.0,Standard,5773,False,False,False,False,75.667,,875035,0,0,0,0.0,0.7294405366642477
1390,320031,320031,0,1.666798235436414e-18,,1,11,9,116,False,2023-04-01T15:45:57.000Z,235042,Fidget Ride Fidget,,731,Dennileon1,451835,2020-05-05T03:52:50.000Z,,,,False,False,False,-1,0,2643,False,https://cdn.scoresaber.com/covers/1383FC623A8BA6C8E15542698C7A68185E5ED9A2.png,1383fc623a8ba6c8e15542698c7a68185e5ed9a2,a290,2020-05-05T03:50:08.936Z,7,20.0,-0.3,499,24,16,9.211,145.375,Standard,1581,False,False,False,False,54.177,,451835,2,0,0,0.0,0.7082917436674893
696,1410006,1410006,276.7818,0.0003544792969429069,,1,1,1,845,False,2023-04-01T15:42:03.000Z,304146,OniiChan High Tech,-true OniiChan ver- (feat. Choko),RISH,Vilawes & altrewin,1526395,2020-11-03T01:36:30.000Z,2021-01-22T05:27:00.000Z,2021-01-14T06:42:14.000Z,,True,False,False,-1,7.43,4080,False,https://cdn.scoresaber.com/covers/1EBB6C788C2C6C5B55F0D7C62092575DC3C4946F.png,1ebb6c788c2c6c5b55f0d7c62092575dc3c4946f,108c6,2020-11-02T23:57:37.675Z,2,20.0,-0.6,1667,34,189,8.755,476.0,Standard,9567,False,False,False,False,190.4,7.23,1526395,0,0,1,0.09811341787059226,0.9237490950900652
455,760878,760878,293.4057,0.007068000227071351,,1,0,1,464,False,2023-04-01T15:37:39.000Z,359563,The Everlasting Calamity That Shifts The Time - Space Continuum On A Nanosecondal Basis,[LEVEL 3],ReeK,Jabob & Helloiamdaan,818915,2021-05-30T23:03:55.000Z,2021-06-09T21:36:43.000Z,2021-05-30T23:17:48.000Z,,True,False,False,-1,7.73,2085,False,https://cdn.scoresaber.com/covers/59B5445E569B55FDBD72FECC035607D3CEB7E9F1.png,59b5445e569b55fdbd72fecc035607d3ceb7e9f1,188ed,2021-05-30T22:58:12.946Z,9,19.0,-1.16,898,281,219,6.428,667.109,Standard,7773,False,False,False,False,139.709,7.22,818915,0,0,4,2.073791554224029,0.9291293968238462
1289,1120944,1120944,305.7412,0.06911121065487687,,1,8,25,156,False,2023-04-01T15:34:43.000Z,349543,Re: End of a Dream,(Game size),uma vs. Morimori Atsushi,dibl & TJ,1396675,2021-04-18T23:48:42.000Z,2021-05-03T21:44:18.000Z,2021-04-23T21:02:04.000Z,,True,False,False,-1,10.52,2426,False,https://cdn.scoresaber.com/covers/770F96C0D16CA15FA7ABF3852FE9633A6F300991.png,770f96c0d16ca15fa7abf3852fe9633a6f300991,16e0a,2021-04-18T21:38:50.660Z,4,22.0,-0.47,1526,4,81,10.948,492.5,Standard,5905,False,False,False,False,139.387,10.52,1396675,0,2,1,21.13014447907484,0.802580414198006
930,876480,876480,254.4233,1.33691471449793e-05,,1,0,2,556,False,2023-04-01T15:31:51.000Z,349516,Re: End of a Dream,(Game size),uma vs. Morimori Atsushi,dibl & TJ,944955,2021-04-18T22:03:16.000Z,2021-05-03T21:44:16.000Z,2021-04-23T21:02:06.000Z,,True,False,False,-1,6.74,5533,False,https://cdn.scoresaber.com/covers/770F96C0D16CA15FA7ABF3852FE9633A6F300991.png,770f96c0d16ca15fa7abf3852fe9633a6f300991,16e0a,2021-04-18T21:38:50.660Z,4,20.0,-0.125,1035,5,62,7.425,492.5,Standard,5814,False,False,False,False,139.387,6.42,944955,0,0,0,0.003401422534811212,0.927536231884058
849,721071,721071,255.4116,1.715586064613657e-05,,1,1,1,318,False,2023-04-01T15:23:02.000Z,493038,666,"(Nanodesu's Elect""6"" Swing Bootleg)",RoughSketch,Bitz & Luck,782115,2022-07-22T16:00:21.000Z,2022-08-11T05:20:19.000Z,2022-07-25T23:56:31.000Z,,True,False,False,-1,6.9,5367,False,https://cdn.scoresaber.com/covers/43304202EC7681E52B4026313C7AB9099BE2890D.png,43304202ec7681e52b4026313c7ab9099be2890d,,2022-07-22T15:57:37.943669Z,3,16.5,-1.4,858,136,324,5.517,648.0,Standard,6445,True,False,False,False,155.52,6.64,782115,0,16,15,0.004381805817006775,0.9219500968527646
542,561232,561232,204.982,9.32557513357697e-09,,1,1,0,590,False,2023-04-01T15:19:49.000Z,493039,666,"(Nanodesu's Elect""6"" Swing Bootleg)",RoughSketch,Bitz & Luck,599955,2022-07-22T16:00:31.000Z,2022-08-11T05:20:21.000Z,2022-07-25T23:56:33.000Z,,True,False,False,-1,5.26,2466,False,https://cdn.scoresaber.com/covers/43304202EC7681E52B4026313C7AB9099BE2890D.png,43304202ec7681e52b4026313c7ab9099be2890d,,2022-07-22T15:57:37.943669Z,3,14.0,-0.5,660,134,383,4.244,648.0,Standard,6445,True,False,False,False,155.52,3.78,599955,0,0,13,1.9115750420308747e-06,0.9354568259286113
496,105807,105807,196.4331,1.57051212116081e-09,,1,0,0,126,True,2023-04-01T15:10:05.000Z,186852,Chocolate Planet,,Freezer ft. Kiichigo,Mystikmol,108675,2019-11-19T18:41:25.000Z,2019-11-19T22:04:45.000Z,,,True,False,False,-1,3.48,2367,False,https://cdn.scoresaber.com/covers/176E1549CC6AA8CE28517676C0894F7C16308ED5.png,176e1549cc6aa8ce28517676c0894f7c16308ed5,70d7,2019-11-19T11:04:27.328Z,4,10.0,0.0,126,0,0,1.104,352.0,Standard,2646,False,False,False,False,114.162,1.14,108675,12,8,0,3.0850056454719347e-07,0.9736093857832988
433,145462,145462,128.9286,3.21971355359637e-14,,1,0,0,173,True,2023-04-01T15:03:17.000Z,445157,Green Greens,(Qumu Remix),Jun Ishikawa,Rashed,151915,2022-04-26T18:16:56.000Z,2022-08-11T05:19:56.000Z,2022-07-30T17:36:32.000Z,,True,False,False,-1,2.88,1332,False,https://cdn.scoresaber.com/covers/C8B4A8237C8B6EF8D1B5C25AA313267D284052F4.png,c8b4a8237c8b6ef8d1b5c25aa313267d284052f4,,2022-04-26T18:01:02.665032Z,2,10.0,-0.7,173,0,89,1.49,319.2,Standard,2095,False,False,False,False,116.073,1.17,151915,0,0,0,4.151131608662049e-12,0.9575222986538525
1059,246346,246346,0,1.092780664815167e-23,,1,22,9,164,False,2023-03-30T18:19:54.000Z,62996,northern_limit,,,Kobaryo feat. Sennzai,553955,2018-09-22T01:04:22.000Z,,,,False,False,False,-1,0,1709,False,https://cdn.scoresaber.com/covers/76AB4ECC89FE811BE493472519D15495B099F6AA.png,76ab4ecc89fe811be493472519d15495b099f6aa,f66,2018-08-12T20:49:33Z,5,16.0,0.0,610,12,0,7.384,371.75,Standard,0,False,False,False,False,82.611,,553955,39,2,0,0.0,0.4447039922015326
2995,348715,348715,223.7631,1.670949191753005e-07,,1,0,0,417,True,2023-03-30T17:59:39.000Z,343228,Chapter 99: Afterword,,t+pazolite,Emilia,376395,2021-03-27T20:03:02.000Z,2021-04-08T13:52:49.000Z,2021-03-29T01:54:17.000Z,,True,False,False,-1,5.95,12186,False,https://cdn.scoresaber.com/covers/5E51E3CAC6B1DC3376F776F6E6B961B754FF9CC4.png,5e51e3cac6b1dc3376f776f6e6b961b754ff9cc4,15f74,2021-03-27T19:55:29.177Z,6,20.0,-0.4,417,0,17,6.876,190.0,Standard,1774,False,False,False,False,60.648,5.72,376395,0,0,0,3.7389677108914684e-05,0.9264602345939771
864,1549057,1549057,289.5637,0.003857099849088576,,1,5,2,794,False,2023-03-30T17:54:33.000Z,492386,Goodbye,,Aether Realm,ThySpoon,1695675,2022-07-21T12:37:32.000Z,2022-08-11T05:19:20.000Z,2022-08-01T18:05:23.000Z,,True,False,False,-1,8.02,2413,False,https://cdn.scoresaber.com/covers/7797D103DA7E1F523A45192D1B2ADEF5BEF3DCCE.png,7797d103da7e1f523a45192d1b2adef5bef3dcce,,2022-07-21T04:19:34.764885Z,6,20.0,-0.85,1851,141,45,6.433,685.774,Standard,7732,False,False,False,False,287.737,7.66,1695675,0,0,35,1.1168761035715296,0.913534138322497
2378,1376697,1376697,291.2022,0.004949595272728254,,1,9,12,369,False,2023-03-30T17:40:59.000Z,175847,werewolf howls.,[''Growling'' Long ver.],Camellia,DE125,1609195,2019-09-13T01:40:42.000Z,2019-09-22T21:02:00.000Z,,,True,False,False,-1,9.17,5938,False,https://cdn.scoresaber.com/covers/66CEEFD205ECC6CD007EA851F1BF7E4856AB8FFC.png,66ceefd205ecc6cd007ea851f1bf7e4856ab8ffc,630e,2019-09-13T01:29:47.950Z,6,20.0,0.0,1757,42,109,7.231,899.0,Standard,8155,False,False,False,False,242.973,8.69,1609195,2,0,1,1.4413330325280678,0.855519063879766
605,636907,636907,221.3188,1.08965998971794e-07,,1,0,0,754,True,2023-03-30T17:33:29.000Z,321343,VVelcome!!,,MisoilePunch,SieR,686435,2021-01-14T07:50:20.000Z,2021-01-22T05:28:27.000Z,2021-01-14T21:43:46.000Z,,True,False,False,-1,5.86,3538,False,https://cdn.scoresaber.com/covers/C6E1038A84CB5BB25A4FF849E81770DB6106C3D5.png,c6e1038a84cb5bb25a4ff849e81770db6106c3d5,12b53,2021-01-14T07:32:24.088Z,2,15.0,-0.15,754,0,4,6.536,509.5,Standard,4935,False,False,False,False,115.358,4.49,686435,0,0,0,2.4116224133238683e-05,0.9278475019484729
131,503048,251524,0,1.60846029719614e-18,NF,0.5,379,532,36,False,2023-03-30T17:20:12.000Z,367288,Ultimate Swag Challenge,,Wowkie Zhang,SpookyBeard,2649715,2021-07-09T02:31:57.000Z,,,,False,False,False,-1,0,246,False,https://cdn.scoresaber.com/covers/B7744F9C846E585E26F0AC705505889DD357BB7C.png,b7744f9c846e585e26f0ac705505889dd357bb7c,1a0f8,2021-07-09T00:32:23.255Z,6,20.0,-0.2,2888,317,26,13.897,665.0,Standard,3491,False,False,False,False,207.813,,2649715,345,138,103,0.0,0.1898498517765118
45,742437,371219,0,1.552164186794275e-18,NF,0.5,27,55,96,False,2023-03-30T17:14:59.000Z,535372,Circle of cold weather,,Various Artists,Sonachi,1178635,2022-11-04T12:00:05.000Z,,,,False,False,False,-1,0,54,False,https://cdn.scoresaber.com/covers/0A90200E03FE124AC296486D84368D7296A48D51.png,0a90200e03fe124ac296486d84368d7296a48d51,,2022-11-04T11:52:21.235978Z,4,21.0,-0.61,1289,478,18,8.391,460.859,Standard,4252,False,False,False,False,153.62,,1178635,0,99,8,0.0,0.6299125683523737
95,866243,433122,0,1.445414094847499e-18,NF,0.5,25,38,240,False,2023-03-30T17:04:32.000Z,555155,999,"(""666""- Camellia's Unofficial / Rejected Remix)",Camellia,ploppypoo,1214515,2023-03-26T23:59:31.000Z,,,,False,False,False,-1,0,165,False,https://cdn.scoresaber.com/covers/A133F06D397257F5DF48348F7DAA78C3B8AE0734.png,a133f06d397257f5df48348f7daa78c3b8ae0734,,2023-03-26T23:31:02.662638Z,4,22.0,-0.2,1328,27,122,11.445,483.0,Standard,5378,False,False,False,False,116.036,,1214515,0,5,3,0.0,0.7132419113802629
58,157546,157546,0,1.394824601527836e-18,,1,0,1,157,False,2023-03-30T17:01:31.000Z,555582,Innocent Age - Cush Piano Cover,,Yu-Peng Chen (feat. Cush),Cush,170315,2023-03-30T13:36:22.000Z,,,,False,False,False,-1,0,122,False,https://cdn.scoresaber.com/covers/7E451164E0B05C74636CA56B4F96FAB4CC6044B1.png,7e451164e0b05c74636ca56b4f96fab4cc6044b1,,2023-03-30T13:25:26.301940Z,2,16.0,-0.72,193,4,60,2.695,139.624,Standard,598,False,False,False,False,71.602,,170315,0,0,0,0.0,0.925027155564689
485,862343,862343,198.2335,2.088443766189353e-09,,1,0,0,894,False,2023-03-30T16:51:03.000Z,332679,Kingslayer,(feat. BABYMETAL),Bring Me The Horizon,muffn & altrewin,911835,2021-02-19T01:18:24.000Z,2021-02-27T01:19:16.000Z,2021-02-19T21:13:27.000Z,,True,False,False,-1,4.83,9082,False,https://cdn.scoresaber.com/covers/A949BB798E16A81092E54A38B78EB1375F06E49F.png,a949bb798e16a81092e54a38b78eb1375f06e49f,14427,2021-02-18T22:22:38.961Z,2,15.0,0.325,999,10,342,4.809,640.5,Standard,5691,False,False,False,False,207.73,3.23,911835,0,0,1,4.139995173248971e-07,0.9457226362225621
1056,1562057,1562057,303.0626,0.0434914186571653,,1,7,13,547,False,2023-03-27T18:32:03.000Z,423097,The Curse Of The Lovely Fox,,kanemiko,abcbadq,1801475,2022-03-17T00:42:26.000Z,2022-06-14T04:43:25.000Z,2022-05-05T13:07:24.000Z,,True,False,False,-1,9.34,2880,False,https://cdn.scoresaber.com/covers/E9886D451B34FDFDD2B4479D1F1DE16D48A629EC.png,e9886d451b34fdfdd2b4479d1f1de16d48a629ec,,2022-03-16T20:15:28.836227Z,5,18.0,-1.5,1966,48,805,7.447,1144.0,Standard,9998,False,False,False,False,264.0,8.89,1801475,0,0,0,13.180622415929022,0.867098905063906
67,576534,288267,0,1.253434195673238e-18,NF,0.5,18,44,136,False,2023-03-27T18:00:07.000Z,204024,Avalon no Oka,,Nekomata Master,Dr_Marc,944955,2020-02-15T02:41:51.000Z,,,,False,False,False,-1,0,85,False,https://cdn.scoresaber.com/covers/DB433C09E75D19C53D48862455C49BC549593DCD.png,db433c09e75d19c53d48862455c49bc549593dcd,870d,2020-02-15T02:19:31.883Z,5,24.0,0.4,1035,0,0,9.239,295.0,Standard,1228,False,False,False,False,112.025,,944955,0,0,0,0.0,0.6101179421242281
291,1811116,905558,0,1.167229258865811e-18,NF,0.5,141,299,95,False,2023-03-27T17:49:18.000Z,368914,Lullaby (eut Remix),,Hisatomi,Aimedhades16,3811675,2021-07-16T20:07:44.000Z,,,,False,False,False,-1,0,421,False,https://cdn.scoresaber.com/covers/60AB5591ED76B14D23DE65B0C397072333E8EE81.png,60ab5591ed76b14d23de65b0c397072333e8ee81,1a55a,2021-07-16T19:51:40.054Z,7,21.0,-0.3,4151,0,83,13.484,1026.125,Standard,16000,False,False,False,False,307.838,,3811675,4,67,0,0.0,0.47514963893826206
352,1094471,1094471,0,1.126376234805507e-18,,1,26,24,238,False,2023-03-27T17:38:05.000Z,339926,Musician,Synthion Hardcore Edit,Porter Robinson,Dandyfloss,1514435,2021-03-14T17:52:10.000Z,,,,False,False,False,-1,0,818,False,https://cdn.scoresaber.com/covers/3061380F4A252195A04D2250AA5BB67951D5AAAC.png,3061380f4a252195a04d2250aa5bb67951d5aaac,156ba,2021-03-14T17:00:30.867Z,7,19.0,0.0,1654,36,49,7.838,615.5,Standard,2168,False,False,False,False,211.029,,1514435,14,19,5,0.0,0.722692621340632
105,1130838,565419,0,1.086953066587314e-18,NF,0.5,30,121,172,False,2023-03-27T17:29:46.000Z,541326,Tenebre Rosso Sangue,,KEYGEN CHURCH,oddloop,1875995,2022-12-21T21:31:08.000Z,,,,False,False,False,-1,0,219,False,https://cdn.scoresaber.com/covers/456B0E64A4BD015724D1176B2E04DD4DD2B48309.png,456b0e64a4bd015724d1176b2e04dd4dd2b48309,,2022-12-20T14:41:52.629159Z,6,20.0,-0.375,2047,230,1213,8.908,674.029,Lawless,10617,False,True,False,False,229.783,,1875995,0,0,0,0.0,0.6027937174672641
849,1412868,1412868,293.8948,0.008446173299239442,,1,26,24,268,False,2023-03-27T17:24:47.000Z,314403,chrono diver -fragment-,"feat. Aki Misawa (Camellia's ""crossroads of chrono"" remix)",Nekomata Master,kizuflux,1760075,2020-12-21T15:07:05.000Z,2021-01-22T04:53:52.000Z,2020-12-21T18:52:16.000Z,,True,False,False,-1,10.11,1486,False,https://cdn.scoresaber.com/covers/9CE21BB37CBEA55B54F3C19542CF78D02169273B.png,9ce21bb37cbea55b54f3c19542cf78d02169273b,11dcb,2020-12-21T14:28:33.499Z,3,21.0,-0.6,1921,0,216,6.504,733.476,Standard,8870,False,False,False,False,295.36,9.99,1760075,0,2,0,2.482286412545316,0.8027317017740722
496,760612,760612,275.2457,0.0002665688401872544,,1,4,2,193,False,2023-03-27T17:19:11.000Z,539039,Möbius,,USAO & Camellia,"Timbo, abcbadq, Narwhal",861235,2022-11-29T04:51:12.000Z,2022-12-23T08:52:03.000Z,2022-11-29T05:29:21.000Z,,True,False,False,-1,8.21,2190,False,https://cdn.scoresaber.com/covers/ACB8443A8CDB20B9F74CBCAE977FBD3924737786.png,acb8443a8cdb20b9f74cbcae977fbd3924737786,,2022-11-23T16:38:30.595810Z,7,18.0,0.25,944,0,216,7.054,513.0,Standard,4253,False,False,False,False,133.826,7.99,861235,0,2,0,0.07337192701552897,0.8831642931371809
1039,469222,469222,198.4367,2.164190431284304e-09,,1,0,1,282,False,2023-03-27T17:08:24.000Z,215816,Kill The Beat,,lapix,simplymarvellous,507955,2020-03-28T05:58:27.000Z,2020-04-09T23:14:25.000Z,2020-04-05T20:58:51.000Z,,True,False,False,-1,5.33,7428,False,https://cdn.scoresaber.com/covers/5183C321719C2B93FCA26AA2EF0463F2E22FE9F5.png,5183c321719c2b93fca26aa2ef0463f2e22fe9f5,948a,2020-03-28T05:52:31.213Z,4,17.0,-0.5,560,10,18,6.222,180.0,Standard,3659,False,False,False,False,90.0,4.23,507955,0,0,3,4.2945480735563403e-07,0.9237471823291433
682,440663,440663,190.2287,2.213316524887659e-10,,1,0,0,520,True,2023-03-27T17:05:31.000Z,508960,Iro o Ushinatta Machi,feat. Camellia,Camellia,CoolingCloset & Helloiamdaan & Nolanimations,471155,2022-08-21T03:15:31.000Z,2022-09-20T20:28:46.000Z,2022-08-24T08:33:27.000Z,,True,False,False,-1,4.89,2437,False,https://cdn.scoresaber.com/covers/4E19C93FF2D7E086536AEAB2F551C2E184160640.png,4e19c93ff2d7e086536aeab2f551c2e184160640,,2022-08-20T23:09:37.620280Z,7,16.0,0.15,520,7,110,4.386,656.0,Standard,5515,False,False,False,False,118.554,3.34,471155,0,0,1,4.2103632521789706e-08,0.9352824442062591
653,713947,713947,187.092,8.162220071841358e-11,,1,0,1,436,False,2023-03-27T17:02:52.000Z,372843,Revenant,,Juggernaut.,Shan_Man,756355,2021-08-07T16:26:40.000Z,2021-08-25T01:23:28.000Z,2021-08-07T18:24:05.000Z,,True,False,False,-1,4.61,3250,False,https://cdn.scoresaber.com/covers/38319743FFE8CD96F9858B7D23CE92E63BB3A0D1.png,38319743ffe8cd96f9858b7d23ce92e63bb3a0d1,,2021-08-07T05:15:45.619305Z,5,19.0,-0.1,830,12,63,4.539,640.0,Standard,5675,False,False,False,False,182.857,3.33,756355,0,0,3,1.5270860776809433e-08,0.9439310905593273
429,420073,420073,199.5461,2.777181599408089e-09,,1,0,0,488,True,2023-03-27T16:57:12.000Z,327977,Quaerite Veritatis,,Laur,Rusty & Nolanimations,441715,2021-02-03T22:16:37.000Z,2021-02-16T12:31:34.000Z,2021-02-08T21:49:45.000Z,,True,False,False,-1,4.7,2161,False,https://cdn.scoresaber.com/covers/B4B6CAD8A29458FA9FBBA1394790CD1387E0DC87.png,b4b6cad8a29458fa9fbba1394790cd1387e0dc87,138f2,2021-02-03T21:16:32.025Z,5,17.0,0.5,488,0,17,3.389,527.951,Standard,4242,False,False,False,False,143.987,3.32,441715,2,0,0,5.541757571536464e-07,0.9510046070430028
5,61496,61496,0,3.267103306538265e-21,,1,0,0,76,True,2023-03-27T16:45:04.000Z,324445,Nyan Cat XL,,Daniwell,COCOAGALAXY,62675,2021-01-23T16:15:04.000Z,,,,False,False,False,-1,0,56,False,https://cdn.scoresaber.com/covers/CFD35A319062B6744EFD26DC81979D74F401636F.png,cfd35a319062b6744efd26dc81979d74f401636f,13000,2021-01-21T14:33:15.301Z,3,10.0,-1.0,76,0,253,0.616,296.0,Standard,5,False,False,False,False,123.333,,62675,48,0,0,0.0,0.9811886717191863
2219,1046034,1046034,316.5296,0.2582485591091578,,1,0,6,419,False,2023-03-23T18:47:10.000Z,323579,Cyaegha,,USAO,Timbo,1180475,2021-01-20T14:52:50.000Z,2021-02-03T19:44:49.000Z,2021-01-25T18:46:20.000Z,,True,False,False,-1,9.38,6811,False,https://cdn.scoresaber.com/covers/F4DA02BFEC50EFDE4F2A1E4B89251E654B9C7353.png,f4da02bfec50efde4f2a1e4b89251e654b9c7353,12f33,2021-01-20T14:40:59.467Z,7,20.0,-0.3,1291,14,91,9.584,449.0,Standard,4756,False,False,False,False,134.7,9.38,1180475,1,0,4,81.74331311539807,0.886112793578856
690,853065,853065,287.304,0.002427258077953565,,1,0,1,896,False,2023-03-23T18:44:07.000Z,489042,DANGEROOOOUS JUNGLE,,Laur,Purp1e,935755,2022-07-14T22:07:59.000Z,2022-08-11T05:13:23.000Z,2022-07-20T02:05:16.000Z,,True,False,False,-1,8,3083,False,https://cdn.scoresaber.com/covers/2F2C1CC092DC4C75EBB27F2252651010D15C25D0.png,2f2c1cc092dc4c75ebb27f2252651010d15c25d0,,2022-07-14T21:38:27.352264Z,6,18.0,-0.9,1025,207,222,7.877,694.0,Standard,1747,False,False,False,False,130.125,7.98,935755,0,0,44,0.6973609548283709,0.9116328526163365
1386,354649,354649,252.5948,9.701737581527175e-06,,1,4,2,150,False,2023-03-23T18:40:42.000Z,273653,176 - ikazuchi,,saradisk,Pug,409515,2020-06-21T00:06:52.000Z,2020-07-05T13:44:35.000Z,2020-07-01T04:35:12.000Z,,True,False,False,-1,7.8,4869,False,https://cdn.scoresaber.com/covers/F70DEF97451CF9A12889197AA27C17D40B292297.png,f70def97451cf9a12889197aa27c17d40b292297,b473,2020-06-21T00:02:43.910Z,2,20.0,-0.5,453,0,18,8.258,128.0,Standard,523,False,False,False,False,54.857,7.14,409515,0,0,0,0.0024506084640583403,0.8660220016360817
741,2270363,2270363,324.6215,0.6072707829377741,,1,3,6,834,False,2023-03-23T18:28:11.000Z,544135,Last Wish,feat. Ice,Kry.exe,Nolanimations,2508035,2023-01-09T14:26:05.000Z,2023-03-03T17:51:33.000Z,2023-01-28T14:13:33.000Z,,True,False,False,-1,9.2,2190,False,https://cdn.scoresaber.com/covers/B299E237816977B44B8BE6BA9ED02C81BC3006A4.png,b299e237816977b44b8be6ba9ed02c81bc3006a4,,2023-01-09T13:55:04.748950Z,5,19.0,0.0,2734,23,273,8.34,1147.38,Standard,12641,False,False,False,False,327.823,9.14,2508035,0,0,3,197.13315246343467,0.9052357722280591
479,2307332,2307332,310.7467,0.1266438701910379,,1,3,9,757,False,2023-03-23T18:16:58.000Z,491269,Palace of Melancholia,,katagiri,Jabob & Joshabi,2545755,2022-07-19T07:14:20.000Z,2022-08-11T05:19:32.000Z,2022-07-20T02:11:39.000Z,,True,False,False,-1,8.78,1784,False,https://cdn.scoresaber.com/covers/D67AFB36CE5B39040C206AB227F23872FFD7FE19.png,d67afb36ce5b39040c206ab227f23872ffd7fe19,,2022-07-19T04:37:39.859383Z,5,19.0,0.0,2775,152,614,8.177,1284.0,Standard,13672,False,False,False,False,339.383,8.58,2545755,0,2,36,39.35416473709339,0.9063448760780201
936,684672,684672,225.5165,2.144233373275021e-07,,1,0,0,807,True,2023-03-23T17:53:10.000Z,228129,FIRST:DREAMS,,uma vs. Morimori Atsushi,muffn & altrewin,735195,2020-04-29T19:51:09.000Z,2020-05-04T20:24:17.000Z,2020-04-30T15:28:51.000Z,,True,False,False,-1,5.89,8234,False,https://cdn.scoresaber.com/covers/3F97C2436882538C7B482E87A5E97B9F14EDCB69.png,3f97c2436882538c7b482e87a5e97b9f14edcb69,a066,2020-04-29T19:47:10.202Z,6,20.0,-1.0,807,10,148,6.92,583.063,Standard,6417,False,False,False,False,116.613,5.01,735195,0,0,2,4.835600055241763e-05,0.9312794564707323
964,554820,554820,227.243,2.85136979290646e-07,,1,0,0,646,True,2023-03-23T17:44:08.000Z,321594,666,,RoughSketch,cerret,587075,2021-01-15T00:06:21.000Z,2021-01-22T05:31:47.000Z,2021-01-15T01:10:22.000Z,,True,False,False,-1,5.56,6605,False,https://cdn.scoresaber.com/covers/3DE687620B5722A9AA411AC6592D80E79537755B.png,3de687620b5722a9aa411ac6592d80e79537755b,12bd2,2021-01-15T00:00:23.551Z,4,19.0,-1.0,646,39,50,5.533,648.0,Standard,4825,False,False,False,False,116.757,4.34,587075,0,0,2,6.479538258494427e-05,0.9450581271558148
243,790308,790308,227.8442,3.173011195105518e-07,,1,0,1,630,False,2023-03-23T17:36:06.000Z,329212,Introduction - Xursed divinitiY,,Camellia,Schwank & Jabob,840075,2021-02-08T02:59:11.000Z,2021-02-16T12:31:23.000Z,2021-02-08T03:21:19.000Z,,True,False,False,-1,5.72,1320,False,https://cdn.scoresaber.com/covers/E5D18576630941A62F199C1CBAB3CA4F869A7416.png,e5d18576630941a62f199c1cbab3ca4f869a7416,13bd3,2021-02-08T02:11:26.218Z,3,16.0,-0.9,921,0,147,5.132,664.0,Standard,2623,False,False,False,False,179.459,4.13,840075,2,0,0,7.229521973398606e-05,0.9407588608159986
295,975638,975638,202.4076,5.86854851058272e-09,,1,1,0,828,False,2023-03-23T17:32:14.000Z,384880,The Imperial March,(Pegboard Nerds Remix),Celldweller,Fvrwvrd & FatBeanzoop,1038795,2021-10-13T05:28:56.000Z,2021-10-25T16:35:14.000Z,2021-10-13T20:18:56.000Z,,True,False,False,-1,5.12,1642,False,https://cdn.scoresaber.com/covers/E1B007986790860EA51335771266E84601F42E9E.png,e1b007986790860ea51335771266e84601f42e9e,,2021-10-13T05:23:13.556666Z,4,17.0,-0.3,1137,103,993,4.554,724.002,Standard,10178,False,False,False,False,249.656,4.03,1038795,0,0,14,1.187838819510623e-06,0.9392016711670734
349,546816,546816,172.1363,1.356592259400542e-12,,1,0,0,631,True,2023-03-23T17:24:26.000Z,504932,Speedcore Sonata in the Moonlight,,Fvrwvrd,Vilawes,573275,2022-08-13T06:17:35.000Z,2022-09-20T20:26:57.000Z,2022-08-21T05:41:51.000Z,,True,False,False,-1,3.97,1661,False,https://cdn.scoresaber.com/covers/3631D5E2D465E42FA299ABDE61D432A3029CD192.png,3631d5e2d465e42fa299abde61d432a3029cd192,,2022-08-11T23:15:39.729409Z,5,15.0,0.7,631,246,415,3.688,998.0,Standard,7232,False,False,False,False,171.086,3.6,573275,0,0,6,2.335187721418495e-10,0.9538458854825346
484,112406,112406,172.1514,1.405795087461702e-12,,1,0,0,137,True,2023-03-23T17:17:24.000Z,301819,Haachama Channel,[Theme Song] feat. Akai Haato,REDALiCE,Light Ai & xtpn,118795,2020-10-22T20:52:10.000Z,2020-10-28T20:37:28.000Z,2020-10-23T21:35:05.000Z,,True,False,False,-1,4.18,2435,False,https://cdn.scoresaber.com/covers/B4F3F4E5CACD3422EDA0EF199A24EE5D957AB53F.png,b4f3f4e5cacd3422eda0ef199a24ee5d957ab53f,101a0,2020-10-22T20:44:06.431Z,1,17.0,-0.45,137,0,6,4.638,64.0,Standard,1046,False,False,False,False,29.538,2.91,118795,0,0,0,2.4200959241965447e-10,0.9462182751799318
539,68634,68634,181.4369,1.702198044582827e-11,,1,0,0,86,True,2023-03-23T17:16:39.000Z,301820,Haachama Channel,[Theme Song] feat. Akai Haato,REDALiCE,Light Ai & xtpn,71875,2020-10-22T20:52:52.000Z,2020-10-28T20:37:26.000Z,2020-10-23T21:35:06.000Z,,True,False,False,-1,4.15,2362,False,https://cdn.scoresaber.com/covers/B4F3F4E5CACD3422EDA0EF199A24EE5D957AB53F.png,b4f3f4e5cacd3422eda0ef199a24ee5d957ab53f,101a0,2020-10-22T20:44:06.431Z,1,15.0,-0.2,86,41,39,2.911,64.0,Standard,1046,False,False,False,False,29.538,2.01,71875,0,0,4,3.0884153639516994e-09,0.9549078260869566
500,345506,345506,182.1037,2.26355775745376e-11,,1,0,0,407,True,2023-03-23T17:13:29.000Z,292943,Valhalla:0,,Juggernaut.,That_Narwhal,367195,2020-09-12T05:11:47.000Z,2020-09-18T06:20:13.000Z,2020-09-13T22:50:31.000Z,,True,False,False,-1,4.57,1410,False,https://cdn.scoresaber.com/covers/115D10630CA566010E6548ED0A6DF0CA3267A3F9.png,115d10630ca566010e6548ed0a6df0ca3267a3f9,e8c8,2020-09-12T04:57:22.211Z,6,16.0,1.1,407,0,18,3.022,449.0,Standard,1347,False,False,False,False,134.7,1.99,367195,0,0,0,4.122022427960323e-09,0.940933291575321
569,420346,420346,203.3603,6.301966238645569e-09,,1,0,0,484,True,2023-03-23T17:10:27.000Z,486697,Dimension Hacker,,Kobaryo,Aquaflee,438035,2022-07-10T00:48:50.000Z,2022-08-11T05:18:48.000Z,2022-07-12T03:11:06.000Z,,True,False,False,-1,4.46,1956,False,https://cdn.scoresaber.com/covers/6A7B5AC69F69A88EA0AC00E4282FF129173FFB83.png,6a7b5ac69f69a88ea0ac00e4282ff129173ffb83,,2022-07-09T23:07:36.658695Z,8,14.0,0.5,484,109,949,3.424,808.0,Standard,6593,False,False,False,False,141.341,1.96,438035,0,0,15,1.2815697448808345e-06,0.9596173821726575
417,226333,226333,192.924,5.204607776299416e-10,,1,0,0,260,True,2023-03-23T16:56:18.000Z,437250,All My Love,(feat. Conor Maynard) (Sagan Remix),Cash Cash,Olaf & RFCaps,231955,2022-04-14T12:48:38.000Z,2022-06-14T04:41:33.000Z,2022-04-16T12:48:05.000Z,,True,False,False,-1,3.26,1354,False,https://cdn.scoresaber.com/covers/FFEEC65EFC5212B770D6DEED6F9AD766914D7635.png,ffeec65efc5212b770d6deed6f9ad766914d7635,,2022-04-14T12:40:27.460036Z,6,12.0,0.1,260,4,112,1.322,839.0,Standard,4589,False,False,False,False,196.641,1.06,231955,0,0,2,1.0040937506347885e-07,0.9757625401478736
136,1338939,669470,0,1.048909709256758e-18,NF,0.5,61,62,163,False,2023-03-21T18:14:41.000Z,554355,Ambergris,,Camellia,Nolanimations,2006635,2023-03-20T18:36:32.000Z,,,,False,False,False,-1,0,201,False,https://cdn.scoresaber.com/covers/0ABF8FA6FA094ACC6D3281045268455919178A4C.png,0abf8fa6fa094acc6d3281045268455919178a4c,,2023-03-20T18:18:38.928153Z,5,21.25,-1.5,2189,19,225,9.399,1246.0,Standard,8103,False,False,False,False,232.897,,2006635,0,15,3,0.0,0.6672558786226693
246,793466,396733,0,5.523695704597649e-19,NF,0.5,34,75,126,False,2023-03-21T18:08:16.000Z,373888,Rebuilding of Paradise Lost,,Laur,miitchel,1408635,2021-08-12T18:15:10.000Z,,,,False,False,False,-1,0,558,False,https://cdn.scoresaber.com/covers/C84A309EBEADC86177D2310BA78A4F3270E684B7.png,c84a309ebeadc86177d2310ba78a4f3270e684b7,,2021-08-12T17:49:25.605480Z,6,21.5,-0.5,1539,328,62,13.248,367.857,Standard,0,False,False,False,False,116.165,,1408635,33,7,37,0.0,0.5632871538759153
596,758316,758316,256.6176,2.124460349054368e-05,,1,1,0,474,False,2023-03-21T17:58:30.000Z,347372,ADAM,,P*Light,Shan_Man,817995,2021-04-11T03:32:42.000Z,2021-04-22T16:21:04.000Z,2021-04-11T14:31:15.000Z,,True,False,False,-1,6.81,4626,False,https://cdn.scoresaber.com/covers/28ABB0BB8BDB7C7AF3E18D11DBDAA40E56F779C1.png,28abb0bb8bdb7c7af3e18d11dbdaa40e56f779c1,1687f,2021-04-11T00:54:04.820Z,1,20.0,0.0,897,16,4,7.786,384.0,Standard,4415,False,False,False,False,115.2,6.31,817995,0,0,7,0.0054517391606949414,0.9270423413346047
979,2582588,2582588,275.6287,0.000296638449451442,,1,2,7,1166,False,2023-03-21T17:52:05.000Z,487011,The Magician,,Aether Realm,shrado & cerret,2879715,2022-07-10T14:45:32.000Z,2022-08-11T05:19:34.000Z,2022-07-12T03:14:28.000Z,,True,False,False,-1,7.98,2796,False,https://cdn.scoresaber.com/covers/3EF771DD89CA8292DC8568078A059A8E38EF55EB.png,3ef771dd89ca8292dc8568078a059a8e38ef55eb,,2022-07-10T08:29:10.977881Z,6,21.0,-0.35,3138,56,193,8.77,1192.639,Standard,11986,False,False,False,False,357.792,7.57,2879715,0,0,6,0.08176207019231667,0.8968206923254558
1173,1120589,1120589,260.2764,3.143751307634688e-05,,1,1,3,528,False,2023-03-21T17:41:02.000Z,235376,The Government Knows,,KNOWER,Ramen Noodle,1227395,2020-05-05T22:58:36.000Z,2020-05-10T23:18:42.000Z,2020-05-06T02:54:01.000Z,,True,False,False,-1,7.22,6279,False,https://cdn.scoresaber.com/covers/237109CFBDF4594DE63BD16C52A18204D85AD778.png,237109cfbdf4594de63bd16c52a18204d85ad778,a2de,2020-05-05T17:50:44.371Z,5,19.0,-0.4,1342,14,17,6.056,539.25,Standard,11076,False,False,False,False,221.61,7.22,1227395,0,1,0,0.008182442728464492,0.9129815585039861
1806,786526,786526,265.1533,6.88410188817578e-05,,1,2,1,675,False,2023-03-21T17:34:41.000Z,363392,Get Get Down,(Asketa & Natan Chaim Remix),Tom & Jame,ItsVasili,864915,2021-06-20T11:21:05.000Z,2021-06-29T22:50:22.000Z,2021-06-20T11:44:15.000Z,,True,False,False,-1,7.43,6777,False,https://cdn.scoresaber.com/covers/B02DA0A01D4B9E41012327DEF8A28E5B95DDEDD9.png,b02da0a01d4b9e41012327def8a28e5b95ddedd9,195a5,2021-06-20T07:52:57.831Z,4,20.0,0.1,948,0,134,6.71,292.0,Standard,3792,False,False,False,False,141.29,7.37,864915,0,0,0,0.01825342333186039,0.9093679725753397
188,720790,720790,0,7.611739653674661e-19,,1,5,8,245,False,2023-03-21T17:18:13.000Z,553878,Storeulv 2016, (ft. Moberg),BEK & Wallin,Gabiel,858475,2023-03-17T13:51:45.000Z,,,,False,False,False,-1,0,423,False,https://cdn.scoresaber.com/covers/3EED3CD6914BF71805B627A0840A9A598653C7D2.png,3eed3cd6914bf71805b627a0840a9a598653c7d2,,2023-03-17T12:10:56.396158Z,5,18.0,-0.67,941,42,394,5.633,431.517,Standard,21739,True,False,False,False,167.039,,858475,6,71,14,0.0,0.8396167622819535
1527,657081,657081,163.6409,2.634545773184623e-13,,1,0,6,558,False,2023-03-21T17:05:33.000Z,320373,Nibelungen,,Gram,ComplexFrequency,735195,2021-01-11T02:23:49.000Z,2021-01-22T05:08:46.000Z,2021-01-11T02:57:59.000Z,,True,False,False,-1,4.77,4108,False,https://cdn.scoresaber.com/covers/62128DFDD39DB6A2CC380C254031A9D4367B87A1.png,62128dfdd39db6a2cc380c254031a9d4367b87a1,127ec,2021-01-11T02:03:36.770Z,8,17.0,0.75,807,31,10,4.506,662.596,Standard,9773,False,False,False,False,179.08,4.05,735195,2,2,1,4.311194414151276e-11,0.8937506375859466
738,424709,424709,146.4564,5.301940491884801e-14,,1,0,2,326,False,2023-03-21T17:01:58.000Z,398531,Empty Bed,,Saint Punk,Timbo,454595,2021-11-25T15:29:07.000Z,2021-12-09T13:09:20.000Z,,,True,False,False,-1,3.78,2382,False,https://cdn.scoresaber.com/covers/C6B80ADE344B636D2597CB36C6BC8F4110165778.png,c6b80ade344b636d2597cb36c6bc8f4110165778,,2021-11-25T09:33:48.710006Z,5,14.0,-0.8,502,0,112,2.48,830.0,Standard,4719,False,False,False,False,202.439,2.28,454595,64,0,0,7.765031174556771e-12,0.9342579658817189
577,324100,324100,155.0018,9.0474282742779e-14,,1,0,1,359,False,2023-03-21T16:53:38.000Z,320374,Nibelungen,,Gram,ComplexFrequency,349715,2021-01-11T02:26:13.000Z,2021-01-22T05:08:44.000Z,2021-01-11T02:58:01.000Z,,True,False,False,-1,4.12,1492,False,https://cdn.scoresaber.com/covers/62128DFDD39DB6A2CC380C254031A9D4367B87A1.png,62128dfdd39db6a2cc380c254031a9d4367b87a1,127ec,2021-01-11T02:03:36.770Z,8,14.0,-0.5,388,96,12,2.639,544.0,Standard,9773,False,False,False,False,147.027,2.86,349715,32,0,0,1.4023676678839683e-11,0.926754643066497
240,837153,837153,185.1606,4.783194051463704e-11,,1,0,1,646,False,2023-03-21T16:47:06.000Z,492403,Goodbye,,Aether Realm,ThySpoon,884235,2022-07-21T13:11:15.000Z,2022-08-11T05:19:25.000Z,2022-08-01T18:05:26.000Z,,True,False,False,-1,4.48,933,False,https://cdn.scoresaber.com/covers/7797D103DA7E1F523A45192D1B2ADEF5BEF3DCCE.png,7797d103da7e1f523a45192d1b2adef5bef3dcce,,2022-07-21T04:19:34.764885Z,6,16.0,-0.2,969,0,160,3.368,685.774,Standard,7732,False,False,False,False,287.737,2.76,884235,0,0,0,8.856590804854503e-09,0.9467539737739402
376,310577,310577,187.6111,1.010751559513724e-10,,1,0,1,359,False,2023-03-21T16:41:28.000Z,280478,Noel,,Morimori Atsushi vs. uma,EpicTroller,331315,2020-07-19T23:16:15.000Z,2020-07-25T20:53:03.000Z,2020-07-21T01:25:29.000Z,,True,False,False,-1,4.78,927,False,https://cdn.scoresaber.com/covers/98D49FC45B3012D5EAE0AEFCACABD59327927674.png,98d49fc45b3012d5eae0aefcacabd59327927674,c397,2020-07-19T23:06:14.639Z,7,13.0,0.6,368,3,29,2.704,499.0,Standard,1050,False,False,False,False,136.091,2.67,331315,0,0,1,1.8962821190708523e-08,0.9374069993812535
57,1353367,676684,0,4.008441647404592e-19,NF,0.5,54,164,125,False,2023-03-19T18:49:41.000Z,349905,Clock Control,(DJ Myosuke Remix),Kobaryo,cat_using_a_toaster,2494235,2021-04-20T15:36:54.000Z,,,,False,False,False,-1,0,80,False,https://cdn.scoresaber.com/covers/5BE881F255398276D5797C1E49E431E1C5973FB7.png,5be881f255398276d5797c1e49e431e1c5973fb7,16efb,2021-04-20T15:20:25.121Z,6,24.0,-1.37,2719,214,18,9.928,1688.826,Standard,12283,False,False,False,False,273.864,,2494235,0,0,14,0.0,0.5425980310596235
91,1111220,1111220,0,9.425839609625329e-19,,1,20,35,208,False,2023-03-19T18:04:05.000Z,498059,Cat Paradise,,Laur,Kanahebi,1509835,2022-07-31T09:47:00.000Z,,,,False,False,False,-1,0,157,False,https://cdn.scoresaber.com/covers/54129AA26E049A7C0785A90E1EF25890B14E2FE5.png,54129aa26e049a7c0785a90e1ef25890b14e2fe5,,2022-07-31T02:41:58.553946Z,5,19.0,-0.2,1649,334,364,8.922,677.666,Standard,7017,False,False,False,False,184.818,,1509835,2,22,53,0.0,0.7359877072660258
29,585872,292936,0,9.095935223288441e-19,NF,0.5,22,32,170,False,2023-03-19T18:00:48.000Z,483387,Into the wild,,"Zack merci, ARCANA",BigOlDumplin,852035,2022-07-03T13:36:43.000Z,,,,False,False,False,-1,0,53,False,https://cdn.scoresaber.com/covers/8C07CE415360D78E0E6094CE59D473AAAF9CB5EB.png,8c07ce415360d78e0e6094ce59d473aaaf9cb5eb,,2022-07-03T12:19:49.860722Z,3,18.0,-0.7,934,139,396,5.585,432.0,Standard,4084,False,False,False,False,167.226,,852035,5,40,13,0.0,0.6876149453954357
191,781706,781706,0,8.777577490473346e-19,,1,18,17,142,False,2023-03-19T17:57:22.000Z,266360,MiKUSABBATH [2020Mix],,Utsu-P (ft. Hatsune Miku),Hotsku,1082955,2020-06-09T13:50:14.000Z,,,,False,False,False,-1,0,506,False,https://cdn.scoresaber.com/covers/CE4B49F817529605FC7C2B8A12098BD8389D4075.png,ce4b49f817529605fc7c2b8a12098bd8389d4075,b052,2020-06-09T13:25:17.352Z,1,16.0,0.0,1185,226,281,5.197,361.0,Standard,1522,False,False,False,False,228.0,,1082955,74,53,1,0.0,0.7218268533780259
1499,835139,835139,286.4952,0.002260323403642308,,1,20,14,136,False,2023-03-19T17:52:31.000Z,414580,BATTLE NO.1,,TANO*C Sound Team,"Bitz, HypersonicSharkz & Luck",1102275,2022-01-29T17:16:52.000Z,2022-06-14T05:01:09.000Z,2022-06-06T17:25:49.000Z,,True,False,False,-1,10.44,4343,False,https://cdn.scoresaber.com/covers/BDEBD0E4B5DF0A8AD592E04D294C8E3DF4248667.png,bdebd0e4b5df0a8ad592e04d294c8e3df4248667,,2022-01-29T16:40:24.157836Z,5,20.0,-0.4,1206,90,126,9.504,423.0,Standard,17719,True,False,False,False,126.9,10.44,1102275,1,11,43,0.6475718055911838,0.7576503141230637
550,583979,583979,0,8.470362278306778e-19,,1,3,2,379,False,2023-03-19T17:50:00.000Z,342195,i wanna slam my head against the wall,,glaive,Cyber Turtle,658835,2021-03-23T17:35:32.000Z,,,,False,False,False,-1,0,1243,False,https://cdn.scoresaber.com/covers/FCA25C8C4C2DB81025E0A2C64AB9D7F298B3B993.png,fca25c8c4c2db81025e0a2c64ab9d7f298b3b993,15cda,2021-03-23T17:14:33.574Z,6,19.0,-0.45,724,0,142,6.265,350.531,Standard,2634,False,False,False,False,115.56,,658835,0,0,0,0.0,0.8863812638976375
70,509401,509401,0,8.173899598566041e-19,,1,34,25,87,False,2023-03-19T17:47:08.000Z,367661,Tsurupettan,,Silver Forest,Kival Evan,804195,2021-07-10T22:53:49.000Z,,,,False,False,False,-1,0,112,False,https://cdn.scoresaber.com/covers/20F9ED2E7A788756B8E63C4E67C232D0BF442DA6.png,20f9ed2e7a788756b8e63c4e67c232d0bf442da6,1a1fa,2021-07-10T22:02:56.501Z,4,18.0,-0.25,882,0,0,5.715,463.0,Standard,3497,False,False,False,False,154.333,,804195,4,170,0,0.0,0.6334297029949204
69,829876,829876,0,7.88781311261623e-19,,1,8,11,269,False,2023-03-19T17:43:20.000Z,432427,The 89's Momentum,,MYUKKE,Various Mapper,1013955,2022-04-07T03:39:11.000Z,,,,False,False,False,-1,0,129,False,https://cdn.scoresaber.com/covers/9D099DCC33D5965E1CFF29E36668799DDEBD4D20.png,9d099dcc33d5965e1cff29e36668799ddebd4d20,,2022-04-07T03:22:24.386328Z,3,17.0,-0.7,1110,0,14,8.36,283.25,Standard,1188,False,False,False,False,132.773,,1013955,0,73,0,0.0,0.8184544679004492
2027,1440202,1440202,264.3463,5.36461405244497e-05,,1,28,26,295,False,2023-03-19T17:36:17.000Z,274883,Kodoku no Kakurenbo,(Himeringo Cover),150P,TheRealZeroz & altrewin,1896235,2020-06-27T00:30:28.000Z,2020-07-03T12:36:24.000Z,2020-06-28T17:08:43.000Z,,True,False,False,-1,9.61,2720,False,https://cdn.scoresaber.com/covers/9D187121301203D70CC70AABCEAF232E2E37BAB1.png,9d187121301203d70cc70aabceaf232e2e37bab1,b68c,2020-06-27T00:13:52.207Z,8,21.0,-0.2,2069,120,92,9.805,773.715,Standard,43145,False,False,False,False,211.013,9.51,1896235,0,0,5,0.014181158756918338,0.759506073877974
179,766276,766276,0,7.088242258993186e-19,,1,11,20,187,False,2023-03-19T17:23:14.000Z,420939,Einen Jodler hör i gern,Hardstyle Buamz Remix,Franzl Lang,Kinsi55,990955,2022-02-27T20:10:47.000Z,,,,False,False,False,-1,0,366,False,https://cdn.scoresaber.com/covers/D13ADC9DD1DF9C7F0B7F90F1697CCCEE9684DACC.png,d13adc9dd1df9c7f0b7f90f1697cccee9684dacc,,2022-02-27T20:04:45.589226Z,4,19.5,-0.75,1085,247,175,7.703,352.125,Standard,1404,False,False,False,False,140.85,,990955,17,0,115,0.0,0.773270229223325
195,428996,428996,0,6.840153779928423e-19,,1,5,6,218,False,2023-03-19T17:20:07.000Z,242787,Feuer Frei,,Rammstein,Core Pee,499675,2020-05-16T20:33:16.000Z,,,,False,False,False,-1,0,846,False,https://cdn.scoresaber.com/covers/69A5F8949160EF47C896FD772A5F3BD8A40BA44A.png,69a5f8949160ef47c896fd772a5f3bd8a40ba44a,a6f8,2020-05-16T19:30:16.338Z,5,18.0,0.0,551,0,119621,3.133,557.375,Standard,1350,True,True,True,False,175.856,,499675,3,4,0,0.0,0.8585500575373993
367,456902,456902,204.3421,7.530772109158747e-09,,1,0,0,531,True,2023-03-19T17:14:19.000Z,414583,BATTLE NO.1,,TANO*C Sound Team,"Bitz, HypersonicSharkz & Luck",481275,2022-01-29T17:22:16.000Z,2022-06-14T05:00:58.000Z,2022-06-06T17:25:56.000Z,,True,False,False,-1,4.87,1582,False,https://cdn.scoresaber.com/covers/BDEBD0E4B5DF0A8AD592E04D294C8E3DF4248667.png,bdebd0e4b5df0a8ad592e04d294c8e3df4248667,,2022-01-29T16:40:24.157836Z,5,16.0,0.4,531,18,352,4.224,419.0,Standard,17719,True,False,False,False,125.7,2.87,481275,0,0,2,1.5388537874069275e-06,0.9493574359773518
270,369042,369042,188.9986,1.495698207937583e-10,,1,0,0,420,True,2023-03-19T17:07:06.000Z,407354,Moonlight,,Geoxor,Elecast,379155,2022-01-05T12:38:57.000Z,2022-01-14T21:52:47.000Z,,,True,False,False,-1,3.37,810,False,https://cdn.scoresaber.com/covers/A2879A60F2855EDBC9ADCB3476EAA9649A254706.png,a2879a60f2855edbc9adcb3476eaa9649a254706,,2022-01-05T01:54:09.918249Z,7,13.0,-1.2,420,0,330,1.269,960.0,Standard,5076,False,False,False,False,331.035,0.91,379155,0,0,0,2.826848673227121e-08,0.9733275309569965
116,775343,775343,0,6.600748397630929e-19,,1,21,45,105,False,2023-03-16T18:12:36.000Z,463918,Mobius,,USAO & Camellia,abcbadq,1153795,2022-05-28T15:34:46.000Z,,,,False,False,False,-1,0,190,False,https://cdn.scoresaber.com/covers/33344DB2E30CA8F046431C0A79448954BAEE9852.png,33344db2e30ca8f046431c0a79448954baee9852,,2022-05-28T13:53:54.440711Z,5,20.0,-0.17,1262,35,203,9.43,513.0,Standard,5333,False,False,False,False,133.826,,1153795,1,29,2,0.0,0.6719937250551441
20,718943,359472,0,6.369722203713846e-19,NF,0.5,21,80,158,False,2023-03-16T18:03:42.000Z,547547,Broken Altair,,Kry.exe,Gabriel & Marsh,1114235,2023-01-31T16:04:59.000Z,,,,False,False,False,-1,0,44,False,https://cdn.scoresaber.com/covers/9A311EFF6AA5F24267B4E2BB5AE3B228C69D98EA.png,9a311eff6aa5f24267b4e2bb5ae3b228c69d98ea,,2023-01-31T15:48:24.127137Z,2,21.0,-0.5,1219,8,95,8.248,468.0,Standard,25826,True,False,False,False,147.789,,1114235,0,6,1,0.0,0.6452346228578352
1687,2000458,1000229,48.49747,7.47200377924244e-15,NF,0.5,58,112,187,False,2023-03-16T18:00:35.000Z,292429,Blastix Riotz,"(""Fullblast"" Long ver.)",Camellia,cerret,2962515,2020-09-10T01:34:32.000Z,2020-09-15T09:27:17.000Z,2020-09-10T16:07:09.000Z,,True,False,False,-1,11.23,2358,False,https://cdn.scoresaber.com/covers/3D8EBD36AF5E6957154B1FB1553F6155157FF05F.png,3d8ebd36af5e6957154b1fb1553f6155157ff05f,e718,2020-09-10T01:23:11.137Z,5,24.0,-0.1,3228,79,135,12.012,1146.625,Standard,11612,False,False,False,False,268.74,11.23,2962515,0,0,8,3.6237327912369687e-13,0.6752566653670952
219,969265,969265,0,6.146781926583862e-19,,1,26,46,156,False,2023-03-16T17:51:33.000Z,93349,Power Trip,,Boom Kitty,Nuketime,1442675,2018-11-30T19:00:08.000Z,,,,False,False,False,-1,0,772,False,https://cdn.scoresaber.com/covers/090E60CF896BD5549A1951B6AF0A445534863BE8.png,090e60cf896bd5549a1951b6af0a445534863be8,22f3,2018-11-30T18:48:29Z,5,17.0,0.0,1576,0,5,7.167,623.0,Standard,2035,False,False,False,False,219.882,,1442675,121,74,0,0.0,0.6718526348623217
32,125922,62961,0,5.931644559153426e-19,NF,0.5,146,670,60,False,2023-03-16T17:42:00.000Z,455787,Kocmoc,Skull emoji Skull emoji,I dont know,Bmm,2001115,2022-05-14T14:36:46.000Z,,,,False,False,False,-1,0,70,False,https://cdn.scoresaber.com/covers/290E9FE47C8110B323DAB02D6EF89C13A329D013.png,290e9fe47c8110b323dab02d6ef89c13a329d013,,2022-05-13T19:53:30.488089Z,4,24.0,0.0,2183,10,4,39.227,352.453,Standard,9988,False,False,False,False,55.65,,2001115,4,1,1,0.0,0.06292591880026885
17,988427,494214,0,5.724036999583056e-19,NF,0.5,56,111,133,False,2023-03-16T17:35:08.000Z,523392,Obliterate,,Ludicin,Slayx,1737075,2022-09-21T18:16:09.000Z,,,,False,False,False,-1,0,25,False,https://cdn.scoresaber.com/covers/5D5B077AF75947245260D2CC02B04E460D0E4129.png,5d5b077af75947245260d2cc02b04e460d0e4129,,2022-09-15T17:48:53.124061Z,3,20.0,0.0,1896,76,175,11.73,660.0,Standard,7364,False,False,False,False,161.633,,1737075,4,9,18,0.0,0.5690180331879741
2511,799164,399582,40.32701,2.47618903732115e-15,NF,0.5,167,81,119,False,2023-03-16T17:17:44.000Z,297487,Ludicrous Speed,,F-777,Refugee Camp,1520875,2020-09-30T00:33:32.000Z,2020-10-06T06:06:33.000Z,2020-09-30T00:54:36.000Z,,True,False,False,-1,12,4925,False,https://cdn.scoresaber.com/covers/6254580C9AB17F367298E7A7B78986FB58D2A1C8.png,6254580c9ab17f367298e7a7b78986fb58d2a1c8,f583,2020-09-30T00:03:40.451Z,3,19.0,-0.55,1661,18,167,9.664,475.5,Standard,15452,False,False,False,False,171.867,12.0,1520875,0,1,0,9.985730006994039e-14,0.5254633023752774
432,1531760,1531760,237.6865,1.144164118613026e-06,,1,2,2,817,False,2023-03-16T17:06:35.000Z,295337,GHOST,,Camellia,qqrz997,1661635,2020-09-21T11:53:59.000Z,2020-10-06T07:02:58.000Z,2020-09-28T17:18:24.000Z,,True,False,False,-1,6.42,4800,False,https://cdn.scoresaber.com/covers/80FFE4B121DDD8BA8A9DAE8428F56EAB924E8F64.png,80ffe4b121ddd8ba8a9dae8428f56eab924e8f64,efc3,2020-09-21T06:59:37.658Z,5,17.0,0.75,1814,8,115,5.774,1152.0,Standard,23540,False,False,False,False,314.182,6.16,1661635,0,0,0,0.000271952364778715,0.9218390320377219
334,729868,729868,254.0063,1.244968405008335e-05,,1,0,1,446,False,2023-03-16T16:59:22.000Z,287665,Fracture Ray,,Sakuzyo,muffn & FatBeanzoop,778435,2020-08-18T14:48:49.000Z,2020-08-22T20:51:21.000Z,2020-08-18T20:41:19.000Z,,True,False,False,-1,6.47,3556,False,https://cdn.scoresaber.com/covers/EF2A01516FE6E6092165FCBB789214973A0DFE23.png,ef2a01516fe6e6092165fcbb789214973a0dfe23,d8f5,2020-08-18T14:26:13.412Z,5,18.0,0.1,854,0,68,5.931,480.0,Standard,9032,False,False,False,False,144.0,5.97,778435,0,0,0,0.0031622981817306865,0.9376094343137192
1792,696768,696768,210.2687,2.620496225298814e-08,,1,2,0,300,False,2023-03-16T16:54:40.000Z,192968,iLLness LiLin,,Kaneko Chiharu,Jez & Sab,769235,2019-12-24T20:13:21.000Z,2020-01-06T05:13:59.000Z,2020-01-02T05:08:55.000Z,,True,False,False,-1,5.95,8110,False,https://cdn.scoresaber.com/covers/463D142CFF785702A3BFC7CD511AE84DB2DB68E8.png,463d142cff785702a3bfc7cd511ae84db2db68e8,7904,2019-12-24T03:29:23.789Z,6,19.0,-0.5,844,47,8,7.24,544.0,Standard,1698,False,False,False,False,116.571,5.47,769235,0,0,9,5.510083346484888e-06,0.9057934181362003
2003,963594,481797,48.9112,8.92895257279915e-15,NF,0.5,16,66,149,False,2023-03-16T16:43:58.000Z,228141,FIRST:DREAMS,,uma vs. Morimori Atsushi,muffn & altrewin,1432555,2020-04-29T19:55:03.000Z,2020-05-04T20:24:22.000Z,2020-04-30T15:28:53.000Z,,True,False,False,-1,11.37,3087,False,https://cdn.scoresaber.com/covers/3F97C2436882538C7B482E87A5E97B9F14EDCB69.png,3f97c2436882538c7b482e87a5e97b9f14edcb69,a066,2020-04-29T19:47:10.202Z,6,24.0,0.3,1565,24,15,13.421,583.063,Standard,6417,False,False,False,False,116.613,11.32,1432555,0,0,6,4.367257850786938e-13,0.6726401429613522
3,224561,224561,0,4.963770408875957e-19,,1,0,0,267,True,2023-03-16T16:34:09.000Z,553630,Padoru Faded by The Ashes of WWIII,,Alef,Chrisvenator,238395,2023-03-15T13:26:15.000Z,,,,False,False,False,-1,0,16,False,https://cdn.scoresaber.com/covers/35F2C2924943D3E1556F9175E0BEFE36711AE71E.png,35f2c2924943d3e1556f9175e0befe36711ae71e,,2023-03-15T13:15:56.760421Z,2,16.0,-0.094,267,6,9,3.105,129.0,Standard,349,False,False,False,False,86.0,,238395,0,22,0,0.0,0.9419702594433608
2,106742,106742,0,4.790038444565298e-19,,1,0,0,128,True,2023-03-16T16:32:15.000Z,553631,Padoru Faded by The Ashes of WWIII,,Alef,Chrisvenator,110515,2023-03-15T13:28:29.000Z,,,,False,False,False,-1,0,7,False,https://cdn.scoresaber.com/covers/35F2C2924943D3E1556F9175E0BEFE36711AE71E.png,35f2c2924943d3e1556f9175e0befe36711ae71e,,2023-03-15T13:15:56.760421Z,2,16.0,0.047,128,16,0,1.488,129.0,Standard,349,False,False,False,False,86.0,,110515,0,0,4,0.0,0.9658598380310365
646,344932,344932,212.9809,4.018424179076533e-08,,1,0,0,407,True,2023-03-16T16:30:09.000Z,417148,My War,(TV Size),Shinsei Kamattechan,Alice,367195,2022-02-07T12:46:56.000Z,2022-06-14T04:58:10.000Z,2022-04-19T13:36:01.000Z,,True,False,False,-1,5.38,5344,False,https://cdn.scoresaber.com/covers/7DF05BEEBE378E3202E6DB2C2EE975A111924F62.png,7df05beebe378e3202e6db2c2ee975a111924f62,,2022-02-07T12:44:46.692107Z,5,17.0,-0.5,407,68,31,4.719,207.0,Standard,8101,True,False,False,True,86.25,4.38,367195,7,7,7,8.55847598241481e-06,0.9393700894620025
173,272110,272110,179.8204,1.374592491593817e-11,,1,0,0,318,True,2023-03-16T16:27:58.000Z,417149,My War,(TV Size),Shinsei Kamattechan,Alice,285315,2022-02-07T12:47:09.000Z,2022-06-14T04:58:06.000Z,2022-04-19T13:36:03.000Z,,True,False,False,-1,4.15,2958,False,https://cdn.scoresaber.com/covers/7DF05BEEBE378E3202E6DB2C2EE975A111924F62.png,7df05beebe378e3202e6db2c2ee975a111924f62,,2022-02-07T12:44:46.692107Z,5,15.0,-0.25,318,44,32,3.687,207.0,Standard,8101,True,False,False,True,86.25,2.85,285315,0,2,0,2.471797716753968e-09,0.9537178206543645
246,352265,352265,173.5822,2.233916561633016e-12,,1,0,0,406,True,2023-03-16T16:16:59.000Z,346817,Bang!,,AJR,BrightKnight,366275,2021-04-09T08:17:35.000Z,2021-04-29T19:05:26.000Z,2021-04-16T23:36:23.000Z,,True,False,False,-1,3.71,2759,False,https://cdn.scoresaber.com/covers/8D0EDFBE3A32BABADF699BDB1937A1C0CAE1DBDC.png,8d0edfbe3a32babadf699bdb1937a1c0cae1dbdc,1677a,2021-04-09T05:35:23.480Z,6,12.0,0.7,406,0,348,2.417,392.0,Standard,2892,True,False,False,False,168.0,1.41,366275,56,0,0,3.8776815138469453e-10,0.961750051191045
249,65112,65112,199.7972,2.982288490330574e-09,,1,0,0,81,True,2023-03-16T16:13:32.000Z,361427,fractal,,FELT,Kival Evan,67275,2021-06-10T19:42:00.000Z,2021-09-19T16:53:02.000Z,2021-09-08T08:13:59.000Z,,True,False,False,-1,3.93,750,False,https://cdn.scoresaber.com/covers/F9FE1BE6F1ECACEE469E79CFEF52CFE2A037B935.png,f9fe1be6f1ecacee469e79cfef52cfe2a037b935,1902e,2021-06-10T12:28:28.033Z,7,8.0,1.0,81,0,102,0.941,255.5,Standard,2416,False,False,False,False,86.124,1.11,67275,15,7,0,5.958528899602758e-07,0.9678483835005575
2050,1518672,1518672,282.8917,0.001108451891108695,,1,20,51,131,False,2023-03-07T17:46:02.000Z,275970,Hoshikuzu Struck,(Uncut Edition),t+pazolite,muffn,2055395,2020-07-02T00:49:51.000Z,2020-07-06T02:11:35.000Z,2020-07-02T01:42:42.000Z,,True,False,False,-1,10.53,2775,False,https://cdn.scoresaber.com/covers/8348C1F03EF8E88376EAF1CBB8580B738B8536F8.png,8348c1f03ef8e88376eaf1cbb8580b738b8536f8,b86a,2020-07-02T00:23:02.679Z,7,23.0,-0.2,2242,29,24,10.366,793.031,Standard,2464,False,False,False,False,216.281,10.53,2055395,0,0,5,0.3135718398439536,0.738871117230508
878,571603,571603,173.3744,2.080278950106705e-12,,1,0,2,518,False,2023-03-07T17:05:42.000Z,275214,Falling,,Dropgun x Asketa & Natan Chaim,Teuflum,610995,2020-06-28T12:22:03.000Z,2020-07-12T22:21:09.000Z,2020-07-08T22:13:01.000Z,,True,False,False,-1,4.45,6326,False,https://cdn.scoresaber.com/covers/2DDDD6672560CB2C1D4C689FF31B5EA58EF1641E.png,2dddd6672560cb2c1d4c689ff31b5ea58ef1641e,b724,2020-06-28T11:22:49.373Z,7,14.0,0.0,672,12,65,3.6,392.0,Standard,9228,False,False,False,False,186.667,2.57,610995,0,0,4,3.606671148073799e-10,0.9355281139780195
624,351169,351169,136.1038,3.582905022003715e-14,,1,1,0,285,False,2023-03-07T16:50:37.000Z,2890,DotA,,,Basshunter,371795,2018-05-24T03:57:05.000Z,,,,True,False,False,-1,3.34,30563,False,https://cdn.scoresaber.com/covers/DC4906A7F76965CDD2B75C72CF470344B698E352.png,dc4906a7f76965cdd2b75c72cf470344b698e352,1ef,2018-05-24T02:43:51Z,6,10.0,0.0,412,0,21,2.146,448.0,Standard,1429,False,False,False,False,192.0,2.37,371795,276,5,0,4.876469885337892e-12,0.9445231915437271
1088,204156,204156,172.9255,1.869405493527157e-12,,1,1,0,222,False,2023-03-07T16:46:33.000Z,415401,Koyomi Oniichan,,Satoru Kosaki,Night Xrose,220915,2022-02-01T10:32:00.000Z,2022-06-14T04:49:15.000Z,2022-02-12T04:36:06.000Z,,True,False,False,-1,4.64,2815,False,https://cdn.scoresaber.com/covers/7744B3CE236AFC57AFF70F29C91AC627077765FA.png,7744b3ce236afc57aff70f29c91ac627077765fa,,2022-02-01T06:19:12.046044Z,3,14.0,0.0,248,8,1,3.518,188.0,Standard,8584,True,False,False,False,70.5,2.26,220915,0,0,2,3.232678796709304e-10,0.9241382432157165
1446,39070,39070,153.8955,7.571147646563947e-14,,1,0,0,52,True,2023-03-07T16:44:38.000Z,321274,Villain Virus,(EKU's Comfy Music Box Cover),Kobaryo [feat. Camellia],Denyah_ & Rusty,40595,2021-01-14T02:38:02.000Z,2021-01-22T05:29:59.000Z,2021-01-14T23:46:50.000Z,,True,False,False,-1,3.26,3472,False,https://cdn.scoresaber.com/covers/F359C7B50C7174F45EE48744BE0F396BCC93C905.png,f359c7b50c7174f45ee48744be0f396bcc93c905,12b27,2021-01-14T02:34:23.345Z,4,12.0,0.0,52,0,0,1.526,79.5,Standard,300,False,False,False,False,34.071,1.73,40595,0,0,0,1.165165552641782e-11,0.9624337972656731
27,416379,416379,0,4.622387099005513e-19,,1,4,9,197,False,2023-03-06T18:15:26.000Z,353970,Anokoni Dropkick,,Jashin Girls,isonaudon,511635,2021-05-06T09:51:29.000Z,,,,False,False,False,-1,0,116,False,https://cdn.scoresaber.com/covers/9C7A414F8FB6D9AEBA91E8C45B8386D31CD4AC70.png,9c7a414f8fb6d9aeba91e8c45b8386d31cd4ac70,17990,2021-05-06T09:44:27.845Z,3,20.0,0.011100255,564,60,1,6.614,163.438,Standard,740,False,False,False,False,85.272,,511635,13,18,2,0.0,0.8138203993081005
182,642518,642518,0,4.46060355054032e-19,,1,36,8,83,False,2023-03-06T18:11:53.000Z,329036,心 得,,PIKASONIC,TEAM:筋肉作譜真君,905395,2021-02-07T15:17:05.000Z,,,,False,False,False,-1,0,526,False,https://cdn.scoresaber.com/covers/030D0116D30DEAA28DD37839417751D6534D8CDB.png,030d0116d30deaa28dd37839417751d6534d8cdb,13b75,2021-02-07T14:55:09.586Z,3,16.0,-0.25,992,113,81,7.873,273.0,Lawless,8060,False,False,False,False,126.0,,905395,25,28,5,0.0,0.7096549020040976
154,689983,689983,0,4.304482426271408e-19,,1,3,0,376,False,2023-03-06T16:59:06.000Z,546867,Cinderella,feat. Hatsune Miku (Giga First Night Remix) ,DECO*27,fqrb,757275,2023-01-27T19:16:07.000Z,,,,False,False,False,-1,0,931,False,https://cdn.scoresaber.com/covers/9D9025B7A25734C9CA8AA227B3232CC66A288DC6.png,9d9025b7a25734c9ca8aa227b3232cc66a288dc6,,2023-01-27T18:23:09.409887Z,2,16.0,0.0,831,0,62,6.116,394.0,Standard,3411,False,False,False,False,135.862,,757275,0,0,0,0.0,0.9111392822950711
640,762914,762914,242.0278,2.023258206098054e-06,,1,0,0,904,True,2023-03-06T16:45:39.000Z,288667,Exitium,,Laur,Bush,824435,2020-08-23T15:52:46.000Z,2020-08-31T07:37:22.000Z,2020-08-27T02:15:52.000Z,,True,False,False,-1,6.46,5692,False,https://cdn.scoresaber.com/covers/AE0706E02F26C6B23164A5A4A814B6F704F6C84A.png,ae0706e02f26c6b23164a5a4a814b6f704f6c84a,dc92,2020-08-23T15:47:39.042Z,4,19.0,-1.0,904,0,2,6.617,592.0,Standard,5114,False,False,False,False,136.615,5.97,824435,0,0,0,0.0004896847324538586,0.9253779861359598
630,551885,551885,202.3347,5.464939086767392e-09,,1,0,0,655,True,2023-03-06T16:40:16.000Z,347726,I,,Chroma,Mystikmol & Moriik,595355,2021-04-12T04:39:16.000Z,2021-04-25T18:12:45.000Z,2021-04-12T11:53:09.000Z,,True,False,False,-1,5.37,4001,False,https://cdn.scoresaber.com/covers/0B71BA47DEEF78A55C5709058ABDB9B0849486F7.png,0b71ba47deef78a55c5709058abdb9b0849486f7,1695b,2021-04-12T04:13:19.548Z,7,18.0,0.5,655,4,65,5.686,432.0,Standard,2880,False,False,False,False,115.2,4.39,595355,0,0,0,1.105746810639354e-06,0.9269847401970253
893,424938,424938,165.5685,3.630445557397169e-13,,1,1,0,474,False,2023-03-06T16:33:50.000Z,369934,Animosity,,Laur,ThySpoon,455515,2021-07-22T01:59:36.000Z,2021-08-25T01:20:14.000Z,2021-07-31T03:59:48.000Z,,True,False,False,-1,4.3,2776,False,https://cdn.scoresaber.com/covers/E0DED3EDC57A9281E224295BA8BAC61FFA71F966.png,e0ded3edc57a9281e224295ba8bac61ffa71f966,1a7f9,2021-07-21T21:14:18.025Z,5,15.0,-1.5,503,103,294,3.466,508.0,Standard,5337,False,False,False,False,145.143,2.63,455515,0,0,5,6.010874252699131e-11,0.9328737802267763
1005,835631,835631,161.1397,2.05303778273696e-13,,1,0,0,961,True,2023-03-06T16:29:39.000Z,372534,Trapped in the Past,,TUYU,muffn,876875,2021-08-06T08:36:52.000Z,2021-08-25T01:25:42.000Z,2021-08-09T21:47:48.000Z,,True,False,False,-1,3.74,3981,False,https://cdn.scoresaber.com/covers/2DC048E407309B8D7813BF294B2F5657F27E4831.png,2dc048e407309b8d7813bf294b2f5657f27e4831,,2021-08-05T16:30:27.355344Z,5,16.0,0.0,961,0,17,4.355,662.0,Standard,6112,False,False,False,False,220.667,2.54,876875,0,0,0,3.308258923988989e-11,0.9529647897362794
936,211528,211528,174.3558,2.766324147867197e-12,,1,0,0,249,True,2023-03-06T16:25:41.000Z,364317,astrid,,glaive,nolan121405,221835,2021-06-24T17:36:52.000Z,2021-07-06T15:31:55.000Z,2021-06-25T03:34:14.000Z,,True,False,False,-1,4.03,3397,False,https://cdn.scoresaber.com/covers/47D574D2274C36B45A63A7B808BCF74B49A0A3BA.png,47d574d2274c36b45a63a7b808bcf74b49a0a3ba,19854,2021-06-24T17:17:02.356Z,3,14.0,0.6,249,25,61,2.591,271.5,Standard,3469,False,False,False,False,96.1,2.09,221835,0,0,4,4.823246598607034e-10,0.9535375391619898
449,251326,251326,214.7758,4.801967447077695e-08,,1,0,0,292,True,2023-03-06T16:23:37.000Z,339197,Broken Man,,Fox Stevenson,Jaack,261395,2021-03-11T21:07:25.000Z,2021-03-21T07:06:29.000Z,2021-03-12T23:13:20.000Z,,True,False,False,-1,4.61,1158,False,https://cdn.scoresaber.com/covers/290A3AB41D726001528ECD986009B60E230B5E39.png,290a3ab41d726001528ecd986009b60e230b5e39,1552c,2021-03-11T19:09:02.881Z,6,13.0,-1.3,292,16,55,1.739,487.0,Standard,1471,False,False,False,False,167.931,1.53,261395,0,0,5,1.0313464000200696e-05,0.9614797528644389
49,1253219,626610,0,4.153825541351909e-19,NF,0.5,58,359,143,False,2023-02-28T18:30:04.000Z,379978,Misanthropy,,We Are Obscurity,Fvrwvrd & Emilia,2971715,2021-09-15T15:36:56.000Z,,,,False,False,False,-1,0,72,False,https://cdn.scoresaber.com/covers/7BC8FC0DBE86C613C777FA4F1F86C44BC9846636.png,7bc8fc0dbe86c613c777fa4f1f86c44bc9846636,,2021-09-12T20:45:59.744503Z,5,23.5,-1.75,3238,696,399,13.161,1312.125,Standard,11334,True,False,False,False,246.023,,2971715,0,0,1,0.0,0.42171574326609385
283,1092638,1092638,0,3.868146189745431e-19,,1,2,2,563,False,2023-02-26T17:49:15.000Z,408166,Drop Pop Candy,,Reol,Emir,1218195,2022-01-08T07:15:08.000Z,,,,False,False,False,-1,0,1343,False,https://cdn.scoresaber.com/covers/3C5E28BEEA8651ED93A615BF9DE1B7A40D0159F9.png,3c5e28beea8651ed93a615bf9de1b7a40d0159f9,,2022-01-08T07:03:16.117826Z,3,20.0,0.1,1332,0,0,5.969,483.5,Standard,5151,False,False,False,False,223.154,,1218195,0,2,0,0.0,0.8969319361842726
49,1388916,694458,0,3.732761073104341e-19,NF,0.5,19,44,188,False,2023-02-26T17:34:06.000Z,533269,Positive*Dance Time,,Wonderlands x Showtime x Kagamine Rin,Uragirimono vs komeijisan051,1865875,2022-10-22T12:53:34.000Z,,,,False,False,False,-1,0,73,False,https://cdn.scoresaber.com/covers/1E781E0BD8F3A65A3545CB319752DD0E49E9EAD3.png,1e781e0bd8f3a65a3545cb319752dd0e49e9ead3,,2022-10-22T10:19:29.786286Z,7,20.5,-0.378,2036,166,169,8.754,814.0,Standard,7036,False,False,False,False,232.571,,1865875,2,4,14,0.0,0.7443778388155691
401,1596109,798055,0,3.602114435545689e-19,NF,0.5,124,386,75,False,2023-02-26T17:28:23.000Z,302525,GHOST,(2020 Halloween+++++++++ VIP),Camellia,DankruptMemer & Moriik,3559595,2020-10-26T14:20:53.000Z,,,,False,False,False,-1,0,861,False,https://cdn.scoresaber.com/covers/A9A10EBEFAE3F7C5196C890C70D8706F60AF7FFB.png,a9a10ebefae3f7c5196c890c70d8706f60af7ffb,103d8,2020-10-26T14:10:43.846Z,5,25.0,-0.2,3877,209,135,12.107,1227.5,Standard,23638,False,False,False,False,320.217,,3559595,4,7,8,0.0,0.44839623608865614
101,1151480,1151480,0,2.807040632654544e-19,,1,17,43,173,False,2023-02-26T17:15:05.000Z,284171,Nibelungen,,Gram,ekuret,1650595,2020-08-03T17:22:19.000Z,,,,False,False,False,-1,0,122,False,https://cdn.scoresaber.com/covers/F94FA23276BD500F54FF282619086E3F303544CB.png,f94fa23276bd500f54ff282619086e3f303544cb,cddd,2020-08-03T16:10:57.092Z,5,24.0,-0.1,1802,56,3,10.064,662.5,Standard,3338,False,False,False,False,179.054,,1650595,0,0,2,0.0,0.6976151024327591
83,1796477,1796477,0,3.47604043030159e-19,,1,12,14,492,False,2023-02-26T17:03:08.000Z,449062,Ray,,PassCode,Irish,2121635,2022-05-02T21:01:59.000Z,,,,False,False,False,-1,0,173,False,https://cdn.scoresaber.com/covers/CB1E314BBB6FC2F7D9FAFF63923D0D8E81FE5447.png,cb1e314bbb6fc2f7d9faff63923d0d8e81fe5447,,2022-05-02T20:33:32.366993Z,7,21.0,-0.5,2314,7,31,10.447,723.542,Standard,2701,False,False,False,False,221.492,,2121635,0,0,2,0.0,0.8467417816919498
178,1697590,1697590,0,2.613986413143727e-19,,1,4,3,481,False,2023-02-26T16:58:09.000Z,550342,Hello (BPM) 2023,,Camellia,Yasu,1967075,2023-02-19T17:15:50.000Z,,,,False,False,False,-1,0,492,False,https://cdn.scoresaber.com/covers/B1F9CF5E7F64A77DA3F9921204E1827A8522A221.png,b1f9cf5e7f64a77da3f9921204e1827a8522a221,,2023-02-19T17:08:36.754224Z,4,19.0,0.107,2146,261,280,14.109,641.042,Standard,9374,False,False,False,False,152.101,,1967075,0,5,2,0.0,0.8630021732775822
139,2257556,2257556,0,3.354379015241034e-19,,1,11,40,267,False,2023-02-26T16:45:03.000Z,508110,#1f1e33,(#00102g version),Camellia,Soba`s & zeon,2893515,2022-08-19T17:16:39.000Z,,,,False,False,False,-1,0,247,False,https://cdn.scoresaber.com/covers/DD6FBD8DCFC14A43A6E2CE3F96010C2AA23D96D8.png,dd6fbd8dcfc14a43a6e2ce3f96010c2aa23d96d8,,2022-08-19T17:03:55.632964Z,5,21.0,-0.563492,3153,170,290,9.523,998.75,Standard,12501,False,False,False,False,331.077,,2893515,2,0,16,0.0,0.7802123023381596
253,701282,701282,0,3.236975749707598e-19,,1,10,9,200,False,2023-02-26T16:37:49.000Z,550376,Rockefeller Street,Nightcore Remix,Getter Jaani,GojiCrafter,872275,2023-02-19T20:51:54.000Z,,,,False,False,False,-1,0,547,False,https://cdn.scoresaber.com/covers/2B39CA9422F260FA8250FA9B3854A62F781D89D1.png,2b39ca9422f260fa8250fa9b3854a62f781d89d1,,2023-02-19T19:18:45.691411Z,3,17.0,-0.625,956,64,0,6.265,412.0,Standard,3896,False,False,False,False,152.593,,872275,0,0,0,0.0,0.8039689318162276
210,400606,400606,172.7559,1.679907831134983e-12,,1,1,0,425,False,2023-02-26T16:31:04.000Z,387443,The Disaster of Passion,,AISHA,namaki_mono,426075,2021-10-20T02:14:41.000Z,2022-01-14T21:52:27.000Z,,,True,False,False,-1,4.35,583,False,https://cdn.scoresaber.com/covers/7598CD1D79556084576BD448B8F7654FA424EF06.png,7598cd1d79556084576bd448b8f7654fa424ef06,,2021-10-19T18:39:40.291941Z,6,12.0,-0.8,471,0,38,2.054,688.0,Standard,3626,False,False,False,False,229.333,1.32,426075,33,0,0,2.90213989284772e-10,0.9402241389426744
191,264868,264868,191.7308,3.644694569661939e-10,,1,0,0,309,True,2023-02-26T16:25:36.000Z,524244,Zombies,feat. Hatsune Miku,DECO*27,Alice,277035,2022-09-23T17:48:51.000Z,2022-12-23T08:50:37.000Z,2022-11-05T05:24:19.000Z,,True,False,False,-1,4.34,554,False,https://cdn.scoresaber.com/covers/A8A9C5C92DDA20FE574EB14DA23130933563B0F3.png,a8a9c5c92dda20fe574eb14da23130933563b0f3,,2022-09-23T17:45:33.866413Z,5,12.0,0.75,309,91,157,1.681,484.0,Standard,8193,True,False,False,True,183.797,1.31,277035,2,0,8,6.988002055969392e-08,0.9560813615608136
32,1783969,1783969,0,2.908850396533206e-19,,1,27,67,207,False,2023-02-24T17:33:34.000Z,549965,Iro wo ushinatta machi,(~ Noko machi ~ Long Ver.) feat. Camellia,Camellia,potasium_,2453755,2023-02-17T04:47:56.000Z,,,,False,False,False,-1,0,59,False,https://cdn.scoresaber.com/covers/93804C759B8FCE4A71D1FAEAF2AF02D92F26FBD4.png,93804c759b8fce4a71d1faeaf2af02d92f26fbd4,,2023-02-17T04:39:30.985100Z,6,22.2,-1.725,2675,85,434,9.687,1528.0,Standard,11103,False,False,False,False,276.145,,2453755,0,3,7,0.0,0.72703631780679
99,433629,433629,0,2.708794210511635e-19,,1,3,4,179,False,2023-02-24T17:18:13.000Z,211715,Ishuzoku Reviewers ED,Hanabira Ondo,"Yuusuke Kobayashi, Junji Majima, Miyu Tomita",Dr_Marc,501515,2020-03-13T18:59:10.000Z,,,,False,False,False,-1,0,586,False,https://cdn.scoresaber.com/covers/F9F93004E1692C49DA979BB32B18CF84ABDBE5E2.png,f9f93004e1692c49da979bb32b18cf84abdbe5e2,8fa5,2020-03-13T16:51:20.597Z,7,20.0,-0.4,553,0,1,6.461,221.098,Standard,7786,False,False,False,False,85.586,,501515,2,2,0,0.0,0.8646381464163584
225,537633,537633,0,2.522496888683697e-19,,1,11,6,123,False,2023-02-24T17:01:57.000Z,551003,Applause,,Lady Gaga,Cetanno,665275,2023-02-24T17:01:57.000Z,,,,False,False,False,-1,0,653,False,https://cdn.scoresaber.com/covers/3DE8A21F15B835FFC3C0DFFA92E491497B0E46B9.png,3de8a21f15b835ffc3c0dffa92e491497b0e46b9,,2023-02-24T15:39:54.023261Z,3,14.0,0.0,731,168,17,3.648,467.5,Standard,595,False,False,False,False,200.357,,665275,0,0,0,0.0,0.8081364849122543
54,519163,259582,0,2.434209497579767e-19,NF,0.5,27,63,78,False,2023-02-15T15:12:31.000Z,546771,Fearful Utopia,Blue Archive OST,"Nor
",ODC,999235,2023-01-27T02:24:12.000Z,,,,False,False,False,-1,0,91,False,https://cdn.scoresaber.com/covers/C76EC123B2A95C0524FED5D5485363A0D26D94FB.png,c76ec123b2a95c0524fed5d5485363a0d26d94fb,,2023-01-26T11:23:39.403997Z,3,19.0,-0.642,1094,108,172,9.334,336.0,Standard,5470,False,False,False,False,117.209,,999235,0,45,29,0.0,0.5195604637547724
857,205258,205258,0,2.349012165164476e-19,,1,2,4,114,False,2023-02-15T15:09:55.000Z,542811,MURDER PLOT,,KORDHELL,Voidless,278875,2022-12-31T15:12:10.000Z,,,,False,False,False,-1,0,1765,False,https://cdn.scoresaber.com/covers/AB797247A63F7BB413208739FB2456A8D4E622CE.png,ab797247a63f7bb413208739fb2456a8d4e622ce,,2022-12-31T12:14:26.397248Z,5,16.0,-0.72,311,0,166,5.671,127.969,Standard,1018,False,False,False,False,54.844,,278875,1,20,0,0.0,0.736021515015688
653,172922,172922,0,2.266796739383719e-19,,1,0,1,189,False,2023-02-15T15:08:34.000Z,377321,Nightmare,(Jordy Chandra Remake),Yu Peng Chen,Joshabi,211715,2021-08-30T19:21:19.000Z,,,,False,False,False,-1,0,1218,False,https://cdn.scoresaber.com/covers/2A4420F913E833EDC1BCA7BBFF082A26737C7738.png,2a4420f913e833edc1bca7bbff082a26737c7738,,2021-08-30T19:13:19.063410Z,,14.0,-1.45,238,0,76,3.223,320.0,Standard,407,False,False,False,False,73.846,,211715,0,0,0,0.0,0.8167678246699572
26,1863800,931900,0,1.281886555840891e-19,NF,0.5,43,97,130,False,2023-02-14T18:23:04.000Z,544014,Ashed Wings,,Camellia,DiscoBaIIerz,2652475,2023-01-08T16:15:41.000Z,,,,False,False,False,-1,0,50,False,https://cdn.scoresaber.com/covers/0B131CF05770DA8C48B84992BC97133634FC6FE3.png,0b131cf05770da8c48b84992bc97133634fc6fe3,,2023-01-08T15:35:19.268291Z,5,21.5,-0.25,2891,258,176,10.391,1112.936,Standard,10528,False,False,False,False,278.234,,2652475,0,27,8,0.0,0.7026644925965372
1564,1405903,1405903,293.4315,0.007324352566913317,,1,22,53,184,False,2023-02-14T18:17:12.000Z,367925,Fantasie-Celeritas,,Kobaryo,ComplexFrequency,1899915,2021-07-11T20:11:04.000Z,2021-07-23T20:46:39.000Z,2021-07-12T20:52:00.000Z,,True,False,False,-1,10.91,3314,False,https://cdn.scoresaber.com/covers/C1FEB4B11B788A108B63C55A59C8E1EC54C2A78D.png,c1feb4b11b788a108b63c55a59c8e1ec54c2a78d,1a2cd,2021-07-11T19:41:48.802Z,7,23.0,-1.5,2073,0,67,12.092,1000.062,Standard,8861,False,False,False,False,171.439,10.64,1899915,0,0,0,2.149195760238225,0.7399820518286344
405,414221,207111,0,1.132415196699655e-23,NF,0.5,45,109,52,False,2023-02-14T18:13:30.000Z,169255,BELOBOG,,Bemani Sound Team IVORY,CriminalCannoli,958755,2019-08-07T20:38:15.000Z,,,,False,False,False,-1,0,498,False,https://cdn.scoresaber.com/covers/6AD8A5E4EAA366A681A18543346BEBBE0EBFC6A4.png,6ad8a5e4eaa366a681a18543346bebbe0ebfc6a4,5b33,2019-08-07T20:25:45.209Z,6,24.0,0.0,1050,73,219,10.803,324.0,Standard,4917,False,False,False,False,97.2,,958755,2,0,4,0.0,0.432040510870869
557,768885,768885,0,2.228367087054129e-23,,1,17,44,88,False,2023-02-14T18:11:27.000Z,187692,Pupa,,Morimori Atsushi,Scrappy,1127115,2019-11-25T00:24:02.000Z,,,,False,False,False,-1,0,762,False,https://cdn.scoresaber.com/covers/55F7CA4E604FA12E76721DF3B5184A1B052ABDEF.png,55f7ca4e604fa12e76721df3b5184a1b052abdef,71df,2019-11-25T00:04:29.244Z,7,24.0,0.0,1233,0,0,10.076,412.0,Standard,4387,False,False,False,False,122.376,,1127115,0,0,0,0.0,0.6821708521313264
1338,812137,812137,233.3741,7.461327177851118e-07,,1,0,1,788,False,2023-02-14T18:03:52.000Z,383613,Barbecue,,Igorrr & Ruby My Dear,Schwank & Jabob,875035,2021-10-08T18:41:00.000Z,2021-10-21T13:11:13.000Z,2021-10-10T16:00:16.000Z,,True,False,False,-1,6.17,5221,False,https://cdn.scoresaber.com/covers/471B5A6822576DF5D2411D9D8BC86DCA3C68436E.png,471b5a6822576df5d2411d9d8bc86dca3c68436e,,2021-10-08T18:30:25.933297Z,7,18.5,-0.13,959,372,222,4.371,731.375,Standard,5563,False,False,False,False,219.413,6.17,875035,0,0,11,0.00017412805149365446,0.9281194466507054
73,2200419,2200419,0,2.187458853505288e-19,,1,33,35,272,False,2023-02-14T17:59:07.000Z,418999,Hatsune Miku no Shoushitsu -DEAD END-,Hommarju Remix,cosMo@Bousou-P,Timmyboi101,2820835,2022-02-14T00:30:54.000Z,,,,False,False,False,-1,0,133,False,https://cdn.scoresaber.com/covers/C2166D3952520A86525E992D7FE028FDFC93AB6D.png,c2166d3952520a86525e992d7fe028fdfc93ab6d,,2022-02-14T00:19:17.809190Z,5,21.0,-0.255556,3074,28,9,11.919,1031.625,Standard,3628,False,False,False,False,257.906,,2820835,0,0,3,0.0,0.7800594504818609
829,802964,802964,271.9758,0.0001801398634478245,,1,14,26,178,False,2023-02-14T17:31:26.000Z,548793,XHRONOXAPSULΞ,,Silentroom,"Cobayo, Bitz & Hades",1084795,2023-02-09T04:19:33.000Z,2023-03-03T17:51:01.000Z,2023-02-10T01:32:04.000Z,,True,False,False,-1,10.11,1726,False,https://cdn.scoresaber.com/covers/78A162EE996E0B1CADB3D291EED76AC0CD2B8096.png,78a162ee996e0b1cadb3d291eed76ac0cd2b8096,,2023-02-08T16:27:58.844452Z,1,21.0,0.15,1187,125,243,9.973,549.5,Standard,4534,False,False,False,False,119.025,10.09,1084795,0,0,1,0.04899368347311282,0.7401988394120548
649,2154314,2154314,300.4809,0.02290314984248432,,1,46,96,151,False,2023-02-14T17:28:20.000Z,491302,Palace of Melancholia,,katagiri,Jabob & Joshabi,3083035,2022-07-19T08:32:53.000Z,2022-08-11T05:19:30.000Z,2022-07-20T02:11:37.000Z,,True,False,False,-1,11.66,1629,False,https://cdn.scoresaber.com/covers/D67AFB36CE5B39040C206AB227F23872FFD7FE19.png,d67afb36ce5b39040c206ab227f23872ffd7fe19,,2022-07-19T04:37:39.859383Z,5,21.0,-0.32,3359,286,1281,9.897,1284.047,Standard,13668,False,False,False,False,339.396,11.66,3083035,2,33,11,6.881959077504547,0.6987640425749302
2529,2019214,2019214,302.8021,0.0419692190041645,,1,21,60,198,False,2023-02-14T17:19:09.000Z,322169,///Under Construxion///,,Camellia,Refugee Camp,2629475,2021-01-16T17:41:46.000Z,2021-01-25T08:13:19.000Z,2021-01-16T20:18:52.000Z,,True,False,False,-1,10.89,4736,False,https://cdn.scoresaber.com/covers/C1AD38B91D03388532FEBC509397BA9F2BB324D1.png,c1ad38b91d03388532febc509397ba9f2bb324d1,12cac,2021-01-16T17:34:00.361Z,5,23.0,-1.75,2866,617,166,10.334,1456.0,Standard,13300,False,False,False,False,277.333,10.89,2629475,0,0,10,12.708367649820918,0.7679152682569714
53,245959,245959,0,2.110897793632604e-19,,1,0,0,293,True,2023-02-14T16:53:07.000Z,548483,Any Last Words?,Hu Tao Theme,HOYO-MIX,RateGyro,262315,2023-02-07T03:09:48.000Z,,,,False,False,False,-1,0,754,False,https://cdn.scoresaber.com/covers/5395B3462EBC0E41DAC61EFF1CCE6E589FEA69E3.png,5395b3462ebc0e41dac61eff1cce6e589fea69e3,,2023-02-07T00:15:52.465072Z,4,16.0,-0.7,293,0,447,3.438,170.624,Standard,548,True,False,True,True,85.234,,262315,0,0,0,0.0,0.9376474848941159
355,439773,439773,0,2.037016370855462e-19,,1,14,9,147,False,2023-02-14T16:51:25.000Z,548471,Any Last Words?,Hu Tao Theme,HOYO-MIX,RateGyro,618355,2023-02-07T00:52:14.000Z,,,,False,False,False,-1,0,1239,False,https://cdn.scoresaber.com/covers/5395B3462EBC0E41DAC61EFF1CCE6E589FEA69E3.png,5395b3462ebc0e41dac61eff1cce6e589fea69e3,,2023-02-07T00:15:52.465072Z,4,16.0,-0.8,680,0,5,7.978,170.624,Standard,550,True,False,True,True,85.234,,618355,58,0,0,0.0,0.7111982598992488
234,218541,218541,196.39,1.515544196920181e-09,,1,0,0,258,True,2023-02-14T16:24:46.000Z,400565,werewolf howls.,,Camellia,Kival Evan,230115,2021-12-03T14:24:43.000Z,2021-12-28T07:04:19.000Z,,,True,False,False,-1,4.67,668,False,https://cdn.scoresaber.com/covers/3B9D44FAF85B8B4637F81753071416DB592F68E6.png,3b9d44faf85b8b4637f81753071416db592f68e6,,2021-12-03T14:19:28.427142Z,7,12.0,0.0,258,144,324,2.476,385.5,Standard,7237,True,False,False,False,104.189,1.63,230115,6,4,10,2.976377248331543e-07,0.9497034091649827
689,332367,332367,167.0759,4.658742804658378e-13,,1,1,0,204,False,2023-02-14T16:21:06.000Z,322988,KORO DISCO!,,Omiya Club,Depito,357075,2021-01-18T22:09:24.000Z,2021-03-15T05:24:07.000Z,2021-03-05T18:51:34.000Z,,True,False,False,-1,4.37,3069,False,https://cdn.scoresaber.com/covers/7A4CDD84F4752F88A7A99414E5959393EC539918.png,7a4cdd84f4752f88a7a99414e5959393ec539918,12df4,2021-01-18T21:59:38.886Z,,16.0,-0.2,396,0,10,4.0,198.0,Standard,1573,False,False,False,False,99.0,2.46,357075,0,0,0,7.783636469568226e-11,0.9308044528460407
542,87806,87806,193.8397,7.432156957840469e-10,,1,0,0,107,True,2023-02-14T16:09:46.000Z,343222,Chapter 99: Afterword,,t+pazolite,Emilia,91195,2021-03-27T19:57:17.000Z,2021-04-08T13:52:38.000Z,2021-03-29T01:54:24.000Z,,True,False,False,-1,4.09,1827,False,https://cdn.scoresaber.com/covers/5E51E3CAC6B1DC3376F776F6E6B961B754FF9CC4.png,5e51e3cac6b1dc3376f776f6e6b961b754ff9cc4,15f74,2021-03-27T19:55:29.177Z,6,14.0,-1.2,107,0,30,1.764,190.0,Standard,1774,False,False,False,False,60.648,1.45,91195,0,0,0,1.440647075060709e-07,0.9628378748834914
45,1301699,1301699,0,1.830528350001632e-19,,1,31,43,186,False,2023-02-12T18:08:51.000Z,548734,Gigantic O.T.N,,yuikonnu,Hexagonial,1829995,2023-02-08T21:32:15.000Z,,,,False,False,False,-1,0,79,False,https://cdn.scoresaber.com/covers/A40602AF11366C6132A33786A77017444C022F81.png,a40602af11366c6132a33786a77017444c022f81,,2023-02-06T21:38:13.726941Z,5,20.0,-0.2,1997,47,79,10.236,617.813,Standard,2196,False,False,False,False,195.099,,1829995,0,19,3,0.0,0.7113128724395422
17,1987492,1987492,0,1.965720797875521e-19,,1,37,65,349,False,2023-02-12T18:04:06.000Z,513268,Shinbatsu o Tadori Kyoukotsu ni Itaru,,Imperial Circus Dead Decadence,Yasu,2862235,2022-08-29T21:20:23.000Z,,,,False,False,False,-1,0,23,False,https://cdn.scoresaber.com/covers/07EFC29D71E1841C45301FF7E8CFF088C75DE115.png,07efc29d71e1841c45301ff7e8cff088c75de115,,2022-08-29T21:11:52.367688Z,4,21.0,-0.2,3119,190,353,12.072,1076.5,Standard,10271,False,False,False,False,258.36,,2862235,0,0,2,0.0,0.6943846329878574
56,1134953,1134953,0,1.896920569949878e-19,,1,27,38,111,False,2023-02-12T17:54:23.000Z,548730,Toumei Elegy,,Konuko,Hexagonial,1574235,2023-02-08T21:16:09.000Z,,,,False,False,False,-1,0,80,False,https://cdn.scoresaber.com/covers/A107EE9AB68640465F1B6E365F957E20EE003287.png,a107ee9ab68640465f1b6e365f957e20ee003287,,2023-02-08T20:10:59.630712Z,4,18.0,0.1,1719,119,98,7.918,796.0,Standard,2128,False,False,False,False,217.091,,1574235,2,19,7,0.0,0.7209552576330726
61,400928,400928,0,1.766459857751575e-19,,1,15,8,324,False,2023-02-12T17:45:51.000Z,548725,"Close and Open, Demons and the Dead (Cut Ver.)",feat. Hatsune Miku,Hachi,Hexagonial,525435,2023-02-08T21:05:59.000Z,,,,False,False,False,-1,0,127,False,https://cdn.scoresaber.com/covers/8D231FDE34401A9348225A5B35FCD58FFA434DCB.png,8d231fde34401a9348225a5b35fcd58ffa434dcb,,2023-02-08T20:11:33.200983Z,2,18.0,-0.2,579,589,224,5.82,280.75,Standard,428,False,False,False,False,99.48,,525435,18,6,41,0.0,0.7630401476871544
240,760122,760122,0,1.70463376273027e-19,,1,20,33,146,False,2023-02-12T17:43:21.000Z,373032,Anti-Chlorobenzene,,Owata P,BigSlick,1088475,2021-08-08T14:59:33.000Z,,,,False,False,False,-1,0,497,False,https://cdn.scoresaber.com/covers/D2E78E2BBC65D61832A3B017B7BDE94D764A8354.png,d2e78e2bbc65d61832a3b017b7bde94d764a8354,,2021-08-08T08:04:15.851141Z,4,18.5,-0.75,1191,10,4,6.108,429.0,Standard,3546,False,False,False,False,195.0,,1088475,0,32,8,0.0,0.6983366636808379
80,2125166,2125166,0,1.587397575698495e-19,,1,2,7,996,False,2023-02-12T17:17:31.000Z,406635,143,ft. Nauyta,Halozy,AaltopahWi,2427075,2022-01-02T21:45:56.000Z,,,,False,False,False,-1,0,235,False,https://cdn.scoresaber.com/covers/80523CFF6574AF8137D4C5F143451EDF7C6DEBC7.png,80523cff6574af8137d4c5f143451edf7c6debc7,,2022-01-02T21:29:52.042929Z,6,19.0,-0.75,2646,0,0,7.421,832.0,Standard,32750,True,False,False,False,356.571,,2427075,0,0,0,0.0,0.8756078819154743
1121,1314598,1314598,0,1.243652697405601e-24,,1,18,39,141,False,2023-02-12T17:09:59.000Z,95614,Killbot,,Devin Martin,JonathanRune,1842875,2018-12-10T05:55:37.000Z,,,,False,False,False,-1,0,2553,False,https://cdn.scoresaber.com/covers/3DDE3B19BB163E97F6A5247708130B34D5135446.png,3dde3b19bb163e97f6a5247708130b34d5135446,24da,2018-12-09T17:33:58Z,4,20.0,0.0,2011,0,60,10.52,382.313,Standard,4390,False,False,False,False,163.848,,1842875,32,26,0,0.0,0.7133408397205453
176,330377,330377,0,1.328379850612322e-19,SF,1,6,22,61,False,2023-02-12T16:38:47.000Z,409390,Swim,,Chase Atlantic,Tateo,486795,2022-01-12T06:55:03.000Z,,,,False,False,False,-1,0,485,False,https://cdn.scoresaber.com/covers/E41D6A6EB11179202A6BD4E1FD628AA00E2A0D2C.png,e41d6a6eb11179202a6bd4e1fd628aa00e2a0d2c,,2022-01-12T06:34:55.163102Z,2,14.0,0.0,537,156,94,2.709,396.5,Standard,459,False,False,False,False,198.25,,486795,70,74,0,0.0,0.6786778828870469
125,748652,748652,0,1.193724807962933e-19,,1,2,1,521,False,2023-02-12T16:25:52.000Z,321456,Save Your Tears,,The Weeknd,Faded 99 & Tall_Chilis_Boi,806035,2021-01-14T18:14:52.000Z,,,,False,False,False,-1,0,3080,False,https://cdn.scoresaber.com/covers/DC237FF9560441452094402098AFA14E7E39F2CC.png,dc237ff9560441452094402098afa14e7e39f2cc,12b8f,2021-01-14T18:05:42.921Z,4,20.0,0.15,884,0,24,4.184,415.5,Standard,28510,True,False,False,False,211.271,,806035,0,0,0,0.0,0.9288083023690038
308,757636,757636,192.2822,4.513331774704207e-10,,1,0,0,878,True,2023-02-12T16:17:47.000Z,506699,Archangel,,Amaranthe,SlimyBlob,800515,2022-08-16T16:35:20.000Z,2022-09-20T20:27:26.000Z,2022-08-17T08:36:16.000Z,,True,False,False,-1,4.66,2909,False,https://cdn.scoresaber.com/covers/14226BF0922E1AF784B0DD9316E53793CA415018.png,14226bf0922e1af784b0dd9316e53793ca415018,,2022-08-16T15:42:52.778746Z,5,16.0,0.1,878,26,79,4.737,556.0,Standard,5846,False,False,False,False,185.333,2.62,800515,0,0,5,8.678333629700292e-08,0.9464357319975266
1950,384284,384284,175.8666,5.253048706564635e-12,,1,2,3,192,False,2023-02-12T16:10:05.000Z,129450,Magnetism,,M2U,squeaksies,446315,2019-03-30T09:15:18.000Z,2019-05-08T00:01:38.000Z,,,True,False,False,-1,5.48,9708,False,https://cdn.scoresaber.com/covers/75B10748149340DEA74FF1870B2A59F609ACE7F5.png,75b10748149340dea74ff1870b2a59f609ace7f5,41f3,2019-03-30T08:41:39Z,6,15.0,0.0,493,0,2,5.135,256.0,Standard,643,False,False,False,False,96.0,4.02,446315,36,44,0,9.2383581565792e-10,0.8610152022674569
219,238208,238208,196.101,1.361916702209801e-09,,1,0,0,278,True,2023-02-12T16:04:15.000Z,283721,In My Heart,(feat. Misato),Tsukasa,Mystikmol,248515,2020-08-01T21:59:35.000Z,2020-08-07T05:13:28.000Z,2020-08-02T22:27:16.000Z,,True,False,False,-1,4.34,1262,False,https://cdn.scoresaber.com/covers/5C8135879973BD8E27BA745497FA7D12C6A035E4.png,5c8135879973bd8e27ba745497fa7d12c6a035e4,cca8,2020-08-01T21:44:24.151Z,6,14.0,0.0,278,0,2,2.968,192.0,Standard,1290,False,False,False,False,93.659,1.87,248515,0,0,0,2.670732272200442e-07,0.9585256423153532
397,368253,368253,194.4045,8.570489347637069e-10,,1,0,0,420,True,2023-02-12T16:01:36.000Z,398515,Empty Bed,,Saint Punk,Timbo,379155,2021-11-25T13:50:40.000Z,2021-12-09T13:09:17.000Z,,,True,False,False,-1,3.61,1786,False,https://cdn.scoresaber.com/covers/C6B80ADE344B636D2597CB36C6BC8F4110165778.png,c6b80ade344b636d2597cb36c6bc8f4110165778,,2021-11-25T09:33:48.710006Z,5,12.0,-0.1,420,0,108,2.075,830.0,Standard,4719,False,False,False,False,202.439,1.11,379155,64,0,0,1.6661416963827108e-07,0.9712465878070974
340,62991,62991,186.8354,7.876542369326911e-11,,1,0,0,78,True,2023-02-12T15:57:17.000Z,78622,Black Emperor,,Chart by Mystikmol,Chroma,64515,2018-10-08T15:15:10.000Z,,,,True,False,False,-1,3.11,1750,False,https://cdn.scoresaber.com/covers/AA4038E7B937773382C569A097D7B3CF0C40407D.png,aa4038e7b937773382c569a097d7b3cf0c40407d,1949,2018-10-08T10:36:29Z,6,10.0,0.0,78,0,0,0.664,352.41,Standard,1047,False,False,False,False,117.47,1.08,64515,16,5,0,1.4716169441901412e-08,0.9763775866077656
20,1235299,617650,0,1.151944439684231e-19,NF,0.5,44,106,101,False,2023-01-30T16:49:03.000Z,540752,LETHAL,,Tanger,DiscoBaIIerz & Prplaya,1885195,2022-12-14T23:12:38.000Z,,,,False,False,False,-1,0,28,False,https://cdn.scoresaber.com/covers/C8C2D216EFDC5513F9039CA5B006A9D25115E51E.png,c8c2d216efdc5513f9039ca5b006a9d25115e51e,,2022-12-14T21:38:46.401380Z,6,20.0,-1.9,2057,130,224,9.751,949.287,Standard,7234,False,False,False,False,210.953,,1885195,0,0,10,0.0,0.6552632486294522
48,971692,971692,0,7.249141987438947e-20,,1,27,37,126,False,2023-01-30T16:30:13.000Z,498538,God-ish,(Under Construction Remix),Hizumi Zero feat.鳴花ミコト & flower,Anammelech,1380115,2022-08-01T00:17:45.000Z,,,,False,False,False,-1,0,101,False,https://cdn.scoresaber.com/covers/B66E094113EDA9F6B3BB406DD4A696A0F270FCC7.png,b66e094113eda9f6b3bb406dd4a696a0f270fcc7,,2022-08-01T00:03:44.855772Z,4,21.5,-1.8,1508,1609,278,8.056,936.001,Standard,11948,False,False,False,False,187.2,,1380115,1,1,26,0.0,0.7040659655173663
1420,987389,987389,288.3036,0.003005744596494792,,1,24,36,318,False,2023-01-28T20:27:52.000Z,321341,VVelcome!!,,MisoilePunch,SieR,1406795,2021-01-14T07:45:46.000Z,2021-01-22T05:28:32.000Z,2021-01-14T21:43:41.000Z,,True,False,False,-1,11.15,2319,False,https://cdn.scoresaber.com/covers/C6E1038A84CB5BB25A4FF849E81770DB6106C3D5.png,c6e1038a84cb5bb25a4ff849e81770db6106c3d5,12b53,2021-01-14T07:32:24.088Z,2,23.0,0.15,1537,0,1,13.324,509.5,Standard,4968,False,False,False,False,115.358,11.13,1406795,4,0,0,0.8665669878499959,0.7018712747770641
262,859669,859669,0,1.035174279715375e-19,,1,7,9,228,False,2023-01-28T20:22:10.000Z,546907,Love Like Mine,,Stela Cole,AntiLink & Ögö,1004755,2023-01-28T00:21:51.000Z,,,,False,False,False,-1,0,583,False,https://cdn.scoresaber.com/covers/BC291CF224CFA19AADFB0E3A60158F44B948D152.png,bc291cf224cfa19aadfb0e3a60158f44b948d152,,2023-01-28T00:06:54.008527Z,6,17.0,-0.341857,1100,84,329,5.999,544.0,Standard,4906,False,False,False,False,183.371,,1004755,0,0,42,0.0,0.8556006190563868
315,594787,594787,0,9.989431799253365e-20,,1,7,5,204,False,2023-01-28T20:17:32.000Z,414261,a little peace of happiness,,Sparite,ejiejidayo,686435,2022-01-28T19:06:30.000Z,,,,False,False,False,-1,0,941,False,https://cdn.scoresaber.com/covers/F2301697224E4AA11C788BBCA6B1D653B945D109.png,f2301697224e4aa11c788bbca6b1d653b945d109,,2022-01-28T19:00:34.504919Z,5,15.0,-0.7,754,98,136,3.721,878.0,Standard,1973,False,False,False,False,202.615,,686435,0,0,20,0.0,0.8664869943985957
153,450223,450223,0,8.976824325305624e-20,"DA,SF",1,8,30,116,False,2023-01-28T19:38:17.000Z,441931,Drag Me Down,,One Direction,NoteIIEvil,648715,2022-04-21T17:17:27.000Z,,,,False,False,False,-1,0,254,False,https://cdn.scoresaber.com/covers/4BE50552A4B5219C81BC75D374A45C93FC8AB82B.png,4be50552a4b5219c81bc75d374a45c93fc8ab82b,,2022-04-21T17:00:06.237440Z,2,18.0,-0.57,713,60,67,3.942,416.0,Standard,2284,False,False,False,False,180.87,,648715,0,0,10,0.0,0.6940227989178607
349,1010228,1010228,0,8.662635473919927e-20,,1,17,22,139,False,2023-01-28T19:34:39.000Z,173965,Kero (9) Destiny,,Silver Forest,Nuketime,1397595,2019-09-01T21:40:16.000Z,,,,False,False,False,-1,0,562,False,https://cdn.scoresaber.com/covers/5E764879BDCE1ED2E8D4A0E7F1028B4DA670272D.png,5e764879bdce1ed2e8d4a0e7f1028b4da670272d,60b1,2019-09-01T21:07:01.351Z,4,17.0,0.0,1527,0,25,8.825,496.0,Standard,0,False,False,False,False,173.023,,1397595,25,8,0,0.0,0.7228331526658295
549,1860694,1860694,0,6.066290069836089e-20,,1,20,36,251,False,2023-01-28T19:29:10.000Z,545034,BS Recall,,Tanger,Cube Community Team,2286315,2023-01-15T21:45:23.000Z,,,,False,False,False,-1,0,1455,False,https://cdn.scoresaber.com/covers/955E872B6454E85A5DC19254D4D538641459CDD2.png,955e872b6454e85a5dc19254d4d538641459cdd2,,2023-01-11T21:36:35.764609Z,6,19.0,-0.4,2493,104,52,8.544,972.568,Standard,149396,True,False,False,False,291.77,,2286315,6,30,11,0.0,0.8138397377439242
82,854764,854764,0,8.35944323233273e-20,,1,4,1,351,False,2023-01-28T19:20:58.000Z,357270,"Boku no Yume, Mecha Kuso Mugen Waki",feat. Nanahira,t+pazolite & Camellia,Tranch,967955,2021-05-19T23:21:01.000Z,,,,False,False,False,-1,0,253,False,https://cdn.scoresaber.com/covers/69DFE8B5E8328C083B751C533B1C2E855C36806A.png,69dfe8b5e8328c083b751c533b1c2e855c36806a,1819e,2021-05-19T23:01:41.856Z,6,21.0,-0.36,1060,16,30,8.012,452.027,Standard,1204,False,False,False,False,132.301,,967955,0,0,1,0.0,0.8830617125796137
316,386751,386751,190.721,2.644886012265667e-10,,1,0,0,444,True,2023-01-28T19:11:20.000Z,437254,All My Love,(feat. Conor Maynard) (Sagan Remix),Cash Cash,Olaf & RFCaps,401235,2022-04-14T12:52:16.000Z,2022-06-14T04:41:38.000Z,2022-04-16T12:48:02.000Z,,True,False,False,-1,3.97,1233,False,https://cdn.scoresaber.com/covers/FFEEC65EFC5212B770D6DEED6F9AD766914D7635.png,ffeec65efc5212b770d6deed6f9ad766914d7635,,2022-04-14T12:40:27.460036Z,6,14.0,-0.8,444,17,92,2.258,839.0,Standard,4588,False,False,False,False,196.641,1.35,401235,0,0,4,5.0443530514532024e-08,0.9639014542599723
938,1038095,1038095,289.8869,0.003996994662267955,,1,2,19,222,False,2023-01-24T19:36:52.000Z,537762,†:OLPHEUX:†,(Extended),Juggernaut.,Purp1e,1253155,2022-11-20T00:46:09.000Z,2022-12-23T08:51:40.000Z,2022-11-23T13:09:31.000Z,,True,False,False,-1,9.57,2387,False,https://cdn.scoresaber.com/covers/328657EC27FC70C77E6C5428A55D326EBCAC3B16.png,328657ec27fc70c77e6c5428a55d326ebcac3b16,,2022-11-20T00:33:08.057887Z,6,19.0,-1.65,1370,14,237,9.378,672.0,Standard,6671,False,False,False,False,146.087,9.8,1253155,0,20,4,1.1586763919614045,0.8283851558665927
625,851669,851669,275.0526,0.0002482355682033759,,1,3,6,434,False,2023-01-24T19:34:08.000Z,537760,†:OLPHEUX:†,(Extended),Juggernaut.,Purp1e,968875,2022-11-20T00:43:22.000Z,2022-12-23T08:51:41.000Z,2022-11-23T13:09:32.000Z,,True,False,False,-1,8.28,1787,False,https://cdn.scoresaber.com/covers/328657EC27FC70C77E6C5428A55D326EBCAC3B16.png,328657ec27fc70c77e6c5428a55d326ebcac3b16,,2022-11-20T00:33:08.057887Z,6,18.0,-1.2,1061,14,311,7.263,672.0,Standard,6671,False,False,False,False,146.087,8.27,968875,0,0,3,0.06827783844681587,0.8790287704812282
660,1016948,508474,50.4916,1.145801331930377e-14,NF,0.5,28,64,112,False,2023-01-24T19:30:44.000Z,537769,†:OLPHEUX:†,(Extended),Juggernaut.,Purp1e,1539275,2022-11-20T01:19:41.000Z,2022-12-23T08:51:38.000Z,2022-11-23T13:09:28.000Z,,True,False,False,-1,11.95,1628,False,https://cdn.scoresaber.com/covers/328657EC27FC70C77E6C5428A55D326EBCAC3B16.png,328657ec27fc70c77e6c5428a55d326ebcac3b16,,2022-11-20T00:33:08.057887Z,6,21.0,0.025,1681,15,161,11.507,672.0,Standard,6671,False,False,False,False,146.087,11.45,1539275,0,21,5,5.785334253129582e-13,0.6606668723912231
755,379,379,0,8.066862719201083e-20,,1,2,1,3,False,2023-01-24T19:25:45.000Z,381159,ALL CLEAR VROOOOOOOOOOOOO,roller coaster,,made by totally balloon,1495,2021-09-22T18:29:44.000Z,,,,False,False,False,-1,0,1078,False,https://cdn.scoresaber.com/covers/7AC2B51CCDF547C8F03100A36BA482BDB337DDD1.png,7ac2b51ccdf547c8f03100a36ba482bdb337ddd1,,2021-09-22T18:17:32.105930Z,2,20.0,0.05,6,1876,126,0.317,31.5,Lawless,3283,True,False,True,False,18.9,,1495,0,0,2,0.0,0.2535117056856187
1351,390639,390639,311.3947,0.1409296047490378,,1,1,1,216,False,2023-01-24T19:16:49.000Z,406814,Crimson Night,(Gardens Remix),Villy,"GalaxyMaster, Mr. Mrow & 3Stans",436195,2022-01-03T17:34:18.000Z,2022-01-12T15:50:51.000Z,,,True,False,False,-1,9.04,6578,False,https://cdn.scoresaber.com/covers/426A3DDBA5E1E1D4A6AFA5AE6DC6DF54B75C562C.png,426a3ddba5e1e1d4a6afa5ae6dc6df54b75c562c,,2022-01-03T17:16:01.531184Z,4,19.0,-0.15,482,3,119,7.086,243.75,Standard,3820,True,False,False,False,68.023,8.94,436195,0,0,1,43.884731991945195,0.8955604718073339
831,866799,433400,0,3.182098375614321e-23,NF,0.5,49,101,111,False,2023-01-24T19:14:25.000Z,172956,#pumpmycrunkbeetz,,"$44,000",fraies,1648755,2019-08-27T04:06:31.000Z,,,,False,False,False,-1,0,1331,False,https://cdn.scoresaber.com/covers/E38129B98A4B47221AB9121A5A870AC8CB62C2DF.png,e38129b98a4b47221ab9121a5a870ac8cb62c2df,5f71,2019-08-27T02:16:57.095Z,6,24.0,0.0,1800,17,21,14.27,462.5,Standard,2425,False,False,False,False,126.136,,1648755,14,0,4,0.0,0.5257294140123911
1053,469021,469021,283.1396,0.001148654809439062,,1,0,1,547,False,2023-01-24T19:08:01.000Z,421801,stephany,,glaive,TheWildDash & Sloth,520835,2022-03-06T22:18:13.000Z,2022-06-14T04:50:37.000Z,2022-03-09T17:57:56.000Z,,True,False,False,-1,8.13,3894,False,https://cdn.scoresaber.com/covers/6868B641CA802561929D11E4A85EC7F37575F6AA.png,6868b641ca802561929d11e4a85ec7f37575f6aa,,2022-03-06T22:07:30.386439Z,4,19.0,-0.7,574,0,49,5.736,257.5,Standard,2184,False,False,False,False,100.078,8.13,520835,0,13,0,0.32522966328265224,0.9005174383441973
856,1402253,701127,36.0467,1.929634209647542e-15,NF,0.5,161,327,81,False,2023-01-24T19:00:52.000Z,287803,Xronial Xero,,"Camellia as ""menaXe inXonnu""",Foxy Boi & altrewin,3010355,2020-08-19T06:45:01.000Z,2020-08-24T16:29:41.000Z,2020-08-20T11:30:03.000Z,,True,False,False,-1,12.1,1636,False,https://cdn.scoresaber.com/covers/4F003B1A4144A7AF68FA1F846D480239B2BC5CA2.png,4f003b1a4144a7af68fa1f846d480239b2bc5ca2,d96f,2020-08-19T06:23:19.529Z,5,23.0,-1.5,3280,190,243,11.853,1545.0,Standard,13370,False,False,False,False,276.716,12.1,3010355,0,0,12,6.955694546490204e-14,0.4658098463470255
2024,2431,2431,0,7.784522524029045e-20,SF,1,0,0,9,True,2023-01-24T18:53:10.000Z,174311,Tequila,Karaoke Bar,Andy Rowell,samwilkie,2875,2019-09-03T18:44:20.000Z,,,,False,False,False,-1,0,3691,False,https://cdn.scoresaber.com/covers/14FFA0FB47CC69899947C3B6137609C0C83DF8D2.png,14ffa0fb47cc69899947c3b6137609c0c83df8d2,611c,2019-09-03T18:40:58.048Z,4,3.0,70.0,9,0,0,0.12,113.875,Standard,55,False,False,False,False,75.082,,2875,2,0,0,0.0,0.8455652173913043
1699,702049,702049,0,7.512064235688028e-20,,1,35,15,172,False,2023-01-24T18:43:14.000Z,86221,RUSH E (v2),,(Charted by JonathanRune),Sheet Music Boss,1058115,2018-11-07T15:53:32.000Z,,,,False,False,False,-1,0,14880,False,https://cdn.scoresaber.com/covers/B6A0B4EA2319A5C8EA8175D3A1D86B5D1B617DB1.png,b6a0b4ea2319a5c8ea8175d3a1d86b5d1b617db1,1eb9,2018-11-07T08:58:58Z,4,15.0,0.0,1158,0,0,8.503,272.375,Standard,2375,False,False,False,False,78.57,,1058115,138,24,0,0.0,0.6634902633456666
49,533192,533192,0,6.995422017878584e-20,SF,1,0,1,354,False,2023-01-24T18:25:22.000Z,76639,Eminem - Lose Yourself [HD],,,Eminem,573275,2018-10-01T12:48:14.000Z,,,,False,False,False,-1,0,13427,False,https://cdn.scoresaber.com/covers/C7A979F54253DC8A6854A6A43889A20A2CC29411.png,c7a979f54253dc8a6854a6a43889a20a2cc29411,1833,2018-10-01T11:34:43Z,5,10.0,0.0,631,49,54,2.098,431.0,Standard,705,False,False,False,False,300.698,,573275,78,44,0,0.0,0.9300806768130478
3022,1472774,1472774,0,6.750582247252833e-20,,1,53,11,196,False,2023-01-24T18:15:21.000Z,133995,Rap God,,Eminem,Ryger,1887955,2019-04-18T17:55:56.000Z,,,,False,False,False,-1,0,18934,False,https://cdn.scoresaber.com/covers/A38FD8581EB892CC7090F78BFE61E9C256478CF3.png,a38fd8581eb892cc7090f78bfe61e9c256478cf3,46d4,2019-04-18T16:38:34Z,6,15.0,0.0,2060,6,2,5.724,887.75,Standard,9351,False,False,False,False,359.899,,1887955,80,66,0,0.0,0.7800895678127922
480,365577,365577,223.1142,1.501568622952035e-07,,1,0,0,423,True,2023-01-24T18:05:05.000Z,408450,Silentphobia,,t+pazolite VS Sakuzyo,fraies,381915,2022-01-09T03:29:32.000Z,2022-01-21T09:05:36.000Z,,,True,False,False,-1,5,1231,False,https://cdn.scoresaber.com/covers/50194DFCA62912C6BA2D752B35452194A4DA1F9B.png,50194dfca62912c6ba2d752b35452194a4da1f9b,,2022-01-09T03:04:04.262632Z,7,13.0,0.25,423,77,179,2.77,738.0,Standard,6816,False,False,False,False,152.69,1.79,381915,0,0,1,3.350212820550449e-05,0.9572208475707945
516,375100,375100,194.7461,9.537261254305893e-10,,1,0,0,432,True,2023-01-24T17:56:26.000Z,351798,Cthugha,,USAO,Timbo,390195,2021-04-27T19:41:08.000Z,2021-05-14T12:44:24.000Z,2021-05-03T16:20:20.000Z,,True,False,False,-1,4.18,1950,False,https://cdn.scoresaber.com/covers/BB6C14D91C6DAA1B31A44D54487231587E573D6F.png,bb6c14d91c6daa1b31a44d54487231587e573d6f,17434,2021-04-27T19:38:29.326Z,7,12.0,0.0,432,0,406,2.819,544.0,Standard,6702,False,False,False,False,153.239,1.53,390195,25,0,0,1.857344433957181e-07,0.961314214687528
352,251744,251744,185.1345,4.454229880574287e-11,,1,0,0,292,True,2023-01-24T17:53:28.000Z,194724,Tsurupettan,,Silver Forest,Kival Evan,261395,2020-01-01T14:19:31.000Z,2020-01-16T07:40:19.000Z,2020-01-12T02:39:43.000Z,,True,False,False,-1,3.89,1337,False,https://cdn.scoresaber.com/covers/3751C4E80EA591856BE52EBCA2A9F654B0888D2A.png,3751c4e80ea591856be52ebca2a9f654b0888d2a,7b30,2019-12-31T09:50:40.054Z,7,12.0,0.0,292,0,94,1.96,447.0,Standard,6575,False,False,False,False,149.0,1.43,261395,12,4,0,8.246316218251803e-09,0.9630788653187704
148,1224622,612311,0,6.514311868598983e-20,NF,0.5,39,37,292,False,2023-01-22T17:28:02.000Z,539732,Caramelldansen (Avexus Speedcore Bootleg),(Speedcake Remix),Caramell,Avexus,1660715,2022-12-05T02:00:49.000Z,,,,False,False,False,-1,0,288,False,https://cdn.scoresaber.com/covers/E843CA2D93B23B957C6315AA13A1E83478C88D01.png,e843ca2d93b23b957c6315aa13a1e83478c88d01,,2022-12-04T23:21:45.232198Z,4,21.0,-0.765,1813,46,23,10.682,466.0,Standard,6537,True,False,False,False,169.725,,1660715,0,0,17,0.0,0.737406478534848
56,16199,16199,0,6.286310953198019e-20,,1,0,0,26,True,2023-01-22T17:23:53.000Z,541986,Caramelldansen MBO,,Caramell,COCOAGALAXY,16675,2022-12-26T12:06:30.000Z,,,,False,False,False,-1,0,152,False,https://cdn.scoresaber.com/covers/F9FD797D535CE8579279F868CF81BD1B1ED772A2.png,f9fd797d535ce8579279f868cf81bd1b1ed772a2,,2022-12-21T11:54:12.606576Z,5,10.0,1.0,26,0,85,0.547,95.0,Standard,23,False,False,False,False,47.5,,16675,0,0,0,0.0,0.9714542728635682
2116,274243,274243,282.3661,0.0009612273116244202,,1,1,6,120,False,2023-01-22T16:56:59.000Z,321056,Ending,,Thaehan,FatBeanzoop,351555,2021-01-13T10:55:49.000Z,2021-01-22T05:24:00.000Z,2021-01-14T02:11:20.000Z,,True,False,False,-1,10,5793,False,https://cdn.scoresaber.com/covers/4E4BA05CF67B325ED35A85557837B4C96C5B468A.png,4e4ba05cf67b325ed35a85557837b4c96c5b468a,12abd,2021-01-13T10:53:39.366Z,6,22.0,-0.77,390,0,2,14.056,80.0,Standard,2414,False,False,False,False,27.746,10.0,351555,0,0,0,0.2714180071968722,0.7800856196043293
1384,1523914,1523914,282.1964,0.0008951189032674507,,1,1,5,751,False,2023-01-22T16:49:22.000Z,373245,Spin Eternally,,Camellia,fraies & Narwhal,1682795,2021-08-09T18:38:11.000Z,2021-08-25T01:26:22.000Z,2021-08-09T21:47:56.000Z,,True,False,False,-1,7.99,4947,False,https://cdn.scoresaber.com/covers/417E413D6227F556BBFC3A6B73C32CFB11AFE9E7.png,417e413d6227f556bbfc3a6b73c32cfb11afe9e7,,2021-08-09T18:26:12.516124Z,3,20.0,0.0,1837,77,191,8.219,827.0,Standard,8802,False,False,False,False,223.514,7.78,1682795,0,0,18,0.2525993320740228,0.9055850534378816
1115,1609721,1609721,296.0923,0.01249854739148801,,1,43,49,151,False,2023-01-22T16:27:23.000Z,325127,Shun no shifudo o ikashita Karefumi Paeria 808 shefu no Twerk to Trap shitate,,Camellia,ComplexFrequency & miitchel,2154755,2021-01-25T20:48:51.000Z,2021-02-03T19:48:33.000Z,2021-01-26T11:34:48.000Z,,True,False,False,-1,10.93,1861,False,https://cdn.scoresaber.com/covers/2689EE1E1AC4AFFAF303F87DE853FCA887BF5D7E.png,2689ee1e1ac4affaf303f87de853fca887bf5d7e,13292,2021-01-25T20:30:03.521Z,9,22.0,-0.3,2350,0,80,8.851,973.567,Standard,12797,False,False,False,False,265.518,10.88,2154755,0,13,0,3.7007236438046855,0.7470552336576548
3766,912309,912309,248.0794,4.275409621917294e-06,,1,2,6,328,False,2023-01-22T16:21:11.000Z,348150,REANIMATE,,Warak,cerret & Nolanimations,1014875,2021-04-13T23:28:56.000Z,2021-04-29T19:04:01.000Z,2021-04-14T21:09:40.000Z,,True,False,False,-1,7.15,13663,False,https://cdn.scoresaber.com/covers/20003569447E4024720FD3FBB32CE5183EC06D31.png,20003569447e4024720fd3fbb32ce5183ec06d31,16a5e,2021-04-13T22:54:47.475Z,4,21.0,-0.6,1111,0,11,7.493,430.0,Standard,4059,False,False,False,False,148.276,7.15,1014875,0,0,0,0.001060641053759469,0.8989373075501909
753,1109648,1109648,275.1718,0.0002572389307807005,,1,11,12,318,False,2023-01-22T16:17:34.000Z,506703,Archangel,,Amaranthe,SlimyBlob,1311115,2022-08-16T16:42:26.000Z,2022-09-20T20:27:23.000Z,2022-08-17T08:36:13.000Z,,True,False,False,-1,8.81,2030,False,https://cdn.scoresaber.com/covers/14226BF0922E1AF784B0DD9316E53793CA415018.png,14226bf0922e1af784b0dd9316e53793ca415018,,2022-08-16T15:42:52.778746Z,5,20.0,-0.5,1433,0,47,7.732,556.0,Standard,5846,False,False,False,False,185.333,8.62,1311115,0,5,0,0.07078489961300077,0.8463391845871644
991,539588,539588,174.1897,2.57607020459763e-12,,1,2,4,178,False,2023-01-22T16:11:44.000Z,406983,Imprinting,,Sakuzyo,SlimyBlob & Shad,604555,2022-01-04T03:19:19.000Z,2022-01-12T15:54:59.000Z,,,True,False,False,-1,5.09,3267,False,https://cdn.scoresaber.com/covers/29B174C6B887A7BA3EEBA99FB529623F5A7C8115.png,29b174c6b887a7ba3eeba99fb529623f5a7c8115,,2022-01-04T03:10:13.332472Z,5,16.0,0.1,665,5,174,5.986,324.0,Standard,9262,True,False,False,False,111.093,3.54,604555,0,0,1,4.4872489611779973e-10,0.8925374862502171
401,247605,247605,158.5588,1.543886780764376e-13,,1,0,0,288,True,2023-01-22T16:08:42.000Z,406861,p.h.,feat. Nekomata Okayu,SEVENTHLINKS,TOFU,257715,2022-01-03T20:13:17.000Z,2022-01-12T15:55:47.000Z,,,True,False,False,-1,3.43,1670,False,https://cdn.scoresaber.com/covers/84BCFF4756AC66BF1746824B0B221EB1E6A4AFF2.png,84bcff4756ac66bf1746824b0b221eb1e6a4aff2,,2022-01-03T17:53:29.189678Z,6,10.0,0.7,288,4,45,1.936,327.25,Standard,4252,False,False,False,False,148.75,1.27,257715,0,0,2,2.4479683529386254e-11,0.9607706187067109
404,119904,119904,167.4506,5.372290414101683e-13,,1,0,0,144,True,2023-01-22T16:05:41.000Z,404979,Say So,(Short Version),Doja Cat,Hoppaw,125235,2021-12-26T19:41:50.000Z,2022-01-05T07:20:13.000Z,,,True,False,False,-1,3.74,1365,False,https://cdn.scoresaber.com/covers/4A716D59AB416D73461590D2F43D552EA4AA00F8.png,4a716d59ab416d73461590d2f43d552ea4aa00f8,,2021-12-26T19:04:28.520121Z,6,13.0,-0.32,144,0,2,1.397,190.75,Standard,2093,False,False,False,False,103.108,1.21,125235,0,0,0,8.995932532155753e-11,0.957432027787759
343,93117,93117,181.8409,1.894210096910153e-11,,1,0,0,113,True,2023-01-22T16:01:33.000Z,434314,Antithesis,,Takayan,EOP Glacier,96715,2022-04-09T22:44:42.000Z,2022-08-11T05:19:18.000Z,2022-07-10T03:35:08.000Z,,True,False,False,-1,3.84,1068,False,https://cdn.scoresaber.com/covers/E370C49C81AC28F2BF58160A03AA48355E016F89.png,e370c49c81ac28f2bf58160a03aa48355e016f89,,2022-04-09T22:34:12.435068Z,8,10.0,0.25,113,12,46,1.323,281.943,Standard,1257,False,False,False,False,85.437,1.2,96715,25,0,0,3.4444486881122946e-09,0.9627979113891331
575,157365,157365,191.0754,2.943235545096574e-10,,1,0,0,186,True,2023-01-22T15:59:31.000Z,325273,More One Night,(Assertive Hardcore Bootleg) [Short ver.],"Chito (CV: Minase Inori), Yuuri (CV: Kubo Yurika)",That_Narwhal,163875,2021-01-26T04:09:02.000Z,2021-02-03T19:47:15.000Z,2021-01-26T04:21:27.000Z,,True,False,False,-1,4.16,2889,False,https://cdn.scoresaber.com/covers/E774B798DA2258D2FE017E84B79B9AD3A86162B9.png,e774b798da2258d2fe017e84b79b9ad3a86162b9,132e9,2021-01-26T03:36:52.050Z,6,13.0,1.0,186,6,45,2.944,179.0,Standard,2351,True,False,False,False,63.176,1.18,163875,0,0,0,5.623799090735459e-08,0.9602745995423341
346,87231,87231,173.3085,2.007469186852971e-12,,1,0,0,106,True,2023-01-22T15:58:04.000Z,283714,In My Heart,(feat. Misato),Tsukasa,Mystikmol,90275,2020-08-01T21:53:33.000Z,2020-08-07T05:13:24.000Z,2020-08-02T22:27:19.000Z,,True,False,False,-1,3.49,947,False,https://cdn.scoresaber.com/covers/5C8135879973BD8E27BA745497FA7D12C6A035E4.png,5c8135879973bd8e27ba745497fa7d12c6a035e4,cca8,2020-08-01T21:44:24.151Z,6,12.0,0.5,106,0,2,1.156,188.0,Standard,1290,False,False,False,False,91.707,1.17,90275,10,0,0,3.479114735697082e-10,0.9662808086402659
737,2120053,2120053,289.5121,0.003722101354370476,,1,11,35,288,False,2023-01-17T16:45:30.000Z,418949,The Blood Moon Strikes Again (tsukimishi-hen),,ReeK,Jabob,2550355,2022-02-13T21:34:10.000Z,2022-06-14T04:47:17.000Z,2022-05-30T20:03:51.000Z,,True,False,False,-1,9.51,1590,False,https://cdn.scoresaber.com/covers/5665825240E52BE8B2A15DE8FE09E59D8F512C31.png,5665825240e52be8b2a15de8fe09e59d8f512c31,,2022-02-13T20:59:07.816893Z,7,20.5,-0.35,2780,1681,1429,7.628,1275.542,Standard,16910,False,False,False,False,364.441,9.51,2550355,3,0,158,1.0775933795166406,0.8312776064508667
49,1708400,854200,0,7.682584521455039e-21,NF,0.5,23,48,195,False,2023-01-17T16:38:31.000Z,513779,LETHAL,,Tanger,nos1aM & cerret,2193395,2022-08-31T00:28:51.000Z,,,,False,False,False,-1,0,76,False,https://cdn.scoresaber.com/covers/86DD08B9E2F179660AA517204CE72A79F4B29A72.png,86dd08b9e2f179660aa517204ce72a79f4b29a72,,2022-08-30T23:49:07.798778Z,3,21.0,-1.3,2392,104,72,11.354,1123.643,Standard,9863,False,False,False,False,210.683,,2193395,0,0,2,0.0,0.7788838763651782
748,2420036,2420036,328.1344,0.7002822741531144,,1,21,58,313,False,2023-01-17T16:28:43.000Z,544134,Last Wish,feat. Ice,Kry.exe,Nolanimations,3021395,2023-01-09T14:21:57.000Z,2023-03-03T17:51:31.000Z,2023-01-28T14:13:31.000Z,,True,False,False,-1,11.32,2067,False,https://cdn.scoresaber.com/covers/B299E237816977B44B8BE6BA9ED02C81BC3006A4.png,b299e237816977b44b8be6ba9ed02c81bc3006a4,,2023-01-09T13:55:04.748950Z,5,20.0,-0.3,3292,152,226,10.042,1147.38,Standard,12747,False,False,False,False,327.823,10.64,3021395,0,0,11,229.7867038598677,0.8009664409982806
55,1053242,1053242,0,5.853969917391825e-20,,1,20,12,349,False,2023-01-17T16:15:50.000Z,376049,[+-0],feat.flower,Hizumi Rei,Namoori,1308355,2021-08-23T17:12:08.000Z,,,,False,False,False,-1,0,85,False,https://cdn.scoresaber.com/covers/BCDA99F70D1276ABA55260ADD815F9981AF48894.png,bcda99f70d1276aba55260add815f9981af48894,,2021-08-23T16:11:16.434039Z,3,20.0,-0.2,1430,0,35,11.221,531.0,Standard,1572,False,False,False,False,127.44,,1308355,0,0,0,0.0,0.8050124010685173
52,1264521,1264521,0,4.56185712988512e-20,,1,1,6,474,False,2023-01-17T16:06:01.000Z,535135,Kaibutsu Dance,,Yuta Imai,Miljon,1398515,2022-11-02T17:01:07.000Z,,,,False,False,False,-1,0,132,False,https://cdn.scoresaber.com/covers/2BF1636E181CC6347EA2A7E8BD9C264D63970965.png,2bf1636e181cc6347ea2a7e8bd9c264d63970965,,2022-11-02T16:48:51.416203Z,3,20.0,-0.5,1528,184,111,8.426,604.5,Standard,6853,False,False,False,False,181.35,,1398515,0,0,76,0.0,0.9041883712366331
1906,806411,806411,187.7774,1.085399940415822e-10,,1,0,0,934,True,2023-01-17T16:01:32.000Z,396795,Cinco,,Ofelia K,Timbo,852035,2021-11-19T12:28:44.000Z,2021-12-09T12:55:38.000Z,,,True,False,False,-1,4.55,10325,False,https://cdn.scoresaber.com/covers/C1CB957445C5BD92A8B4FEF3A2F9B99A7F775C0F.png,c1cb957445c5bd92a8b4fef3a2f9b99a7f775c0f,,2021-11-19T12:11:05.144441Z,6,15.0,-0.55,934,0,72,3.899,499.0,Standard,3681,False,False,False,False,239.52,3.2,852035,0,0,0,2.0381357877143798e-08,0.9464529039300029
204,303838,303838,0,5.649080970283111e-20,,1,0,0,351,True,2023-01-17T15:56:45.000Z,525861,Romantic Homicide,,d4vd,Dailyy,315675,2022-09-26T20:14:51.000Z,,,,False,False,False,-1,0,1355,False,https://cdn.scoresaber.com/covers/44C65835F16171A9BE5B2901F64C1386E7B2715B.png,44c65835f16171a9be5b2901f64c1386e7b2715b,,2022-09-26T20:08:47.380050Z,4,16.0,-0.55,351,0,149,2.788,277.0,Standard,1250,False,False,False,False,125.909,,315675,0,0,0,0.0,0.9625025738496872
1226,1627782,813891,54.6321,1.955237970527831e-14,NF,0.5,35,82,195,False,2023-01-17T15:40:01.000Z,423096,The Curse Of The Lovely Fox,,kanemiko,abcbadq,2277115,2022-03-17T00:37:38.000Z,2022-06-14T04:43:31.000Z,2022-05-05T13:07:22.000Z,,True,False,False,-1,11.95,3316,False,https://cdn.scoresaber.com/covers/E9886D451B34FDFDD2B4479D1F1DE16D48A629EC.png,e9886d451b34fdfdd2b4479d1f1de16d48a629ec,,2022-03-16T20:15:28.836227Z,5,20.0,0.06,2483,79,697,9.405,1144.0,Standard,9998,False,False,False,False,264.0,11.95,2277115,14,37,0,1.0681875632967352e-12,0.7148440021694117
362,420852,420852,191.0573,2.840222301018194e-10,SF,1,1,1,232,False,2023-01-17T15:29:12.000Z,265776,Daijoubu,,Kotori,Skeelie,450915,2020-06-08T20:22:35.000Z,2020-08-06T05:17:18.000Z,2020-08-01T16:37:05.000Z,,True,False,False,-1,4.95,810,False,https://cdn.scoresaber.com/covers/82A5317A5C193F491272CC1B530CEF985D766A65.png,82a5317a5c193f491272cc1b530cef985d766a65,b002,2020-06-08T18:12:35.507Z,3,12.0,0.5,498,0,0,2.554,416.0,Standard,12605,False,False,False,False,195.0,2.11,450915,71,0,0,5.4264520423232336e-08,0.9333288979075879
334,651608,651608,188.4346,1.392831563686676e-10,,1,1,2,298,False,2023-01-17T15:25:59.000Z,321171,Apocalypse Simulator,,Kobaryo,xScaramouche & Scrappy,696555,2021-01-13T20:01:34.000Z,2021-01-22T05:21:06.000Z,2021-01-13T21:36:08.000Z,,True,False,False,-1,4.84,1222,False,https://cdn.scoresaber.com/covers/620CBED0B317879355E561B5C06FF356686C1706.png,620cbed0b317879355e561b5c06ff356686c1706,12ad9,2021-01-13T17:14:49.352Z,7,16.0,-1.0,765,56,362,3.402,832.0,Standard,10192,False,False,False,False,224.865,2.77,696555,7,4,2,2.624576585706733e-08,0.935472432184106
316,482017,482017,224.5591,1.794356027547591e-07,,1,0,0,556,True,2023-01-17T15:19:15.000Z,378578,BATTLE NO.1,,TANO*C Sound Team,Various Mappers,504275,2021-09-07T12:39:13.000Z,2021-10-04T04:10:29.000Z,2021-09-19T22:47:55.000Z,,True,False,False,-1,5.09,1634,False,https://cdn.scoresaber.com/covers/01BDA6C582867AD1F9664D1382488D7FA925ED6B.png,01bda6c582867ad1f9664d1382488d7fa925ed6b,,2021-09-07T12:31:09.689179Z,6,16.0,0.2,556,13,105,4.423,419.0,Standard,1976,False,False,False,False,125.7,2.78,504275,0,0,3,4.029389746256622e-05,0.9558613851569084
140,1304697,652349,0,4.898770039340783e-20,NF,0.5,29,64,188,False,2022-12-20T17:03:39.000Z,489393,Sendan Life,(katagiri Bootleg),CHUKKA,DiscoBaIIerz,1816195,2022-07-15T21:41:13.000Z,,,,False,False,False,-1,0,218,False,https://cdn.scoresaber.com/covers/1301A859C96036CE67C08E206988043AEE3F534A.png,1301a859c96036ce67c08e206988043aee3f534a,,2022-07-15T18:36:14.339607Z,4,21.0,-0.1,1982,20,52,9.838,873.0,Standard,4711,False,False,False,False,201.462,,1816195,0,0,2,0.0,0.7183683470111965
1540,1702846,1702846,288.5315,0.003227731854809303,,1,6,6,432,False,2022-12-20T16:25:13.000Z,363271,One Hollow Word,(Short Ver.),Aether Realm,Nolanimations,1897155,2021-06-19T21:24:53.000Z,2021-06-29T22:49:50.000Z,2021-06-19T22:39:13.000Z,,True,False,False,-1,8.34,3709,False,https://cdn.scoresaber.com/covers/F39B7EBC77E944242AFCAC198D0D90AA98423D98.png,f39b7ebc77e944242afcac198d0d90aa98423d98,1956b,2021-06-19T20:42:59.900Z,5,20.0,-0.3,2070,11,5,8.038,858.375,Standard,7118,False,False,False,False,257.513,8.34,1897155,0,0,4,0.9313023136659103,0.8975787429071426
1374,970993,970993,314.3196,0.2239479856496848,,1,1,1,655,False,2022-12-20T16:16:56.000Z,347353,ADAM,,P*Light,Shan_Man,1048915,2021-04-11T02:14:15.000Z,2021-04-22T16:21:07.000Z,2021-04-11T14:31:13.000Z,,True,False,False,-1,8.38,7000,False,https://cdn.scoresaber.com/covers/28ABB0BB8BDB7C7AF3E18D11DBDAA40E56F779C1.png,28abb0bb8bdb7c7af3e18d11dbdaa40e56f779c1,1687f,2021-04-11T00:54:04.820Z,1,22.0,-0.3,1148,12,29,9.965,384.0,Standard,4415,False,False,False,False,115.2,8.32,1048915,0,0,5,70.39124127021466,0.9257118069624326
1950,1236082,1236082,264.6735,6.186275108487913e-05,,1,1,9,530,False,2022-12-20T16:09:09.000Z,348678,Toymatic Parade,(Kobaryo's FTN-Remix),DJ Genki,cerret,1365395,2021-04-16T03:55:56.000Z,2021-04-29T19:06:10.000Z,2021-04-18T12:54:02.000Z,,True,False,False,-1,7.5,6067,False,https://cdn.scoresaber.com/covers/1AB633C075210C9AEABDBECA34843D88AE4714E0.png,1ab633c075210c9aeabdbeca34843d88ae4714e0,16bb1,2021-04-16T02:05:50.457Z,5,20.0,-1.6,1492,0,75,8.026,867.525,Standard,5889,False,False,False,False,185.898,7.18,1365395,0,0,0,0.016373430849263758,0.9052926076336885
463,520758,520758,175.2179,3.812038232611564e-12,,1,0,0,608,True,2022-12-20T15:57:16.000Z,367916,Fantasie-Celeritas,,Kobaryo,ComplexFrequency,552115,2021-07-11T19:53:48.000Z,2021-07-23T20:46:27.000Z,2021-07-12T20:52:07.000Z,,True,False,False,-1,4.33,1850,False,https://cdn.scoresaber.com/covers/C1FEB4B11B788A108B63C55A59C8E1EC54C2A78D.png,c1feb4b11b788a108b63c55a59c8e1ec54c2a78d,1a2cd,2021-07-11T19:41:48.802Z,7,12.0,2.0,608,16,153,3.547,1000.0,Standard,8860,False,False,False,False,171.429,2.94,552115,2,0,0,6.679373338379097e-10,0.9432056727312245
846,57541,57541,191.1669,3.160606239197374e-10,,1,0,0,73,True,2022-12-20T15:53:51.000Z,321054,Ending,,Thaehan,FatBeanzoop,59915,2021-01-13T10:55:05.000Z,2021-01-22T05:23:47.000Z,2021-01-14T02:11:24.000Z,,True,False,False,-1,4.16,2599,False,https://cdn.scoresaber.com/covers/4E4BA05CF67B325ED35A85557837B4C96C5B468A.png,4e4ba05cf67b325ed35a85557837b4c96c5b468a,12abd,2021-01-13T10:53:39.366Z,6,14.0,0.5,73,0,19,2.631,80.0,Standard,2379,False,False,False,False,27.746,1.7,59915,0,0,0,6.042032968680205e-08,0.9603772010347993
350,542767,271384,0,4.402192130339141e-20,NF,0.5,137,45,96,False,2022-12-18T17:08:17.000Z,540980,Life Letters,(Nightcore Ver.),Never Get Used To People,gemboyong,1179555,2022-12-17T19:20:59.000Z,,,,False,False,False,-1,0,661,False,https://cdn.scoresaber.com/covers/7B380B60210AC479C921CDD1EDBBE72F17CFB936.png,7b380b60210ac479c921cdd1edbbe72f17cfb936,,2022-12-17T13:28:40.533667Z,4,21.0,-0.129,1290,21,308,11.843,438.969,Lawless,2163,False,False,False,False,108.925,,1179555,0,0,3,0.0,0.4601455633692367
34,749213,374607,0,4.248115405777271e-20,NF,0.5,36,68,139,False,2022-12-18T16:56:08.000Z,540629,Beach Side Bunny,,DJ Mass MAD Izm,gemboyong,1122515,2022-12-13T09:07:13.000Z,,,,False,False,False,-1,0,62,False,https://cdn.scoresaber.com/covers/3339577170F0DC5C4CE125F4CD0D85E7676AFAA8.png,3339577170f0dc5c4ce125f4cd0d85e7676afaa8,,2022-12-13T00:05:01.074499Z,5,20.0,-0.757,1228,87,5,10.342,302.781,Standard,3390,False,False,False,False,118.738,,1122515,0,0,27,0.0,0.6674414150367701
900,1221692,610846,45.49181,4.872645800031748e-15,NF,0.5,31,102,118,False,2022-12-18T16:38:00.000Z,192339,psychology,,Adust Rain,Scrappy,1842875,2019-12-21T20:32:32.000Z,2020-02-07T01:27:21.000Z,2020-02-03T00:31:13.000Z,,True,False,False,-1,10.73,1601,False,https://cdn.scoresaber.com/covers/B506526ABA9AE3BC8C6DE045326D4F083607776B.png,b506526aba9ae3bc8c6de045326d4f083607776b,7829,2019-12-21T19:55:42.588Z,7,25.0,0.5,2011,0,2,9.559,1072.904,Standard,2272,False,False,False,False,210.373,10.69,1842875,0,0,0,2.2166547693234227e-13,0.6629272196974836
418,473418,473418,198.7325,2.495664602186989e-09,,1,0,0,546,True,2022-12-18T16:19:13.000Z,401791,Knight Rider,,USAO,"Nolanimations, Timbo",495075,2021-12-08T01:51:15.000Z,2022-01-04T12:10:54.000Z,,,True,False,False,-1,4.49,3828,False,https://cdn.scoresaber.com/covers/E22E733D1DFC92373BA5AB954BA37AB3C39D4562.png,e22e733d1dfc92373ba5ab954ba37ab3c39d4562,,2021-12-07T22:36:06.066068Z,6,16.0,0.2,546,0,22,4.292,424.0,Standard,5605,False,False,False,False,127.2,3.25,495075,0,0,0,4.959696655541257e-07,0.9562551128616876
248,155666,155666,174.4754,2.9706291689626e-12,,1,0,0,186,True,2022-12-18T16:15:49.000Z,361408,fractal,,FELT,Kival Evan,163875,2021-06-10T17:37:26.000Z,2021-09-19T16:53:05.000Z,2021-09-08T08:13:57.000Z,,True,False,False,-1,4.15,1178,False,https://cdn.scoresaber.com/covers/F9FE1BE6F1ECACEE469E79CFEF52CFE2A037B935.png,f9fe1be6f1ecacee469e79cfef52cfe2a037b935,1902e,2021-06-10T12:28:28.033Z,7,10.0,-0.25,186,0,102,2.16,255.5,Standard,2416,False,False,False,False,86.124,2.75,163875,4,1,0,5.183017125064173e-10,0.949906941266209
117,565032,282516,0,3.955951268744939e-20,NF,0.5,111,91,91,False,2022-12-08T16:42:06.000Z,79951,SAtAN,,P*Light,Kizuflux,1303755,2018-10-15T13:45:23.000Z,,,,False,False,False,-1,0,276,False,https://cdn.scoresaber.com/covers/0D74EB1B7C595FA1FC2B6B68C6F2CC21BCB59325.png,0d74eb1b7c595fa1fc2b6b68c6f2cc21bcb59325,1927,2018-10-07T17:55:32Z,5,17.0,0.0,1425,294,77,12.18,585.0,Standard,2552,False,False,False,False,117.0,,1303755,41,26,15,0.0,0.43338817492550363
503,577305,288653,0,3.817492974338866e-20,NF,0.5,27,128,73,False,2022-12-08T16:39:43.000Z,168891,SAtAN,,P*Light,fraies,1200715,2019-08-05T23:39:47.000Z,,,,False,False,False,-1,0,670,False,https://cdn.scoresaber.com/covers/6A1DFC5C19A68639CCD2A4575EF5B1EDC2477539.png,6a1dfc5c19a68639ccd2a4575ef5b1edc2477539,5ad5,2019-08-05T23:15:29.443Z,6,25.0,0.4,1313,27,50,12.068,544.0,Standard,1576,False,False,False,False,108.8,,1200715,0,0,5,0.0,0.4808010227239603
2047,1008808,1008808,316.8936,0.2773213338442995,,1,8,7,249,False,2022-12-08T16:37:08.000Z,191117,Recollection,,Kobaryo,muffn & ExUnReal,1150115,2019-12-14T17:19:14.000Z,2019-12-21T13:15:08.000Z,,,True,False,False,-1,9.58,4429,False,https://cdn.scoresaber.com/covers/68B26B53BC3E1B5999770DB7B6C4358251717521.png,68b26b53bc3e1b5999770db7b6c4358251717521,765d,2019-12-14T17:04:23.047Z,5,22.0,0.2,1258,0,7,6.703,832.0,Standard,5971,False,False,False,False,187.669,9.18,1150115,0,0,0,87.88135583872192,0.8771366341626707
88,1711238,855619,0,1.660281851677588e-21,NF,0.5,20,60,334,False,2022-12-08T16:27:17.000Z,414313,Cube Community Rewind,,e_ku x Schwank x Tanger,Cube Community Team,2113355,2022-01-28T21:55:14.000Z,,,,False,False,False,-1,0,157,False,https://cdn.scoresaber.com/covers/F9C22C2416DDE861AA728165E60C50CD6F454F75.png,f9c22c2416dde861aa728165e60c50cd6f454f75,,2022-01-27T12:40:40.864904Z,6,20.0,-0.6,2305,89,270,9.614,695.265,Lawless,1,True,False,False,False,239.747,,2113355,0,1,30,0.0,0.809725767795756
508,856696,856696,0,3.683880720237006e-20,,1,1,17,157,False,2022-12-08T15:55:59.000Z,535458,"zeke didn't ""invent dariacore"", i did",,coltrane,"WalkingKat, Luck, HypersonicSharkz",1019475,2022-11-04T23:25:24.000Z,,,,False,False,False,-1,0,1448,False,https://cdn.scoresaber.com/covers/5FA8D06C5F54ACB9BEE108E722722BD7A981A376.png,5fa8d06c5f54acb9bee108e722722bd7a981a376,,2022-11-04T23:15:30.331092Z,4,21.0,-0.6,1116,122,300,9.603,368.0,Standard,16040,True,False,False,False,116.211,,1019475,0,0,68,0.0,0.8403305622992226
124,728016,364008,0,3.55494489502871e-20,NF,0.5,8,44,174,False,2022-12-08T15:53:28.000Z,534100,"zeke didn't ""invent dariacore"", i did",,coltrane ,PogU,991875,2022-10-27T19:21:50.000Z,,,,False,False,False,-1,0,228,False,https://cdn.scoresaber.com/covers/B4629AEC8940B1D5F5711BD103FCC44E5A997F23.png,b4629aec8940b1d5f5711bd103fcc44e5a997f23,,2022-10-27T18:57:14.296625Z,4,20.0,-0.12,1086,0,34,11.367,366.25,Standard,13535,True,False,False,False,95.543,,991875,0,24,0,0.0,0.733979584120983
607,811857,811857,0,3.430521823702705e-20,,1,8,8,302,False,2022-12-08T15:47:54.000Z,138661,Nameless Story,,Terashima Takuma,Angrynickle,935755,2019-05-10T03:04:28.000Z,,,,False,False,False,-1,0,4613,False,https://cdn.scoresaber.com/covers/F38A1BC736CCF7D02632790386CD322257369EE3.png,f38a1bc736ccf7d02632790386cd322257369ee3,4bc6,2019-05-10T01:54:42Z,5,15.0,0.0,1025,0,30,4.307,773.5,Standard,1647,False,False,False,False,238.0,,935755,14,11,0,0.0,0.8675956847679147
365,500019,500019,0,5.288769461021865e-25,,1,2,2,430,False,2022-12-08T15:36:42.000Z,12530,Ra3 Theme - Soviet March,,James Hannigan,Night God,546595,2018-06-14T18:52:17.000Z,,,,False,False,False,-1,0,10909,False,https://cdn.scoresaber.com/covers/8A74C7E2082D9CFC08F9DA31DCA4800B0F1D628E.png,8a74c7e2082d9cfc08f9da31dca4800b0f1d628e,540,2018-06-15T12:04:13Z,4,10.0,0.0,602,0,14,3.87,316.281,Standard,607,False,False,False,False,155.548,,546595,85,32,0,0.0,0.914788829023317
130,878702,439351,0,3.31045355987311e-20,NF,0.5,29,36,184,False,2022-12-08T15:33:36.000Z,371209,Nightcore - Good F**king Music,,Solence,"thelitlewiseowl, Bytrius, Fakepope",1102275,2021-07-30T04:42:47.000Z,,,,False,False,False,-1,0,366,False,https://cdn.scoresaber.com/covers/B00B16E9B082DA9E89B836B51CFB8C7CA02B1A23.png,b00b16e9b082da9e89b836b51cfb8c7ca02b1a23,1abb7,2021-07-29T15:13:58.277Z,5,21.0,-0.5,1206,280,0,6.973,484.062,Standard,36933,True,False,False,False,172.948,,1102275,33,0,91,0.0,0.7971713048014334
8,575829,287915,0,3.194587685277552e-20,NF,0.5,33,36,128,False,2022-12-08T15:28:42.000Z,134924,USSR National Anthem Trap Remix,,Aylo Beats,datbossdo01,863995,2019-04-22T15:41:16.000Z,,,,False,False,False,-1,0,69,False,https://cdn.scoresaber.com/covers/F1B28BEAF8C12CCC304264F967986147C807412F.png,f1b28beaf8c12ccc304264f967986147c807412f,47c1,2019-04-22T13:46:23Z,5,15.0,0.0,947,0,0,7.905,287.5,Standard,1,False,False,False,False,119.792,,863995,77,41,0,0.0,0.6664726069016603
925,158856,158856,160.6071,1.844925705406203e-13,,1,0,0,187,True,2022-12-08T15:25:27.000Z,406860,p.h.,feat. Nekomata Okayu,SEVENTHLINKS,TOFU,164795,2022-01-03T20:10:29.000Z,2022-01-12T15:55:45.000Z,,,True,False,False,-1,3.34,2735,False,https://cdn.scoresaber.com/covers/84BCFF4756AC66BF1746824B0B221EB1E6A4AFF2.png,84bcff4756ac66bf1746824b0b221eb1e6a4aff2,,2022-01-03T17:53:29.189678Z,6,9.0,0.0,187,6,42,1.257,327.25,Standard,4252,False,False,False,False,148.75,1.23,164795,0,0,1,2.963081672607446e-11,0.9639612852331685
1112,666779,666779,302.7808,0.04050029633901875,,1,7,13,113,False,2022-12-03T16:47:26.000Z,92172,"Daisuki, Evolution",,Minazuki Airi with Atsushi,Hexagonial,825355,2018-11-25T01:02:10.000Z,1970-01-01T00:01:13.000Z,,,True,False,False,-1,10.33,4176,False,https://cdn.scoresaber.com/covers/4867E299296A5B965EDC4DCD930C07703B06B96E.png,4867e299296a5b965edc4dcd930c07703b06b96e,2200,2018-11-24T21:02:25Z,2,18.0,0.0,905,16,8,9.988,377.553,Standard,2752,False,False,False,False,90.613,9.94,825355,26,7,0,12.262712125765168,0.8078693410714177
583,2035783,1017892,47.56614,6.714582634148665e-15,NF,0.5,66,182,120,False,2022-12-03T16:32:03.000Z,324213,Flowering Night Fever,,UNDEAD CORPORATION,dibl,3188835,2021-01-22T22:23:58.000Z,2021-02-03T19:45:04.000Z,2021-01-25T23:48:33.000Z,,True,False,False,-1,11.65,810,False,https://cdn.scoresaber.com/covers/A8424C1DBB2C03D63B50091A50537DA40132D780.png,a8424c1dbb2c03d63b50091a50537da40132d780,130bc,2021-01-22T22:17:12.087Z,4,23.0,0.05,3474,28,124,14.992,1120.0,Standard,13039,False,False,False,False,231.724,11.49,3188835,0,0,8,3.193867776174842e-13,0.6384096386297817
1368,1066168,1066168,313.788,0.2085459629366277,,1,4,17,368,False,2022-12-03T16:25:09.000Z,347724,I,,Chroma,Mystikmol & Moriik,1253155,2021-04-12T04:36:06.000Z,2021-04-25T18:12:51.000Z,2021-04-12T11:53:06.000Z,,True,False,False,-1,9.97,2960,False,https://cdn.scoresaber.com/covers/0B71BA47DEEF78A55C5709058ABDB9B0849486F7.png,0b71ba47deef78a55c5709058abdb9b0849486f7,1695b,2021-04-12T04:13:19.548Z,7,22.0,-0.2,1370,0,25,11.892,432.0,Standard,2877,False,False,False,False,115.2,9.72,1253155,0,0,0,65.43922061795853,0.8507870135777298
1646,1715947,1715947,317.25,0.2978027156104052,,1,9,10,430,False,2022-12-03T16:22:19.000Z,349734,LOVE SPICE LIKE U!!!,"(SPICE""MEGA MORI""MIX) [feat. Nanahira, Aitsuki Nakuru & yukacco]",DJ Genki,altrewin,1932115,2021-04-19T20:46:50.000Z,2021-04-29T19:08:21.000Z,2021-04-20T00:38:02.000Z,,True,False,False,-1,9.36,5193,False,https://cdn.scoresaber.com/covers/25F76A04677F383F2C5753FCDF6BB8581572311E.png,25f76a04677f383f2c5753fcdf6bb8581572311e,16e97,2021-04-19T20:36:01.903Z,5,21.0,-0.375,2108,4,59,10.711,656.0,Standard,7777,False,False,False,False,196.8,9.36,1932115,0,0,1,94.47791152740106,0.8881184608576612
1002,1133828,1133828,0,3.082777116292837e-20,,1,29,37,138,False,2022-12-03T16:17:23.000Z,327166,Evacuate The Moshpit,,Imil,Emilia & Oddloop,1529155,2021-01-31T23:04:26.000Z,,,,False,False,False,-1,0,1459,False,https://cdn.scoresaber.com/covers/48C1968A3A37307D61E90AC20EA8497821FB5A25.png,48c1968a3a37307d61e90ac20ea8497821fb5a25,1374b,2021-01-31T21:24:48.508Z,8,21.0,-0.4,1670,180,137,10.489,530.723,Standard,5543,False,False,False,False,159.217,,1529155,2,2,11,0.0,0.7414735589263352
678,546972,546972,201.0536,4.413155249234867e-09,,1,0,0,641,True,2022-12-03T16:10:52.000Z,306085,VVelcome!!,,MisoilePunch,Mystikmol & muffn & Moriik,582475,2020-11-10T21:27:43.000Z,2020-11-16T21:47:28.000Z,2020-11-10T21:53:12.000Z,,True,False,False,-1,5.09,4605,False,https://cdn.scoresaber.com/covers/2B8A75D4346AA7300D001E69CAF85D0FAC9D8291.png,2b8a75d4346aa7300d001e69caf85d0fac9d8291,10d08,2020-11-10T20:41:38.913Z,6,17.0,-0.5,641,3,3,5.557,509.5,Standard,10175,False,False,False,False,115.358,3.99,582475,0,0,0,8.872807502175673e-07,0.9390480278123524
1700,1176993,1176993,292.1678,0.006129228441329233,,1,14,55,106,False,2022-12-03T16:08:15.000Z,306082,VVelcome!!,,MisoilePunch,Mystikmol & muffn & Moriik,1588035,2020-11-10T21:20:36.000Z,2020-11-16T21:47:35.000Z,2020-11-10T21:53:05.000Z,,True,False,False,-1,10.85,2678,False,https://cdn.scoresaber.com/covers/2B8A75D4346AA7300D001E69CAF85D0FAC9D8291.png,2b8a75d4346aa7300d001e69caf85d0fac9d8291,10d08,2020-11-10T20:41:38.913Z,6,23.0,0.07,1734,0,3,15.031,509.5,Standard,10175,False,False,False,False,115.358,10.85,1588035,0,0,0,1.790763189400591,0.7411631355732085
1057,1069340,1069340,300.0762,0.02132798571206746,,1,16,65,155,False,2022-12-03T16:05:53.000Z,306083,VVelcome!!,,MisoilePunch,Mystikmol & muffn & Moriik,1525475,2020-11-10T21:23:01.000Z,2020-11-16T21:47:32.000Z,2020-11-10T21:53:07.000Z,,True,False,False,-1,11.62,1763,False,https://cdn.scoresaber.com/covers/2B8A75D4346AA7300D001E69CAF85D0FAC9D8291.png,2b8a75d4346aa7300d001e69caf85d0fac9d8291,10d08,2020-11-10T20:41:38.913Z,6,23.0,0.0,1666,0,13,14.442,509.5,Standard,10175,False,False,False,False,115.358,11.62,1525475,0,0,0,6.400020906131497,0.7009882167849358
543,329779,329779,199.8899,3.318697837928479e-09,,1,0,0,382,True,2022-12-03T16:03:22.000Z,306086,VVelcome!!,,MisoilePunch,Mystikmol & muffn & Moriik,344195,2020-11-10T21:30:46.000Z,2020-11-16T21:47:27.000Z,2020-11-10T21:53:17.000Z,,True,False,False,-1,4.44,2433,False,https://cdn.scoresaber.com/covers/2B8A75D4346AA7300D001E69CAF85D0FAC9D8291.png,2b8a75d4346aa7300d001e69caf85d0fac9d8291,10d08,2020-11-10T20:41:38.913Z,6,15.0,0.25,382,18,3,3.318,508.5,Standard,10175,False,False,False,False,115.132,2.64,344195,0,0,2,6.633741789537399e-07,0.9581167652057699
999,636262,636262,302.0328,0.03156090110195327,,1,1,0,657,False,2022-12-03T15:59:50.000Z,293180,Shiny Happy Days,(TV Size),Nekopara,VRMasked & Dr_Marc,684595,2020-09-12T22:32:38.000Z,2020-12-25T15:36:44.000Z,2020-12-15T17:07:15.000Z,,True,False,False,-1,7.95,7072,False,https://cdn.scoresaber.com/covers/69E494F4A295197BF03720029086FABE6856FBCE.png,69e494f4a295197bf03720029086fabe6856fbce,e970,2020-09-12T22:29:19.887Z,6,21.0,0.0,752,0,10,8.568,275.0,Standard,12266,False,False,False,False,87.766,7.23,684595,0,0,0,9.532427330346032,0.9293991337944332
789,1250056,1250056,287.3233,0.002515293345029601,,1,19,7,273,False,2022-12-03T15:52:36.000Z,81356,Be Wild,,Camellia feat. Yukacco,DankruptMemer,1484995,2018-10-19T13:41:16.000Z,,,,True,False,False,-1,9.27,5492,False,https://cdn.scoresaber.com/covers/F7E5BA8295C1040E1DBDC69F5F4C21A0557D960F.png,f7e5ba8295c1040e1dbdc69f5f4c21a0557d960f,1aeb,2018-10-19T08:21:30Z,5,15.0,0.0,1622,473,0,5.545,780.0,Standard,6362,False,False,False,False,292.5,7.46,1484995,101,146,81,0.7227023843619436,0.8417913865029849
251,166957,166957,183.3147,2.803029706695518e-11,,1,0,0,197,True,2022-12-03T15:43:50.000Z,283722,In My Heart,(feat. Misato),Tsukasa,Mystikmol,173995,2020-08-01T22:01:30.000Z,2020-08-07T05:13:26.000Z,2020-08-02T22:27:17.000Z,,True,False,False,-1,4.02,848,False,https://cdn.scoresaber.com/covers/5C8135879973BD8E27BA745497FA7D12C6A035E4.png,5c8135879973bd8e27ba745497fa7d12c6a035e4,cca8,2020-08-01T21:44:24.151Z,6,13.0,0.25,197,0,0,2.103,192.0,Standard,1290,False,False,False,False,93.659,1.21,173995,0,0,0,5.138365497739769e-09,0.9595505617977528
927,954538,954538,312.255,0.1625148235054614,,1,6,8,224,False,2022-12-01T17:10:01.000Z,418310,T+ VS SHARK,,t+pazolite,Shark & Elecast,1082955,2022-02-12T00:19:53.000Z,2022-06-14T05:00:20.000Z,2022-05-12T08:18:27.000Z,,True,False,False,-1,9.35,3292,False,https://cdn.scoresaber.com/covers/0080B7154FFCB08B6D4E9253C46C7484F69DBA94.png,0080b7154ffcb08b6d4e9253c46c7484f69dba94,,2022-02-12T00:10:01.169713Z,6,20.0,-0.3,1185,415,504,7.714,512.042,Standard,5424,False,False,False,True,153.613,9.35,1082955,5,7,160,50.74606621369785,0.8814198189213771
1960,1296330,1296330,309.9054,0.1179339380186493,,1,2,4,652,False,2022-12-01T16:40:07.000Z,407017,PanicPop*FESTIVAL!!!,,DJ Genki,Shan_Man & Nolanimations,1412315,2022-01-04T06:05:58.000Z,2022-01-14T21:51:24.000Z,,,True,False,False,-1,8.48,8000,False,https://cdn.scoresaber.com/covers/2D2507A054CB9F59840B5829E08EA5456D5F2E2C.png,2d2507a054cb9f59840b5829e08ea5456d5f2e2c,,2022-01-04T05:49:58.182380Z,5,22.0,-0.2,1543,20,31,11.665,507.042,Standard,5156,False,False,False,False,132.272,8.43,1412315,0,0,9,36.54836423524472,0.9178759695960179
1714,1089804,1089804,324.1105,0.586016305534952,,1,2,5,640,False,2022-12-01T16:29:31.000Z,408454,Silentphobia,,t+pazolite VS Sakuzyo,fraies,1195195,2022-01-09T03:38:07.000Z,2022-01-21T09:05:45.000Z,,,True,False,False,-1,9.02,6563,False,https://cdn.scoresaber.com/covers/50194DFCA62912C6BA2D752B35452194A4DA1F9B.png,50194dfca62912c6ba2d752b35452194a4da1f9b,,2022-01-09T03:04:04.262632Z,7,20.0,-1.5,1307,121,153,8.559,738.063,Standard,6816,False,False,False,False,152.703,9.02,1195195,0,0,3,189.93403779508606,0.9118210835888705
1283,996369,996369,299.4659,0.0205815062121451,,1,3,0,366,False,2022-12-01T16:26:11.000Z,406703,Rampage,,USAO,simplymarvellous,1081115,2022-01-03T05:14:45.000Z,2022-01-12T15:48:31.000Z,,,True,False,False,-1,8.1,6367,False,https://cdn.scoresaber.com/covers/77F0ED784A4FB138CCE54C40CF01CA006F44A1D4.png,77f0ed784a4fb138cce54c40cf01ca006f44a1d4,,2022-01-03T05:09:13.818832Z,2,20.0,-0.3,1183,56,64,8.869,433.5,Standard,6226,False,False,False,False,133.385,8.1,1081115,0,0,14,6.163459281175623,0.9216124094106547
1037,1013366,1013366,312.9686,0.187406101833913,,1,1,11,663,False,2022-12-01T16:21:22.000Z,410111,Speedcore Horse,(1 gec mix) Uncut Ver.,Underscore,Emilia & nolan121405,1136315,2022-01-14T15:31:37.000Z,2022-06-14T04:22:35.000Z,2022-01-16T10:27:56.000Z,,True,False,False,-1,9.16,3069,False,https://cdn.scoresaber.com/covers/58EC0C23FE7884DB894F874A9E6C41CD5FA0E920.png,58ec0c23fe7884db894f874a9e6c41cd5fa0e920,,2022-01-14T15:24:51.672407Z,6,20.0,-1.2,1243,32,220,8.969,776.063,Standard,8690,False,False,False,False,138.583,8.3,1136315,0,0,10,58.65222532241719,0.8918002490506594
748,947487,947487,269.3921,0.0001307240966226674,,1,1,3,506,False,2022-12-01T16:18:40.000Z,410110,Speedcore Horse,(1 gec mix) Uncut Ver.,Underscore,Emilia & nolan121405,1033275,2022-01-14T15:31:17.000Z,2022-06-14T04:22:27.000Z,2022-01-16T10:27:56.000Z,,True,False,False,-1,7.39,2678,False,https://cdn.scoresaber.com/covers/58EC0C23FE7884DB894F874A9E6C41CD5FA0E920.png,58ec0c23fe7884db894f874a9e6c41cd5fa0e920,,2022-01-14T15:24:51.672407Z,6,18.0,-0.7,1131,31,217,8.161,776.063,Standard,8690,False,False,False,False,138.583,7.39,1033275,0,0,10,0.03521603890978328,0.9169746679248022
536,1033690,1033690,288.422,0.003114761239890977,,1,3,3,293,False,2022-12-01T16:11:31.000Z,329211,Introduction - Xursed divinitiY,,Camellia,Schwank & Jabob,1124355,2021-02-08T02:56:26.000Z,2021-02-16T12:31:25.000Z,2021-02-08T03:21:18.000Z,,True,False,False,-1,7.86,2484,False,https://cdn.scoresaber.com/covers/E5D18576630941A62F199C1CBAB3CA4F869A7416.png,e5d18576630941a62f199c1cbab3ca4f869a7416,13bd3,2021-02-08T02:11:26.218Z,3,19.0,0.4,1230,15,200,6.854,664.0,Standard,3361,False,False,False,False,179.459,7.65,1124355,0,0,2,0.8983656663318355,0.9193626568121278
885,1924973,1924973,294.4445,0.009739815601319287,,1,6,6,758,False,2022-12-01T16:07:38.000Z,295793,"1,000,000 TIMES",feat. chelly (EGOIST),MY FIRST STORY,Xhera & VRMasked,2109675,2020-09-23T08:23:22.000Z,2020-09-29T03:03:05.000Z,2020-09-23T14:36:27.000Z,,True,False,False,-1,8.18,4042,False,https://cdn.scoresaber.com/covers/8A8641BA63B6288555ED8A4574E2BFB95155711B.png,8a8641ba63b6288555ed8a4574e2bfb95155711b,f0be,2020-09-23T06:06:03.831Z,7,21.0,-0.1,2301,11,73,7.441,1030.834,Standard,8609,False,False,False,False,309.25,8.11,2109675,0,0,2,2.867835134822657,0.912450021922808
1043,305831,305831,287.2674,0.00234230404522519,,1,0,1,253,False,2022-12-01T15:57:46.000Z,361289,Amogus,(Short ver.) ft. Magma & Denyah_,Fvrwvrd,April Fools,332235,2021-06-09T22:57:02.000Z,2021-06-20T11:16:32.000Z,2021-06-12T12:36:34.000Z,,True,False,False,-1,7.8,5388,False,https://cdn.scoresaber.com/covers/8A40E06E3A4EB6DC56428B0A59B89219029C433D.png,8a40e06e3a4eb6dc56428b0a59b89219029c433d,18fdf,2021-06-09T22:51:51.440Z,4,19.0,0.25,369,66,21,9.118,168.624,Standard,1733,False,False,False,False,40.47,6.4,332235,0,0,5,0.6728675930813227,0.9205261336102457
880,208452,208452,179.9429,1.424448177817427e-11,,1,0,0,248,True,2022-12-01T15:55:53.000Z,361290,Amogus,(Short ver.) ft. Magma & Denyah_,Fvrwvrd,April Fools,220915,2021-06-09T22:57:56.000Z,2021-06-20T11:16:31.000Z,2021-06-12T12:36:37.000Z,,True,False,False,-1,4.44,5205,False,https://cdn.scoresaber.com/covers/8A40E06E3A4EB6DC56428B0A59B89219029C433D.png,8a40e06e3a4eb6dc56428b0a59b89219029c433d,18fdf,2021-06-09T22:51:51.440Z,4,16.0,-1.25,248,81,4,6.206,166.5,Standard,1709,False,False,False,False,39.96,3.3,220915,0,0,1,2.563193360161835e-09,0.9435846366249463
209,119105,119105,193.3165,5.791700108984437e-10,,1,0,0,141,True,2022-12-01T15:48:04.000Z,417153,My War,(TV Size),Shinsei Kamattechan,Alice,122475,2022-02-07T12:47:46.000Z,2022-06-14T04:57:53.000Z,2022-04-19T13:36:10.000Z,,True,False,False,-1,3.51,938,False,https://cdn.scoresaber.com/covers/7DF05BEEBE378E3202E6DB2C2EE975A111924F62.png,7df05beebe378e3202e6db2c2ee975a111924f62,,2022-02-07T12:44:46.692107Z,5,12.0,0.75,141,0,30,1.635,207.0,Standard,8101,True,False,False,True,86.25,1.14,122475,27,3,0,1.1196311941184898e-07,0.9724841804449887
39,560082,560082,0,2.870759120119797e-20,,1,0,0,648,True,2022-11-26T16:52:58.000Z,538599,Over The Edge,,Tristam,DiscoBaIIerz,588915,2022-11-26T05:32:43.000Z,,,,False,False,False,-1,0,136,False,https://cdn.scoresaber.com/covers/32431487F0FD9074E3E8F241CEED5B23A938C73C.png,32431487f0fd9074e3e8f241ceed5b23a938c73c,,2022-11-26T05:20:58.110665Z,3,16.0,0.0,648,59,158,3.703,282.875,Standard,2064,False,False,False,False,174.974,,588915,0,0,4,0.0,0.9510404727337561
519,159024,159024,198.2188,2.015348234372726e-09,,1,0,0,191,True,2022-11-26T16:45:50.000Z,301818,Haachama Channel,[Theme Song] feat. Akai Haato,REDALiCE,Light Ai & xtpn,168475,2020-10-22T20:51:27.000Z,2020-10-28T20:37:30.000Z,2020-10-23T21:35:03.000Z,,True,False,False,-1,4.88,3996,False,https://cdn.scoresaber.com/covers/B4F3F4E5CACD3422EDA0EF199A24EE5D957AB53F.png,b4f3f4e5cacd3422eda0ef199a24ee5d957ab53f,101a0,2020-10-22T20:44:06.431Z,1,18.0,-0.55,191,0,6,6.466,64.0,Standard,1046,False,False,False,False,29.538,3.06,168475,0,0,0,3.994799085994805e-07,0.9439026561804422
692,680201,680201,206.6503,1.285078936887975e-08,,1,1,0,531,False,2022-11-26T16:44:37.000Z,292786,La Lune ,(the sky remix),Madeon,MaNaB,724155,2020-09-11T09:49:37.000Z,2020-09-18T18:48:43.000Z,2020-09-14T14:40:00.000Z,,True,False,False,-1,5.23,8686,False,https://cdn.scoresaber.com/covers/E5C179CD6D5D1D8206093AFC100A63F2C22D6CC2.png,e5c179cd6d5d1d8206093afc100a63f2c22d6cc2,e829,2020-09-11T06:20:01.577Z,7,19.0,-0.1,795,16,11,5.128,478.0,Standard,5878,False,False,False,False,155.027,3.81,724155,0,0,0,2.6556194783158105e-06,0.9393030497614461
830,119849,119849,177.6494,8.963997514999736e-12,,1,0,0,146,True,2022-11-26T16:39:23.000Z,321057,Ending,,Thaehan,FatBeanzoop,127075,2021-01-13T10:56:21.000Z,2021-01-22T05:23:52.000Z,2021-01-14T02:11:22.000Z,,True,False,False,-1,4.39,3355,False,https://cdn.scoresaber.com/covers/4E4BA05CF67B325ED35A85557837B4C96C5B468A.png,4e4ba05cf67b325ed35a85557837b4c96c5b468a,12abd,2021-01-13T10:53:39.366Z,6,19.0,-0.35,146,0,20,5.262,80.0,Standard,2379,False,False,False,False,27.746,2.72,127075,0,0,0,1.5924487801411941e-09,0.943135943340547
379,247367,247367,199.8576,3.202543413600982e-09,,1,0,0,288,True,2022-11-26T16:38:25.000Z,348881,Dyscontrolled Galaxy,,Camellia,That_Narwhal,257715,2021-04-16T22:43:07.000Z,2021-04-29T19:06:48.000Z,2021-04-18T12:57:32.000Z,,True,False,False,-1,4.37,1186,False,https://cdn.scoresaber.com/covers/A3E5691076181E88776A41E9FF112D3C33576782.png,a3e5691076181e88776a41e9ff112d3c33576782,16c56,2021-04-16T22:38:21.017Z,7,12.0,-1.4,288,86,205,2.324,332.5,Standard,4192,False,False,False,False,123.913,1.4,257715,20,0,2,6.400526405380996e-07,0.9598471179403605
503,228874,228874,199.48,2.679980243428805e-09,,1,0,0,267,True,2022-11-26T16:35:46.000Z,292794,La Lune ,(the sky remix),Madeon,MaNaB,238395,2020-09-11T10:54:48.000Z,2020-09-18T18:48:38.000Z,2020-09-14T14:40:04.000Z,,True,False,False,-1,4.35,1898,False,https://cdn.scoresaber.com/covers/E5C179CD6D5D1D8206093AFC100A63F2C22D6CC2.png,e5c179cd6d5d1d8206093afc100a63f2c22d6cc2,e829,2020-09-11T06:20:01.577Z,7,13.0,-0.2,267,0,4,1.722,478.0,Standard,5879,False,False,False,False,155.027,1.67,238395,2,0,0,5.346024589591779e-07,0.9600620818389648
66,424963,212482,0,2.770282550915604e-20,"NF,SF",0.5,60,40,40,False,2022-11-21T17:54:13.000Z,69809,Bibi Hendl,,Takeo Ishii,Erunoma,915515,2018-09-08T21:49:56.000Z,,,,False,False,False,-1,0,83,False,https://cdn.scoresaber.com/covers/26114BB5FBBC98716851B49BDD54D3D893335507.png,26114bb5fbbc98716851b49bdd54d3d893335507,1434,2018-09-08T19:51:24Z,2,10.0,0.0,1003,157,134,5.553,400.4,Standard,785,False,False,False,False,180.632,,915515,154,156,24,0.0,0.46417917783979507
613,971953,971953,307.022,0.08558243141505922,,1,6,5,364,False,2022-11-21T17:42:35.000Z,520776,†:OLPHEUX:†,(Extended Mix),Juggernaut.,That_Narwhal,1102275,2022-09-16T02:41:07.000Z,2022-10-26T00:31:54.000Z,2022-09-16T05:28:49.000Z,,True,False,False,-1,9.19,2006,False,https://cdn.scoresaber.com/covers/848493EC6103F7FA681B5FB81A29723A5A3E006C.png,848493ec6103f7fa681b5fb81a29723a5a3e006c,,2022-09-16T01:46:20.152680Z,9,20.0,-1.5,1206,23,326,8.255,672.0,Standard,6956,False,False,False,False,146.087,8.13,1102275,0,0,2,26.275689257914312,0.8817699757320088
4269,779567,779567,223.1103,1.449013721148714e-07,,1,7,4,298,False,2022-11-21T17:14:12.000Z,82250,ACE FOR ACES,,TAGxU1,Kry,952315,2018-10-22T20:53:55.000Z,1970-01-01T00:00:35.000Z,,,True,False,False,-1,7.48,10131,False,https://cdn.scoresaber.com/covers/376F2ACE119DC0BA9C7D2DA74BF5AE096E0021E1.png,376f2ace119dc0ba9c7d2da74bf5ae096e0021e1,1ba1,2018-10-22T15:18:27Z,5,16.0,0.0,1043,0,0,8.735,199.0,Standard,560,False,False,False,False,119.4,6.48,952315,22,7,0,3.2328988602960595e-05,0.8186020381911447
4145,1219455,1219455,221.9123,1.256555719611375e-07,,1,41,30,102,False,2022-11-21T17:11:38.000Z,94971,Solace of Oblivion,,Helblinde,Psyc0pathic & Rinku & AaltopahWi & Shad,1688315,2018-12-07T05:17:03.000Z,1970-01-01T00:01:19.000Z,,,True,False,False,-1,8.4,7359,False,https://cdn.scoresaber.com/covers/B5F2D1D582BE2706E44B860B8A04C7F5F1BE2910.png,b5f2d1d582be2706e44b860b8a04c7f5f1be2910,2449,2018-12-07T03:32:11Z,6,18.0,0.0,1843,12,3,5.715,1048.0,Standard,12239,False,False,False,False,322.462,6.52,1688315,127,150,1,2.7884516981711532e-05,0.7222911601211859
67,1088969,1088969,0,2.673322661633558e-20,,1,13,11,351,False,2022-11-21T17:05:26.000Z,378638,Kero 9 Destiny,,Silver Forest,BananenTropfen / DarkGrisen,1382875,2021-09-07T21:13:15.000Z,,,,False,False,False,-1,0,130,False,https://cdn.scoresaber.com/covers/0CE737AA930E569D39619EAA5C76D49ED7D50FAB.png,0ce737aa930e569d39619eaa5c76d49ed7d50fab,,2021-09-07T21:02:35.052848Z,1,15.0,0.0,1511,0,0,8.37,782.267,Standard,1587,False,False,False,False,180.523,,1382875,39,35,0,0.0,0.7874674139021965
100,1582978,791489,0,1.082703600059734e-21,NF,0.5,30,71,145,False,2022-11-21T16:55:39.000Z,438166,Bocca della Verita,(Under Construction Remix) ,Hizumi Rei feat.Meika Mikoto,Anammelech,2148315,2022-04-15T22:49:34.000Z,,,,False,False,False,-1,0,172,False,https://cdn.scoresaber.com/covers/C2606800E5ACE4A1F837025BCDE157E66E1F936F.png,c2606800e5ace4a1f837025bcde157e66e1f936f,,2022-04-15T22:30:14.521911Z,2,22.5,-1.5,2343,55,192,12.203,1120.0,Standard,3955,False,False,False,False,192.0,,2148315,0,2,3,0.0,0.7368463190919395
163,255388,127694,0,2.579756368476383e-20,NF,0.5,198,125,39,False,2022-11-21T16:48:23.000Z,527073,Atomic,(LeKtriQue VIP),LeKtriQue & Seek N Destroy,A Jhintleman & GojiCrafter,1105955,2022-09-29T14:47:10.000Z,,,,False,False,False,-1,0,340,False,https://cdn.scoresaber.com/covers/402915490FCC2AB0E31D764C3CAFCFECB7D94517.png,402915490fcc2ab0e31d764c3cafcfecb7d94517,,2022-09-29T11:47:12.934407Z,4,17.0,-0.85,1210,890,638,4.976,526.875,Lawless,5061,False,False,False,False,243.173,,1105955,163,161,25,0.0,0.2309207879163257
1155,1536068,1536068,294.7543,0.01123159620182608,,1,5,10,543,False,2022-11-21T16:32:44.000Z,325131,Shun no shifudo o ikashita Karefumi Paeria 808 shefu no Twerk to Trap shitate,,Camellia,ComplexFrequency & miitchel,1737075,2021-01-25T20:59:44.000Z,2021-02-03T19:48:30.000Z,2021-01-26T11:34:45.000Z,,True,False,False,-1,8.77,2919,False,https://cdn.scoresaber.com/covers/2689EE1E1AC4AFFAF303F87DE853FCA887BF5D7E.png,2689ee1e1ac4affaf303f87de853fca887bf5d7e,13292,2021-01-25T20:30:03.521Z,9,21.0,-0.125,1896,0,55,7.141,973.567,Standard,12797,False,False,False,False,265.518,8.68,1737075,0,0,0,3.310561276351905,0.8842842134047177
208,269252,134626,0,2.40233362423442e-20,NF,0.5,162,130,44,False,2022-11-21T16:17:17.000Z,314055,money machine,,100 gecs,WDG_Doctor,1127115,2020-12-20T19:36:53.000Z,,,,False,False,False,-1,0,392,False,https://cdn.scoresaber.com/covers/CE8DA222FEE6CDE9AC5E41A748FEB16D004294F1.png,ce8da222fee6cde9ac5e41a748feb16d004294f1,11cd7,2020-12-20T18:41:29.601Z,2,21.0,-0.3,1233,18,16,13.232,307.5,Standard,0,False,False,False,False,93.182,,1127115,628,22,5,0.0,0.23888600542091978
96,1125173,1125173,0,2.083255673765062e-20,,1,4,12,211,False,2022-11-21T16:12:19.000Z,403427,Give Me Egg☆,,Ksife Party,magus,1289035,2021-12-18T12:31:44.000Z,,,,False,False,False,-1,0,267,False,https://cdn.scoresaber.com/covers/700DF8617055E62EE6FA2F54400C775C15701673.png,700df8617055e62ee6fa2f54400c775c15701673,,2021-12-18T11:37:27.739733Z,3,19.0,-0.43,1409,212,135,5.812,703.062,Standard,6811,False,False,False,False,242.435,,1289035,4,46,8,0.0,0.872880100230017
27,334387,167194,0,2.318251947386215e-20,NF,0.5,106,345,57,False,2022-11-21T16:07:44.000Z,536485,burbank house,,tsubi club,WDG_Plasim,1118835,2022-11-12T03:23:44.000Z,,,,False,False,False,-1,0,36,False,https://cdn.scoresaber.com/covers/3640670D090366480BBD1E63C1BB02A4FEA83212.png,3640670d090366480bbd1e63c1bb02a4fea83212,,2022-11-12T03:19:45.606855Z,6,21.0,-1.4,1224,2,145,12.657,548.0,Standard,2948,False,False,False,False,96.706,,1118835,0,21,1,0.0,0.2988707003266791
445,628386,314193,0,2.237113129227697e-20,NF,0.5,39,75,127,False,2022-11-21T16:04:38.000Z,230067,Brain Power (1.25x),,Noma,WDG_Mid,1085715,2020-04-30T21:46:42.000Z,,,,False,False,False,-1,0,706,False,https://cdn.scoresaber.com/covers/EF6252BFF12C8E73E99E9F30A6A6BAC2D659B5A3.png,ef6252bff12c8e73e99e9f30a6a6bac2d659b5a3,a0d3,2020-04-30T21:42:40.258Z,6,22.0,-0.2,1188,0,92,14.304,294.158,Standard,1359,False,False,False,False,82.861,,1085715,0,0,0,0.0,0.5787761981735539
337,429789,429789,211.6869,3.484697082123102e-08,,1,0,3,483,False,2022-11-21T16:02:45.000Z,486611,Mysta Megamix,,Camellia,Rusty & Bitz,467475,2022-07-09T20:24:29.000Z,2022-08-11T05:16:58.000Z,2022-07-10T05:08:45.000Z,,True,False,False,-1,5.77,1081,False,https://cdn.scoresaber.com/covers/39BAD59376D78D5E6C81C03D5D116CA1AA2D2FF8.png,39bad59376d78d5e6c81c03d5d116ca1aa2d2ff8,,2022-07-09T01:19:13.836576Z,5,15.0,-1.2,516,57,491,4.239,426.0,Standard,5082,False,False,False,False,121.714,4.53,467475,0,0,2,7.376647227536849e-06,0.9193839242740254
321,405782,405782,194.2173,8.270522220469771e-10,,1,1,0,193,False,2022-11-21T15:52:57.000Z,400568,werewolf howls.,,Camellia,Kival Evan,448155,2021-12-03T14:30:26.000Z,2021-12-28T07:04:24.000Z,,,True,False,False,-1,5.5,1463,False,https://cdn.scoresaber.com/covers/3B9D44FAF85B8B4637F81753071416DB592F68E6.png,3b9d44faf85b8b4637f81753071416db592f68e6,,2021-12-03T14:19:28.427142Z,7,16.0,-1.25,495,154,324,4.751,385.5,Standard,7237,True,False,False,False,104.189,4.43,448155,0,0,8,1.6062784952496437e-07,0.905450123283239
209,211990,211990,170.5093,8.846614335885432e-13,,1,0,0,250,True,2022-11-21T15:46:48.000Z,417150,My War,(TV Size),Shinsei Kamattechan,Alice,222755,2022-02-07T12:47:25.000Z,2022-06-14T04:58:02.000Z,2022-04-19T13:36:06.000Z,,True,False,False,-1,4,1957,False,https://cdn.scoresaber.com/covers/7DF05BEEBE378E3202E6DB2C2EE975A111924F62.png,7df05beebe378e3202e6db2c2ee975a111924f62,,2022-02-07T12:44:46.692107Z,5,14.0,-0.1,250,56,35,2.899,207.0,Standard,8101,True,False,False,True,86.25,1.73,222755,0,1,6,1.50843001778179e-10,0.9516733631119392
468,45912,45912,174.5277,3.190023000845767e-12,,1,0,0,61,True,2022-11-21T15:42:38.000Z,299995,Naughty little demon,(ED version),Minari,Hoppaw,48875,2020-10-10T04:26:12.000Z,2021-01-22T05:02:35.000Z,2021-01-05T00:29:20.000Z,,True,False,False,-1,4.41,1472,False,https://cdn.scoresaber.com/covers/AE17294E266BF34F7B3D2A3F40329347F072AACC.png,ae17294e266bf34f7b3d2a3f40329347f072aacc,fc4c,2020-10-09T16:22:52.484Z,4,16.0,0.25,61,0,0,2.648,48.0,Standard,651,False,False,False,False,23.04,2.44,48875,0,0,0,5.567473772847098e-10,0.9393759590792838
866,76335,76335,129.094,3.33649072911541e-14,,1,0,0,93,True,2022-11-21T15:39:03.000Z,287692,Watch Me Dance!,,Jake Kaufman,SlimyBlob & Victonator,78315,2020-08-18T17:03:42.000Z,2020-08-22T20:52:22.000Z,2020-08-18T20:44:14.000Z,,True,False,False,-1,2.23,2079,False,https://cdn.scoresaber.com/covers/4BCE6DA72AD5D299CF1E8F940975FCAD73DA1C7D.png,4bce6da72ad5d299cf1e8f940975fcad73da1c7d,d90a,2020-08-18T16:44:19.347Z,5,10.0,0.5,93,0,0,1.398,190.0,Standard,1369,False,False,False,False,66.667,1.01,78315,49,0,0,4.307209341844247e-12,0.9747174870714422
653,567496,283748,0,1.323186520849877e-22,NF,0.5,53,104,160,False,2022-11-18T22:01:52.000Z,327649,UMMU V2,,t+pazolite,FatBeanzoop,1045235,2021-02-02T18:49:59.000Z,,,,False,False,False,-1,0,1251,False,https://cdn.scoresaber.com/covers/E28201CF1915DF6E2F2A7B6A4052D6A921200922.png,e28201cf1915df6e2f2a7b6a4052d6a921200922,13852,2021-02-02T18:45:58.949Z,5,21.0,-0.82,1144,7,33,15.119,227.0,Standard,5773,False,False,False,False,75.667,,1045235,0,20,0,0.0,0.5429362774878377
38,1307124,1307124,0,2.158814169704728e-20,,1,6,17,286,False,2022-11-18T21:53:57.000Z,536855,"Omega Synthesizer
",,Kobaryo,"LittleMaiden, Andy & WalkingKat",1532835,2022-11-14T00:48:33.000Z,,,,False,False,False,-1,0,87,False,https://cdn.scoresaber.com/covers/3754AC4D09F7C0B3027C3A0FFF8E03449AC3295E.png,3754ac4d09f7c0b3027c3a0fff8e03449ac3295e,,2022-11-14T00:37:15.933562Z,3,21.0,0.002,1674,769,184,8.694,898.5,Standard,7266,False,False,False,False,192.536,,1532835,1,0,281,0.0,0.8527493174412119
406,1910963,1910963,294.2174,0.009069959783338551,,1,4,10,840,False,2022-11-18T21:13:35.000Z,487928,FLYING OUT TO THE SKY,"(Covered by Nanahira, moimoi, Nana Takahashi)",Camellia,Spicy Baguette,2130835,2022-07-12T08:28:59.000Z,2022-08-11T05:20:14.000Z,2022-07-13T06:32:51.000Z,,True,False,False,-1,8.52,1506,False,https://cdn.scoresaber.com/covers/41081669B6062D0D0A378FE023256720BBB91C26.png,41081669b6062d0d0a378fe023256720bbb91c26,,2022-07-12T08:19:34.755210Z,4,19.0,0.35,2324,28,134,8.853,1067.5,Standard,12040,False,False,False,False,262.5,8.51,2130835,0,0,3,2.6685399855584317,0.8968141597073448
504,2169641,1084821,53.67888,1.636199250246695e-14,NF,0.5,31,61,230,False,2022-11-18T21:06:47.000Z,487930,FLYING OUT TO THE SKY,"(Covered by Nanahira, moimoi, Nana Takahashi)",Camellia,Spicy Baguette,2796915,2022-07-12T08:33:45.000Z,2022-08-11T05:20:13.000Z,2022-07-13T06:32:49.000Z,,True,False,False,-1,10.82,915,False,https://cdn.scoresaber.com/covers/41081669B6062D0D0A378FE023256720BBB91C26.png,41081669b6062d0d0a378fe023256720bbb91c26,,2022-07-12T08:19:34.755210Z,4,20.5,-0.1,3048,50,10,11.606,1068.0,Standard,12040,False,False,False,False,262.623,10.57,2796915,0,6,11,8.782934321008232e-13,0.775726470057188
21,398319,199160,0,1.93997976480187e-20,NF,0.5,15,35,111,False,2022-11-18T20:56:58.000Z,422607,Kimi No Bouken,(Sped Up Ver.),Taiiku Okazaki,Sir Overswing,567755,2022-03-13T03:49:22.000Z,,,,False,False,False,-1,0,43,False,https://cdn.scoresaber.com/covers/441133E856F42423C5138DBBFD4570E07A1B1892.png,441133e856f42423c5138dbbfd4570e07a1b1892,,2022-03-13T03:40:51.519468Z,5,22.0,-0.95,625,19,15,10.851,144.0,Standard,1343,False,False,False,False,57.6,,567755,0,0,4,0.0,0.7015684582258193
180,303621,303621,0,1.806557656477621e-20,,1,14,20,49,False,2022-11-18T20:50:03.000Z,422995,"44,000 Miles",,"$44,000",Sir Overswing,452755,2022-03-16T07:01:09.000Z,,,,False,False,False,-1,0,428,False,https://cdn.scoresaber.com/covers/3EC5C15ED2D5D6B37D2026F0B1C2DD62330193C0.png,3ec5c15ed2d5d6b37d2026f0b1c2dd62330193c0,,2022-03-16T06:52:10.929385Z,4,22.0,-1.5,500,0,22,12.048,207.5,Standard,560,False,False,False,False,41.5,,452755,0,0,0,0.0,0.6706077238241434
1677,1188807,1188807,272.4701,0.0001934439726680711,,1,8,6,343,False,2022-11-18T20:44:42.000Z,406931,If You Can't Hang,,Sleeping With Sirens,Olaf & Joshabi,1337795,2022-01-03T23:58:24.000Z,2022-01-12T15:54:36.000Z,,,True,False,False,-1,8.03,4860,False,https://cdn.scoresaber.com/covers/99AE0A21199878C64AB8855A074A7B5183E6C0A7.png,99ae0a21199878c64ab8855a074a7b5183e6c0a7,,2022-01-03T23:48:50.206502Z,4,20.0,-0.435,1462,0,73,5.937,788.0,Standard,4231,False,False,False,False,246.25,8.03,1337795,0,0,0,0.0527076985772666,0.8886316662866882
98,429512,214756,0,1.743328138500905e-20,NF,0.5,25,29,106,False,2022-11-18T20:39:58.000Z,399859,Sendan Life,(katagiri Bootleg),CHUKKA,WDG_MILKER,691035,2021-11-30T14:17:50.000Z,,,,False,False,False,-1,0,151,False,https://cdn.scoresaber.com/covers/ED876B42A223D1FC0A141C82C916D785A9A7F55F.png,ed876b42a223d1fc0a141c82c916d785a9a7f55f,,2021-11-30T13:35:54.485547Z,5,21.0,0.012,759,12,6,12.092,272.0,Standard,22,False,False,False,False,62.769,,691035,1,0,6,0.0,0.6215488361660408
119,371941,185971,0,1.682311653653373e-20,NF,0.5,212,192,82,False,2022-11-18T20:38:21.000Z,399877,Sendan Life,(katagiri Bootleg),CHUKKA,WDG_MILKER,1293635,2021-11-30T16:26:12.000Z,,,,False,False,False,-1,0,186,False,https://cdn.scoresaber.com/covers/ED876B42A223D1FC0A141C82C916D785A9A7F55F.png,ed876b42a223d1fc0a141c82c916d785a9a7f55f,,2021-11-30T13:35:54.485547Z,5,21.0,0.012,1414,12,6,22.527,272.0,Standard,22,False,False,False,False,62.769,,1293635,2,0,6,0.0,0.2875161850135471
68,1147771,1147771,0,1.623430745775505e-20,,1,11,17,291,False,2022-11-18T20:35:15.000Z,423980,Kotodama Refrain,Katagiri Bootleg,tokiwa feat. Sanso Nakamura,Sir Overswing,1350675,2022-03-23T05:36:10.000Z,,,,False,False,False,-1,0,124,False,https://cdn.scoresaber.com/covers/F117D0EE7EE27224F53EC08713FA6D81C0DD2924.png,f117d0ee7ee27224f53ec08713fa6d81c0dd2924,,2022-03-23T05:00:04.561207Z,4,22.0,-0.5,1476,64,24,10.229,481.0,Standard,1672,False,False,False,False,144.3,,1350675,0,0,17,0.0,0.8497758528143335
190,1037746,518873,0,1.566610669673362e-20,NF,0.5,82,89,145,False,2022-11-18T20:31:13.000Z,529239,Tank 3,,Jonne Valtonen,Sir Overswing,1638635,2022-10-04T17:04:47.000Z,,,,False,False,False,-1,0,349,False,https://cdn.scoresaber.com/covers/B015E8EF705D43465D2942C4309784C3A84679DC.png,b015e8ef705d43465d2942c4309784c3a84679dc,,2022-10-04T01:17:33.880926Z,4,20.0,-0.28101,1789,0,42,7.777,719.0,Standard,1975,False,False,False,False,230.051,,1638635,0,0,0,0.0,0.6332990568369405
79,602307,602307,0,1.511779296234794e-20,,1,7,8,214,False,2022-11-18T20:26:17.000Z,373985,Disco,,Surf Curse,gracenote,706675,2021-08-13T03:26:33.000Z,,,,False,False,False,-1,0,185,False,https://cdn.scoresaber.com/covers/147ADB8CD0CB2D7400785C00008995DB32D01BF9.png,147adb8cd0cb2d7400785c00008995db32d01bf9,,2021-08-13T03:03:44.383329Z,4,21.0,0.0,776,8,64,5.379,416.0,Standard,1052,False,False,False,False,144.277,,706675,0,3,1,0.0,0.8523111755757597
920,702759,702759,281.999,0.0008637897416530899,,1,14,10,220,False,2022-11-18T20:23:01.000Z,66930,iLLness LiLin ,,Chart by Mystikmol,Kaneko Chiharu,875035,2018-08-29T14:11:56.000Z,,,,True,False,False,-1,9.69,5494,False,https://cdn.scoresaber.com/covers/0BFAB2B62C6D7EA1C3587C48EFD1A0EEC365D983.png,0bfab2b62c6d7ea1c3587c48efd1a0eec365d983,126c,2018-08-29T11:20:25Z,4,18.0,0.0,959,4,2,8.227,544.0,Standard,3029,False,False,False,False,116.571,9.3,875035,48,56,2,0.24358784335642972,0.8031210180164222
291,167434,167434,189.9059,1.919343825435403e-10,,1,0,0,200,True,2022-11-18T20:16:50.000Z,327034,Despacito,ft. Daddy Yankee (cursed eurobeat mix),Luis Fonsi,FatBeanzoop,176755,2021-01-31T16:48:25.000Z,2021-02-12T03:59:28.000Z,2021-02-03T17:31:35.000Z,,True,False,False,-1,4.58,1631,False,https://cdn.scoresaber.com/covers/5FE66E893160663B1AE15B59B505F26DF57557DB.png,5fe66e893160663b1ae15b59b505f26df57557db,1370d,2021-01-31T16:41:54.636Z,2,17.0,-0.4,200,0,34,4.01,130.5,Standard,5834,False,False,False,False,49.873,2.26,176755,0,0,0,3.644947165787531e-08,0.9472659896466861
358,133926,133926,190.5007,2.376779537585073e-10,,1,0,0,161,True,2022-11-18T20:15:41.000Z,327032,Despacito,ft. Daddy Yankee (cursed eurobeat mix),Luis Fonsi,FatBeanzoop,140875,2021-01-31T16:47:22.000Z,2021-02-12T03:59:26.000Z,2021-02-03T17:31:37.000Z,,True,False,False,-1,4.5,1345,False,https://cdn.scoresaber.com/covers/5FE66E893160663B1AE15B59B505F26DF57557DB.png,5fe66e893160663b1ae15b59b505f26df57557db,1370d,2021-01-31T16:41:54.636Z,2,14.0,-0.1,161,20,34,3.241,130.0,Standard,5834,False,False,False,False,49.682,1.68,140875,0,0,2,4.527781656556327e-08,0.9506725820763088
398,266042,266042,192.3665,4.677027745807468e-10,,1,0,0,311,True,2022-11-18T20:08:59.000Z,347728,I,,Chroma,Mystikmol & Moriik,278875,2021-04-12T04:43:59.000Z,2021-04-25T18:12:40.000Z,2021-04-12T11:53:14.000Z,,True,False,False,-1,4.43,1076,False,https://cdn.scoresaber.com/covers/0B71BA47DEEF78A55C5709058ABDB9B0849486F7.png,0b71ba47deef78a55c5709058abdb9b0849486f7,1695b,2021-04-12T04:13:19.548Z,7,13.0,-0.2,311,2,61,2.7,432.0,Standard,2880,False,False,False,False,115.2,1.61,278875,0,0,0,8.997034578638724e-08,0.953982967279247
446,231582,231582,186.7587,7.334833167876452e-11,,1,0,1,219,False,2022-11-18T20:06:48.000Z,330072,Ultimate Ascension,,Camellia,Narwhal and Complex,246675,2021-02-11T00:30:41.000Z,2021-02-19T21:29:23.000Z,2021-02-11T16:52:10.000Z,,True,False,False,-1,4.73,1263,False,https://cdn.scoresaber.com/covers/FAAF10021BD1CEC27E6E2A70DD19C9E1CDF2AC78.png,faaf10021bd1cec27e6e2a70dd19c9e1cdf2ac78,13de6,2021-02-11T00:18:07.749Z,8,13.0,-0.3,276,54,229,2.317,397.0,Standard,4708,False,False,False,False,119.1,1.57,246675,19,0,3,1.3698439071494879e-08,0.9388142292490118
837,2006004,1003002,50.66409,1.1873588931921e-14,NF,0.5,87,158,308,False,2022-11-17T17:51:01.000Z,517333,Electromagnetic Stealth Girl Born In Philadelphia,,Camellia,Aimedhades16 & Lobster,3025995,2022-09-07T20:38:48.000Z,2022-09-20T20:25:51.000Z,2022-09-07T20:57:13.000Z,,True,False,False,-1,11.95,1924,False,https://cdn.scoresaber.com/covers/657D3FB7D1D0BFDE96CAACFF43EBC4C7CE970DAD.png,657d3fb7d1d0bfde96caacff43ebc4c7ce970dad,,2022-09-02T00:10:41.625835Z,6,21.0,0.0,3297,144,178,11.907,1218.32,Standard,17828,True,False,False,False,276.891,11.04,3025995,0,21,17,6.015645782698494e-13,0.6629237655713245
449,2094847,2094847,290.5769,0.004609186857846368,,1,4,3,664,False,2022-11-17T17:45:28.000Z,414609,"Jashin no Konrei, Gi Wa Ai to Shiru.",,Imperial Circus Dead Decadence,Namoori,2289995,2022-01-29T18:42:45.000Z,2022-08-11T05:13:48.000Z,2022-06-21T01:06:10.000Z,,True,False,False,-1,8.02,1072,False,https://cdn.scoresaber.com/covers/319C3A06F6849B6FC924C081D27CB4BDA6FB3169.png,319c3a06f6849b6fc924c081d27cb4bda6fb3169,,2022-01-29T06:49:23.775777Z,7,18.0,-1.5,2497,29,189,8.431,1184.636,Standard,9835,False,False,False,False,296.159,7.82,2289995,0,0,1,1.3393232286737384,0.9147823466863465
292,187975,187975,211.0726,3.021859617853447e-08,,1,0,0,219,True,2022-11-17T17:39:16.000Z,347793,Enigma,,Toromaru,miitchel & Alice,194235,2021-04-12T12:32:10.000Z,2021-04-25T18:24:00.000Z,2021-04-12T19:56:50.000Z,,True,False,False,-1,4.15,982,False,https://cdn.scoresaber.com/covers/BDE6A1F8FC7008247443CF3F810BBD8E910DD839.png,bde6a1f8fc7008247443cf3f810bbd8e910dd839,16973,2021-04-12T12:28:12.026Z,9,8.0,1.0,219,0,19,1.922,376.0,Standard,10138,True,False,False,False,113.939,1.47,194235,0,0,0,6.378317663753335e-06,0.9677709990475455
245,2651674,2651674,332.4856,0.7792758067191449,,1,6,5,818,False,2022-11-17T17:36:33.000Z,414497,"Jashin no Konrei, Gi Wa Ai to Shiru.",,Imperial Circus Dead Decadence,Namoori,2891675,2022-01-29T11:36:30.000Z,2022-08-11T05:13:45.000Z,2022-06-21T01:06:08.000Z,,True,False,False,-1,9.12,768,False,https://cdn.scoresaber.com/covers/319C3A06F6849B6FC924C081D27CB4BDA6FB3169.png,319c3a06f6849b6fc924c081d27cb4bda6fb3169,,2022-01-29T06:49:23.775777Z,7,20.5,-0.2,3151,31,66,10.64,1184.636,Standard,9837,False,False,False,False,296.159,8.62,2891675,0,0,1,259.0979841624989,0.9170027752081407
903,1386114,970280,0,2.748663933786612e-26,SS,0.7,24,27,187,False,2022-11-17T17:25:44.000Z,85343,Nisemono Chuuihou,,B-ko (Cv:Touyama Nao),Hexagonial (SEE BEATSAVER DESC!),1762835,2018-11-29T07:16:13.000Z,,,,False,False,False,-1,0,3690,False,https://cdn.scoresaber.com/covers/C1489448CCE99D8DCF5B18C70223618284193408.png,c1489448cce99d8dcf5b18c70223618284193408,1a15,2018-10-13T16:58:09Z,6,20.0,0.0,1924,0,0,9.521,875.676,Standard,5165,False,False,False,False,202.079,,1762835,55,42,0,0.0,0.7862982071492794
1035,1250650,625325,0,1.204835182205104e-21,NF,0.5,20,45,271,False,2022-11-17T17:08:13.000Z,394133,Meteoric Impact,,Kyutatsuki,cerret,1627595,2021-11-10T00:56:36.000Z,,,,False,False,False,-1,0,2217,False,https://cdn.scoresaber.com/covers/4D6591AEEC65F9CDAECA17F8245B23BC11505F18.png,4d6591aeec65f9cdaeca17f8245b23bc11505f18,,2021-11-09T23:16:08.868169Z,5,22.0,-1.7,1777,0,45,15.423,576.083,Standard,6189,False,False,False,False,115.217,,1627595,0,0,0,0.0,0.7684036876495688
1917,863661,863661,308.6314,0.1059792253313171,,1,10,28,181,False,2022-11-17T17:05:50.000Z,335708,Melancholia,,you,Emilia,1088475,2021-02-27T23:17:39.000Z,2021-03-08T17:09:36.000Z,2021-02-28T13:59:08.000Z,,True,False,False,-1,10.75,4006,False,https://cdn.scoresaber.com/covers/5909C4CC3F242632BF4C826305732489F8C54F9B.png,5909c4cc3f242632bf4c826305732489f8c54f9b,14c51,2021-02-27T22:59:12.666Z,6,23.0,-1.4,1191,87,47,6.538,1032.25,Standard,5059,False,False,False,False,182.162,10.75,1088475,0,0,4,32.70851668491986,0.7934596568593675
1903,814923,814923,181.8772,2.034105717640906e-11,,1,1,4,278,False,2022-11-17T17:00:15.000Z,275203,Falling,,Dropgun x Asketa & Natan Chaim,Teuflum,887915,2020-06-28T11:33:39.000Z,2020-07-12T22:21:13.000Z,2020-07-08T22:13:04.000Z,,True,False,False,-1,4.98,13254,False,https://cdn.scoresaber.com/covers/2DDDD6672560CB2C1D4C689FF31B5EA58EF1641E.png,2dddd6672560cb2c1d4c689ff31b5ea58ef1641e,b724,2020-06-28T11:22:49.373Z,7,17.0,-0.4,973,20,65,5.213,392.0,Standard,9228,False,False,False,False,186.667,3.42,887915,0,0,2,3.6995745242851857e-09,0.9177939329778189
788,411654,411654,352.8255,1,,1,1,1,344,False,2022-11-17T16:55:59.000Z,327031,Despacito,ft. Daddy Yankee (cursed eurobeat mix),Luis Fonsi,FatBeanzoop,451835,2021-01-31T16:46:22.000Z,2021-02-12T03:59:32.000Z,2021-02-03T17:31:32.000Z,,True,False,False,-1,9.84,3708,False,https://cdn.scoresaber.com/covers/5FE66E893160663B1AE15B59B505F26DF57557DB.png,5fe66e893160663b1ae15b59b505f26df57557db,1370d,2021-01-31T16:41:54.636Z,2,21.0,-0.97,499,0,32,10.005,130.5,Standard,5834,False,False,False,False,49.873,9.02,451835,0,0,0,352.8255,0.9110715194706032
456,266012,266012,246.0401,3.215112967298289e-06,,1,0,0,318,True,2022-11-17T16:50:12.000Z,327033,Despacito,ft. Daddy Yankee (cursed eurobeat mix),Luis Fonsi,FatBeanzoop,285315,2021-01-31T16:47:31.000Z,2021-02-12T03:59:30.000Z,2021-02-03T17:31:33.000Z,,True,False,False,-1,6.4,3442,False,https://cdn.scoresaber.com/covers/5FE66E893160663B1AE15B59B505F26DF57557DB.png,5fe66e893160663b1ae15b59b505f26df57557db,1370d,2021-01-31T16:41:54.636Z,2,20.0,-0.7,318,0,34,6.376,130.5,Standard,5834,False,False,False,False,49.873,5.36,285315,0,0,0,0.0007910467159853678,0.9323449520705186
466,54704,54704,175.1745,3.678616894470159e-12,,1,0,0,71,True,2022-11-17T16:48:45.000Z,198955,Timelordz,,Renard,Qwasyx,58075,2020-01-23T18:15:14.000Z,2020-02-13T19:40:32.000Z,2020-02-09T19:18:16.000Z,,True,False,False,-1,4.36,1832,False,https://cdn.scoresaber.com/covers/3420D4808B47EB46344710F866557A55A48AE821.png,3420d4808b47eb46344710f866557a55a48ae821,80a7,2020-01-23T16:29:26.968Z,5,17.0,0.3,71,4,10,1.936,110.0,Standard,2714,False,False,False,False,36.667,1.85,58075,3,1,1,6.443998751803628e-10,0.9419543693499784
335,313280,313280,181.8581,1.962912017523475e-11,,1,0,0,366,True,2022-11-17T16:47:23.000Z,293182,Shiny Happy Days,(TV Size),Nekopara,VRMasked & Dr_Marc,329475,2020-09-12T22:36:40.000Z,2020-12-25T15:36:38.000Z,2020-12-15T17:07:19.000Z,,True,False,False,-1,4.29,3038,False,https://cdn.scoresaber.com/covers/69E494F4A295197BF03720029086FABE6856FBCE.png,69e494f4a295197bf03720029086fabe6856fbce,e970,2020-09-12T22:29:19.887Z,6,16.0,0.75,366,0,23,4.17,275.0,Standard,12266,False,False,False,False,87.766,2.66,329475,0,0,0,3.5697144997398586e-09,0.9508460429471128
329,254328,254328,187.6567,1.047410942501268e-10,,1,0,0,298,True,2022-11-17T16:45:41.000Z,293183,Shiny Happy Days,(TV Size),Nekopara,VRMasked & Dr_Marc,266915,2020-09-12T22:38:18.000Z,2020-12-25T15:36:35.000Z,2020-12-15T17:07:20.000Z,,True,False,False,-1,4.36,1794,False,https://cdn.scoresaber.com/covers/69E494F4A295197BF03720029086FABE6856FBCE.png,69e494f4a295197bf03720029086fabe6856fbce,e970,2020-09-12T22:29:19.887Z,6,15.0,1.0,298,4,17,3.405,274.25,Standard,12266,False,False,False,False,87.527,1.65,266915,0,0,2,1.9655368101367772e-08,0.9528426652679692
611,176762,176762,190.1762,2.135850446516591e-10,,1,0,0,209,True,2022-11-17T16:43:37.000Z,293184,Shiny Happy Days,(TV Size),Nekopara,VRMasked & Dr_Marc,185035,2020-09-12T22:39:57.000Z,2020-12-25T15:36:33.000Z,2020-12-15T17:07:22.000Z,,True,False,False,-1,4.34,1684,False,https://cdn.scoresaber.com/covers/69E494F4A295197BF03720029086FABE6856FBCE.png,69e494f4a295197bf03720029086fabe6856fbce,e970,2020-09-12T22:29:19.887Z,6,14.0,0.0,209,0,94,2.388,274.25,Standard,12266,False,False,False,False,87.527,2.11,185035,0,0,0,4.0618792168682854e-08,0.9552895398167914
525,410442,410442,211.3166,3.131460743889582e-08,,1,1,0,260,False,2022-11-17T16:41:39.000Z,293181,Shiny Happy Days,(TV Size),Nekopara,VRMasked & Dr_Marc,440795,2020-09-12T22:34:34.000Z,2020-12-25T15:36:41.000Z,2020-12-15T17:07:18.000Z,,True,False,False,-1,5.52,4816,False,https://cdn.scoresaber.com/covers/69E494F4A295197BF03720029086FABE6856FBCE.png,69e494f4a295197bf03720029086fabe6856fbce,e970,2020-09-12T22:29:19.887Z,6,18.0,0.25,487,0,31,5.549,275.0,Standard,12266,False,False,False,False,87.766,4.1,440795,0,0,0,6.617296374322173e-06,0.931140326001883
735,488190,488190,172.8618,1.803976301253707e-12,,1,0,3,243,False,2022-11-17T16:34:37.000Z,194485,Tsurupettan,,Silver Forest,Kival Evan,533715,2019-12-31T14:02:30.000Z,2020-01-16T07:40:27.000Z,2020-01-12T02:39:41.000Z,,True,False,False,-1,4.77,3698,False,https://cdn.scoresaber.com/covers/3751C4E80EA591856BE52EBCA2A9F654B0888D2A.png,3751c4e80ea591856be52ebca2a9f654b0888d2a,7b30,2019-12-31T09:50:40.054Z,7,14.0,1.0,588,0,86,3.946,447.0,Standard,6575,False,False,False,False,149.0,3.31,533715,0,0,0,3.1183859059205804e-10,0.9147016666198252
264,729236,364618,0,1.505868962372258e-23,NF,0.5,208,257,125,False,2022-11-15T17:09:25.000Z,168483,[Speed Training] Lazorbeamz (1.3x),,Vaenus,Hexagonial,1998355,2019-08-03T20:05:23.000Z,,,,False,False,False,-1,0,474,False,https://cdn.scoresaber.com/covers/A705B90ABF8CBAA65FC00A0D8B98FE0DA6320878.png,a705b90abf8cbaa65fc00a0d8b98fe0da6320878,5a75,2019-08-03T17:37:16.090Z,5,24.0,0.0,2180,0,0,19.133,641.875,Standard,2343,False,False,False,False,113.942,,1998355,0,0,0,0.0,0.36491814517440596
1151,263828,131914,0,1.260154367060553e-23,NF,0.5,103,129,233,False,2022-11-15T17:06:21.000Z,91976,All I Want For Christmas Is Fortnite,,yes,BananenTropfen,780275,2018-11-29T01:23:01.000Z,,,,False,False,False,-1,0,3427,False,https://cdn.scoresaber.com/covers/7A54FBF265D0541BFAA7712AA92B95EE59B2D4B5.png,7a54fbf265d0541bfaa7712aa92b95ee59b2d4b5,21c4,2018-11-23T18:00:32Z,-1,19.0,0.0,856,0,0,12.338,323.764,Standard,2,False,False,False,False,69.378,,780275,8,6,0,0.0,0.33812181602640096
2907,794227,794227,259.1521,2.630781321787311e-05,,1,10,16,177,False,2022-11-15T16:39:56.000Z,347797,Enigma,,Toromaru,miitchel & Alice,1038795,2021-04-12T12:33:15.000Z,2021-04-25T18:24:10.000Z,2021-04-12T19:56:34.000Z,,True,False,False,-1,9.36,5330,False,https://cdn.scoresaber.com/covers/BDE6A1F8FC7008247443CF3F810BBD8E910DD839.png,bde6a1f8fc7008247443cf3f810bbd8e910dd839,16973,2021-04-12T12:28:12.026Z,9,21.0,-0.25,1137,0,47,9.979,376.0,Standard,10138,True,False,False,False,113.939,9.36,1038795,0,0,0,0.006817725041819575,0.7645656746518803
2186,1430306,715153,49.73376,1.029653885740425e-14,NF,0.5,31,64,147,False,2022-11-15T16:28:51.000Z,189721,Night Raid with a Dragon,,Camellia,DE125 & Skeelie,2008475,2019-12-07T13:00:46.000Z,2019-12-14T20:27:21.000Z,,,True,False,False,-1,10.92,3334,False,https://cdn.scoresaber.com/covers/9BF202F68C333421C69CA6AA15C648D65D4A1E0F.png,9bf202f68c333421c69ca6aa15c648d65d4a1e0f,7457,2019-12-07T10:25:37.125Z,9,24.0,0.2,2191,4,34,11.013,848.863,Standard,27710,False,False,False,False,198.952,10.92,2008475,11,0,2,5.120855923648172e-13,0.7121353265537286
2364,1288752,1288752,255.3216,1.655540552352179e-05,,1,29,22,215,False,2022-11-15T16:17:14.000Z,283699,Holding out for a Hero,,Helblinde,Mawntee,1644155,2020-08-01T21:27:46.000Z,2020-09-15T09:24:20.000Z,2020-09-10T16:07:06.000Z,,True,False,False,-1,9,4038,False,https://cdn.scoresaber.com/covers/CC918C5C6E1F737D21364AFE680353645CBD1BAC.png,cc918c5c6e1f737d21364afe680353645cbd1bac,cca4,2020-08-01T21:21:23.349Z,5,21.0,-0.15,1795,69,69,7.193,831.875,Standard,6963,False,False,False,False,249.563,8.56,1644155,0,0,2,0.0042269526269144205,0.7838385067101338
2222,2003434,2003434,273.4525,0.0002230724561551821,,1,32,47,187,False,2022-11-15T16:12:21.000Z,408306,GHOUL,,Camellia,Coolpick & Alpal,2572435,2022-01-08T19:13:44.000Z,2022-01-21T09:06:05.000Z,,,True,False,False,-1,9.7,4796,False,https://cdn.scoresaber.com/covers/FCC07121028BD89A29998B8CABF668964F9EE585.png,fcc07121028bd89a29998b8cabf668964f9ee585,,2022-01-08T18:56:09.616233Z,4,21.0,-0.2,2804,75,468,10.923,984.0,Standard,11352,False,False,False,False,256.696,9.65,2572435,0,0,1,0.060999720816774926,0.778808405265828
61,204071,204071,0,7.38471006588561e-24,,1,0,0,244,True,2022-11-15T15:42:56.000Z,242807,oniichan is ded ,(loli cover),Loli's,Umuruq,217235,2020-05-16T21:11:03.000Z,,,,False,False,False,-1,0,611,False,https://cdn.scoresaber.com/covers/7F6A2104F1FC7E27E4AC0F3DBB9D0A67C313DEE7.png,7f6a2104f1fc7e27e4ac0f3dbb9d0a67c313dee7,a6fa,2020-05-16T20:16:40.265Z,3,19.0,0.3,244,0,0,5.856,87.5,Standard,1343,False,False,False,False,41.667,,217235,0,0,0,0.0,0.9394020300596129
565,181044,181044,157.7533,1.246749861723505e-13,,1,0,1,207,False,2022-11-15T15:30:32.000Z,406088,Made of Fire,,Niko,fraies & FatBeanzoop,193315,2021-12-31T15:59:29.000Z,2022-01-12T15:46:34.000Z,,,True,False,False,-1,4.03,1237,False,https://cdn.scoresaber.com/covers/1F1E84B0447B0FEF8189CD2ED754C66C7417BAFF.png,1f1e84b0447b0fef8189cd2ed754c66c7417baff,,2021-12-31T08:03:26.758587Z,4,14.0,-0.3,218,0,48,2.817,420.511,Standard,2932,False,False,False,False,77.395,1.44,193315,0,0,0,1.966789049614266e-11,0.9365232910017329
2090,2208891,2208891,298.5423,0.01849520266312065,,1,61,93,135,False,2022-11-07T20:03:58.000Z,224659,We Could Get More Machinegun Psystyle! (And More Genre Switches),,Camellia,DE125,3129035,2020-04-23T21:19:03.000Z,2020-04-28T13:41:48.000Z,2020-04-24T09:01:24.000Z,,True,False,False,-1,11.5,4552,False,https://cdn.scoresaber.com/covers/D7D1C76F5F74510D4E70B51A105D2BEBE194BEFD.png,d7d1c76f5f74510d4e70b51a105d2bebe194befd,9e5c,2020-04-23T20:59:35.889Z,6,24.0,-0.7,3409,12,23,10.97,828.653,Standard,3794,False,False,False,False,310.745,11.5,3129035,0,0,0,5.521600342014165,0.7059336185117776
70,1408634,1408634,0,2.662871248856647e-23,,1,15,47,129,False,2022-11-07T19:49:24.000Z,198897,Overdrive,,IOSYS,DE125,1825395,2020-01-23T09:35:43.000Z,,,,False,False,False,-1,0,109,False,https://cdn.scoresaber.com/covers/C56551127CE265FE1719009EBA4A500543C80724.png,c56551127ce265fe1719009eba4a500543c80724,8082,2020-01-23T06:11:11.561Z,4,25.0,-0.3,1992,0,8,11.528,576.0,Standard,0,False,False,False,False,172.8,,1825395,0,0,0,0.0,0.7716872238611369
183,1783187,891594,0,2.897478182981599e-22,NF,0.5,193,417,133,False,2022-11-07T19:42:53.000Z,219681,Three Bastards,,Infant Annihilator,Duh Hello,3713235,2020-04-11T09:59:49.000Z,,,,False,False,False,-1,0,278,False,https://cdn.scoresaber.com/covers/A101215B8452934577F625DB0677CDEF2F95F98B.png,a101215b8452934577f625db0677cdef2f95f98b,998e,2020-04-11T09:53:31.812Z,5,25.0,0.2,4044,4,106,16.162,1167.667,Standard,16894,False,False,False,False,250.214,,3713235,0,0,1,0.0,0.4802246558593787
1846,1574801,787401,52.21144,1.369218492511749e-14,NF,0.5,31,70,176,False,2022-11-07T19:26:40.000Z,349164,Weeaboo Spookfest,,ReeK,Schwank,2156595,2021-04-18T01:30:25.000Z,2021-04-29T19:07:54.000Z,2021-04-19T17:03:54.000Z,,True,False,False,-1,11.18,3409,False,https://cdn.scoresaber.com/covers/71561EFCC445EE7B40C5FB6A6B50C52ACC873565.png,71561efcc445ee7b40c5fb6a6b50c52acc873565,16d22,2021-04-18T01:05:12.653Z,6,21.1,-0.25,2352,285,280,8.694,991.934,Standard,4111,False,False,False,False,270.527,11.18,2156595,0,29,14,7.148886916866764e-13,0.7302256566485594
1040,1898089,949045,54.25511,1.757039652336112e-14,NF,0.5,47,84,177,False,2022-11-07T19:20:04.000Z,289546,Revenge,"(ReeK's ""Dude, What's A Genre?"" Remix) (feat. CaptainSparklez)",TryHardNinja,Ramen Noodle,2642355,2020-08-27T22:15:19.000Z,2020-09-02T00:14:23.000Z,2020-08-28T08:07:56.000Z,,True,False,False,-1,11.81,2560,False,https://cdn.scoresaber.com/covers/312E16C63C727303286A0278A713A3BCFEA8186D.png,312e16c63c727303286a0278a713a3bcfea8186d,def0,2020-08-27T20:39:39.361Z,6,24.0,-1.25,2880,142,165,10.628,1490.402,Standard,19254,True,False,False,False,270.982,11.87,2642355,29,1,11,9.532837961185753e-13,0.7183323209788238
18,1829030,914515,0,1.310984771053751e-20,NF,0.5,865,1866,96,False,2022-11-07T19:11:18.000Z,470632,Embraced by the flame,,UNDEAD CORPORATION,soap,7777795,2022-06-08T19:04:52.000Z,,,,False,False,False,-1,0,39,False,https://cdn.scoresaber.com/covers/F02E62090DD42B8759BFDD66AE5B6EE784002A00.png,f02e62090dd42b8759bfdd66ae5b6ee784002a00,,2022-06-08T16:39:07.348573Z,3,20.0,0.0,8462,198,0,34.913,868.5,Standard,0,False,False,False,False,242.372,,7777795,0,0,66,0.0,0.23516047928751016
1585,1789007,1789007,302.6176,0.03908278596715309,,1,10,64,157,False,2022-11-07T19:05:13.000Z,293940,Possesed By The Blood Moon,,ReeK,"DE125, Skeelie, Vilawes",2279875,2020-09-16T06:03:09.000Z,2020-09-24T19:46:08.000Z,2020-09-20T16:24:51.000Z,,True,False,False,-1,10.66,2520,False,https://cdn.scoresaber.com/covers/479037E38D3D631EA51139462A5333D76E4B810F.png,479037e38d3d631ea51139462a5333d76e4b810f,ec00,2020-09-16T03:23:11.130Z,4,23.0,-0.25,2486,114,90,9.806,887.334,Standard,28434,True,False,False,False,253.524,10.55,2279875,0,0,4,11.827138890693545,0.7846952135533747
878,2088949,2088949,320.6053,0.4103768311308225,,1,7,5,768,False,2022-11-07T18:59:59.000Z,295794,"1,000,000 TIMES",feat. chelly (EGOIST),MY FIRST STORY,Xhera & VRMasked,2312075,2020-09-23T08:28:48.000Z,2020-09-29T03:03:08.000Z,2020-09-23T14:36:24.000Z,,True,False,False,-1,9.13,3870,False,https://cdn.scoresaber.com/covers/8A8641BA63B6288555ED8A4574E2BFB95155711B.png,8a8641ba63b6288555ed8a4574e2bfb95155711b,f0be,2020-09-23T06:06:03.831Z,7,21.0,-0.1,2521,0,4,8.152,1030.868,Standard,8651,False,False,False,False,309.26,9.01,2312075,0,0,0,131.56898705774668,0.903495345090449
3636,894904,894904,204.5905,8.08695225016376e-09,,1,4,11,171,False,2022-11-07T18:53:47.000Z,209788,Meowchine,,Azazal & MachineDoll,CyanSnow,1039715,2020-03-06T02:22:46.000Z,2020-05-04T20:17:48.000Z,2020-04-30T15:24:44.000Z,,True,False,False,-1,6.38,11005,False,https://cdn.scoresaber.com/covers/24A148CDF2192F7A4F10A265B70E5C0DEB6424E9.png,24a148cdf2192f7a4f10a265b70e5c0deb6424e9,8d89,2020-03-06T02:16:39.709Z,6,18.0,0.25,1138,0,39,6.501,335.5,Standard,5054,False,False,False,False,175.043,5.46,1039715,1,0,0,1.6545136043371289e-06,0.8607204859023867
1492,376675,376675,182.663,2.430731302804113e-11,,1,5,2,216,False,2022-11-07T18:48:17.000Z,98997,Monochrome Butterfly,,Aitsuki Nakuru,fraies,432515,2018-12-25T00:15:11.000Z,2019-01-02T23:47:20.000Z,,,True,False,False,-1,5.59,7177,False,https://cdn.scoresaber.com/covers/D60CA1E3B6175D57DAC7463D532989F83C257EFB.png,d60ca1e3b6175d57dac7463d532989f83c257efb,27d8,2018-12-24T18:45:01Z,5,16.0,0.0,478,0,0,5.702,244.5,Standard,480,False,False,False,False,83.829,4.15,432515,10,7,0,4.440046719641077e-09,0.8708946510525647
839,594080,594080,164.2495,2.931728902062813e-13,FS,1,0,3,611,False,2022-11-07T18:45:34.000Z,80118,RELOADED,,EGOIST,Saut,645035,2018-10-14T08:06:01.000Z,,,,True,False,False,-1,4.45,8006,False,https://cdn.scoresaber.com/covers/A5BE6E439863B22BB0CA36E2F4EAD53452E1B978.png,a5be6e439863b22bb0ca36e2f4ead53452e1b978,1a33,2018-10-14T05:36:51Z,5,10.0,0.0,709,0,46,3.663,558.137,Standard,2396,False,False,False,False,193.574,2.79,645035,57,8,0,4.8153500629936605e-11,0.9210042865890998
308,346212,346212,187.8207,1.124766777632976e-10,,1,0,0,403,True,2022-11-07T18:35:32.000Z,371135,Rainbow Road,,nanobii,lobsterrrrrrrr,363515,2021-07-29T20:42:52.000Z,2021-08-25T01:17:30.000Z,2021-07-30T08:13:43.000Z,,True,False,False,-1,4.38,937,False,https://cdn.scoresaber.com/covers/AC8641B75015EA3DC2ABC4999C8C5321E8F60E32.png,ac8641b75015ea3dc2abc4999c8c5321e8f60e32,1abd3,2021-07-29T20:32:52.974Z,3,15.0,0.4,403,107,255,2.381,479.5,Standard,5823,False,False,False,False,169.235,1.43,363515,5,0,10,2.112544835117699e-08,0.9524008637882894
2068,694556,694556,275.3616,0.0002762371400904191,,1,20,17,130,False,2022-11-06T18:06:32.000Z,364843,Felis,,M2U,ComplexFrequency & Checkthepan,941275,2021-06-26T23:20:19.000Z,2021-07-06T15:32:25.000Z,2021-06-27T12:36:43.000Z,,True,False,False,-1,10.26,4017,False,https://cdn.scoresaber.com/covers/21A989606D52EDF96B2971DBEDE366B1D0523088.png,21a989606d52edf96b2971dbede366b1d0523088,198db,2021-06-25T16:08:37.481Z,7,18.0,-0.6,1031,0,77,7.765,343.0,Standard,3587,False,False,False,False,132.774,10.26,941275,0,49,0,0.07606510087472196,0.7378885022974158
2329,774404,774404,251.5038,7.040367727283509e-06,,1,19,22,145,False,2022-11-06T18:03:14.000Z,329087,UNO,,Little Big,Schwank vs. Narwhal,1043395,2021-02-07T17:49:50.000Z,2021-02-19T21:30:41.000Z,2021-02-11T16:52:28.000Z,,True,False,False,-1,9.33,4112,False,https://cdn.scoresaber.com/covers/E8496DC530318BE6311BA5F080794F6AF452E7C0.png,e8496dc530318be6311ba5f080794f6af452e7c0,13b17,2021-02-06T23:53:54.518Z,4,21.0,-0.8,1142,62,177,7.344,368.0,Standard,4646,False,False,False,False,155.493,9.33,1043395,3,27,11,0.001770679236809166,0.7421963877534395
1145,759661,379831,0,1.178093030654671e-20,NF,0.5,11,64,137,False,2022-11-06T17:56:42.000Z,376658,Ill,,RoughSketch,Sands,1128955,2021-08-27T11:21:04.000Z,,,,False,False,False,-1,0,3595,False,https://cdn.scoresaber.com/covers/CFDD76EA4BC3F545C7238B3E064CB086F3B0C9CD.png,cfdd76ea4bc3f545c7238b3e064cb086f3b0c9cd,,2021-08-27T11:12:37.238805Z,3,21.0,-0.4,1235,92,316,6.76,676.0,Lawless,1084,True,False,True,False,182.703,,1128955,40,2,42,0.0,0.6728886448086948
38,1217683,608842,0,1.136859774581757e-20,NF,0.5,35,37,258,False,2022-11-06T17:48:56.000Z,515495,Supersonic ?,,Remzcore,LittleMaiden,1605515,2022-09-03T20:13:38.000Z,,,,False,False,False,-1,0,65,False,https://cdn.scoresaber.com/covers/1E4D7BBE73AACDBCBA4DFF664832DA9507CACCB2.png,1e4d7bbe73aacdbcba4dff664832da9507caccb2,,2022-09-03T19:56:28.793562Z,2,20.5,-0.1,1753,905,275,9.503,657.932,Standard,0,False,False,False,False,184.467,,1605515,26,24,290,0.0,0.7584376352759084
432,950334,475167,0,1.097069682471395e-20,NF,0.5,29,50,101,False,2022-11-06T17:40:41.000Z,371698,Nhelv,,Silentroom,EOP Glacier,1397595,2021-08-01T03:55:36.000Z,,,,False,False,False,-1,0,845,False,https://cdn.scoresaber.com/covers/AEA859CC00CD7339D6C0A261C9763D6A032AEFB6.png,aea859cc00cd7339d6c0a261c9763d6a032aefb6,1ace7,2021-07-31T19:27:25.134Z,5,20.0,-0.5,1527,0,147,9.924,447.749,Standard,1679,False,False,False,False,153.875,,1397595,8,39,0,0.0,0.6799781052450817
431,504605,504605,279.2437,0.0005435795572096264,,1,5,5,181,False,2022-11-06T17:34:01.000Z,392310,Metal Bat,,RoomTone,ThyYeet vs. Jhintleman,592595,2021-11-04T03:06:40.000Z,2021-12-09T13:10:18.000Z,,,True,False,False,-1,8.86,1326,False,https://cdn.scoresaber.com/covers/169D407A1B6C02F8FC4EC56EB4CC5B152D658457.png,169d407a1b6c02f8fc4ec56eb4cc5b152d658457,,2021-11-01T03:59:17.623499Z,4,19.0,0.05,652,80,29,6.18,211.0,Standard,3235,False,False,False,False,105.5,8.82,592595,7,34,32,0.15179116679957774,0.8515174782102448
357,690698,690698,278.0489,0.0004389620704254583,,1,0,0,803,True,2022-11-06T17:31:43.000Z,392081,Metal Bat,,RoomTone,ThyYeet vs. Jhintleman,731515,2021-11-03T09:27:53.000Z,2021-12-09T13:10:34.000Z,,,True,False,False,-1,6.83,1775,False,https://cdn.scoresaber.com/covers/169D407A1B6C02F8FC4EC56EB4CC5B152D658457.png,169d407a1b6c02f8fc4ec56eb4cc5b152d658457,,2021-11-01T03:59:17.623499Z,4,18.0,-0.9,803,58,70,7.611,211.0,Standard,3096,False,False,False,False,105.5,6.26,731515,0,0,3,0.12205292082352122,0.9442021011189108
2091,1125716,1125716,289.1974,0.003591827806967509,,1,5,2,387,False,2022-11-06T17:28:27.000Z,347471,Der Herrgott hot glocht,(HARDSTYLE BUAMZ & HIGH LEVEL REMIX),Sandesh Manuel,"MonsterWook, FatBeanzoop & Fnyt",1231075,2021-04-11T13:08:51.000Z,2021-04-22T16:22:11.000Z,2021-04-11T21:46:48.000Z,,True,False,False,-1,7.99,5690,False,https://cdn.scoresaber.com/covers/7C0DDC059DC720D7AD1EFA93C0E448BCCAA5B877.png,7c0ddc059dc720d7ad1efa93c0e448bccaa5b877,168de,2021-04-11T12:54:30.590Z,4,21.0,-0.47,1346,264,213,7.878,569.5,Standard,1950,False,False,False,False,170.85,7.74,1231075,0,0,126,1.0387472630227055,0.9144170745080519
491,1607066,1607066,0,8.035325144892143e-23,,1,17,19,339,False,2022-11-06T17:24:37.000Z,365115,Halibo,,"Billx, Dr. Peacock",Exeiron,1893475,2021-06-28T18:55:31.000Z,,,,False,False,False,-1,0,1184,False,https://cdn.scoresaber.com/covers/D092BDF986B07C41300A16D5CA34309AF074431E.png,d092bdf986b07c41300a16d5ca34309af074431e,19b1e,2021-06-28T17:57:44.212Z,3,21.0,-0.4,2066,1059,210,7.535,914.0,Standard,100158,True,False,False,False,274.2,,1893475,0,0,263,0.0,0.848738958792696
1390,864637,864637,253.5286,1.079611702233233e-05,,1,15,24,162,False,2022-11-06T17:14:55.000Z,498713,Atomic,(LeKtriQue VIP),LeKtriQue & Seek N Destroy,A Jhintleman & GojiCrafter,1092155,2022-08-01T08:39:23.000Z,2022-08-11T05:20:23.000Z,2022-08-02T22:38:14.000Z,,True,False,False,-1,8.85,4700,False,https://cdn.scoresaber.com/covers/3EB725A7D0343654527475369AE950A6AB8154F7.png,3eb725a7d0343654527475369ae950a6ab8154f7,,2022-07-31T22:11:10.852182Z,4,18.0,-0.9,1195,679,639,4.914,526.875,Standard,5061,False,False,False,False,243.173,8.71,1092155,29,86,13,0.0027371244341080846,0.7916797524160948
44,5457,5457,0,9.858620600323453e-21,,1,0,0,14,True,2022-11-06T17:05:21.000Z,534277,Ohio,,,imkirbie,5635,2022-10-28T21:42:56.000Z,,,,False,False,False,-1,0,405,False,https://cdn.scoresaber.com/covers/080F300183090F5A0AF82F399106448099543437.png,080f300183090f5a0af82f399106448099543437,,2022-10-28T21:38:24.720103Z,1,16.0,0.0,14,0,0,2.557,9.125,Standard,0,False,False,False,False,5.475,,5635,3,0,0,0.0,0.9684117125110914
259,550190,550190,236.6804,9.921962410939466e-07,,1,0,1,332,False,2022-11-06T17:04:17.000Z,372986,Scream Saver VIP,,Subtronics,TheWildDash,585235,2021-08-08T09:09:38.000Z,2021-08-25T01:24:30.000Z,2021-08-08T19:51:42.000Z,,True,False,False,-1,5.96,1076,False,https://cdn.scoresaber.com/covers/A658A08966551FDC4CE1C669A84BC31E3F3EDB49.png,a658a08966551fdc4ce1c669a84bc31e3f3edb49,,2021-08-08T07:23:32.707341Z,4,18.0,-0.8,644,188,552,5.367,600.0,Standard,3295,False,False,False,False,120.0,3.37,585235,0,0,9,0.0002348334032206117,0.9401180722273959
686,570716,570716,181.1233,1.642621113022428e-11,,1,1,1,391,False,2022-11-06T17:01:32.000Z,514598,Trauma,,M2U,yabje,609155,2022-09-01T20:53:34.000Z,2022-10-26T00:32:26.000Z,2022-09-21T01:31:33.000Z,,True,False,False,-1,4.62,1964,False,https://cdn.scoresaber.com/covers/87EFECA37C255E63F8E1EC28C6ABD94A128631C0.png,87efeca37c255e63f8e1ec28c6abd94a128631c0,,2022-09-01T20:31:59.157501Z,3,15.0,-0.6,670,8,849,3.945,702.0,Standard,4345,False,False,False,False,169.839,2.88,609155,0,0,2,2.9751695664029515e-09,0.9368978338846434
189,289577,289577,193.3388,6.001761770968329e-10,,1,0,0,338,True,2022-11-06T16:58:16.000Z,519870,Downfall,,acloudyskye,Shark & Swifter,303715,2022-09-13T16:44:38.000Z,2022-10-26T00:31:47.000Z,2022-09-15T10:27:27.000Z,,True,False,False,-1,4.47,510,False,https://cdn.scoresaber.com/covers/1B1081B5AAC66165B4FB25D14003BB7BDDCF14A1.png,1b1081b5aac66165b4fb25d14003bb7bddcf14a1,,2022-09-12T22:53:32.596761Z,5,14.0,0.3,338,0,26,2.042,441.5,Standard,8495,True,False,False,False,165.563,1.42,303715,0,0,0,1.1603734186848914e-07,0.9534497802215893
1581,2199035,2199035,312.0973,0.1513378665188733,,1,8,30,291,False,2022-11-05T20:26:56.000Z,373279,Galaxy Collision,,ReeK,Jabob,2557715,2021-08-09T20:54:58.000Z,2021-08-25T01:27:37.000Z,2021-08-09T21:48:19.000Z,,True,False,False,-1,9.75,3160,False,https://cdn.scoresaber.com/covers/9A3B1FB40F1630D470B06E384094FE8014F4B38F.png,9a3b1fb40f1630d470b06e384094fe8014f4b38f,,2021-08-09T20:48:37.570381Z,7,21.25,-0.4,2788,319,832,9.049,1027.027,Standard,11827,False,False,False,False,308.108,9.75,2557715,1,0,48,47.232139528300756,0.8597654547125071
2453,2031225,2031225,310.9873,0.1312371711824227,,1,22,26,382,False,2022-11-05T20:21:14.000Z,371615,Villain Virus,[feat. Camellia],Kobaryo,cerret & muffn,2432595,2021-07-31T19:41:05.000Z,2021-08-25T01:15:44.000Z,2021-07-31T20:01:04.000Z,,True,False,False,-1,10.15,5446,False,https://cdn.scoresaber.com/covers/3BEE5A9667080FDEF8827C62B4227A698AACBF5E.png,3bee5a9667080fdef8827c62b4227a698aacbf5e,1ace8,2021-07-31T19:31:11.658Z,7,22.0,-0.05,2652,62,76,10.116,1136.0,Standard,9291,False,False,False,False,262.154,10.15,2432595,0,0,5,40.81309352565945,0.8350033606087327
2477,1397176,1397176,316.8305,0.267615087159749,,1,13,39,203,False,2022-11-05T20:13:20.000Z,277079,Chocolate Lily,,Kobaryo,Rogdude,1787675,2020-07-06T16:31:21.000Z,2020-07-09T06:44:15.000Z,2020-07-07T04:42:59.000Z,,True,False,False,-1,11.2,4522,False,https://cdn.scoresaber.com/covers/518FD81AC6FDBFD050AB8FAC7C6AE7D73E16257A.png,518fd81ac6fdbfd050ab8fac7c6ae7d73e16257a,ba40,2020-07-06T16:27:28.733Z,5,23.0,0.2,1951,161,14,15.082,608.0,Standard,12215,False,False,False,False,129.362,11.2,1787675,2,0,0,84.78862187236686,0.7815604066734725
1602,1583579,1583579,329.1728,0.7520011534839748,,1,12,22,315,False,2022-11-05T20:10:06.000Z,354322,ListENiNg to spEEDcorE turNs you iNto A fuckiNg idiot,(Kobaryo's FTN-Remix),kenta-v.ez.,Emilia,1882435,2021-05-07T20:33:38.000Z,2021-05-18T06:47:15.000Z,2021-05-09T15:14:32.000Z,,True,False,False,-1,10.63,3337,False,https://cdn.scoresaber.com/covers/1209AA9835B057B2BD169EC0C3E9D4C7DE27B4DA.png,1209aa9835b057b2bd169ec0c3e9d4c7de27b4da,17a70,2021-05-07T20:15:50.628Z,8,22.0,-1.5,2054,16,100,9.446,1268.443,Standard,9282,False,False,False,False,217.447,10.63,1882435,0,0,5,247.53832529554973,0.8412396709580942
1805,1289966,1289966,304.2751,0.05783424460942944,,1,8,9,336,False,2022-11-05T20:02:09.000Z,321378,Climax,,USAO,Timbo,1467515,2021-01-14T12:09:41.000Z,2021-01-22T05:29:34.000Z,2021-01-14T22:22:00.000Z,,True,False,False,-1,9.16,6311,False,https://cdn.scoresaber.com/covers/FD34B0279836820254C31552C5753291ACBCBB95.png,fd34b0279836820254c31552c5753291acbcbb95,12b62,2021-01-14T11:56:39.803Z,7,21.0,-0.3,1603,4,111,10.575,480.031,Standard,7808,False,False,False,False,151.589,9.13,1467515,0,0,1,17.597520561958603,0.8790138431293718
2171,1006001,1006001,294.6779,0.01045914317304549,,1,25,22,147,False,2022-11-05T19:58:54.000Z,327102,SAtAN,,P*Light,"Sombra, Fnyt & Slamsyk",1306515,2021-01-31T20:38:48.000Z,2021-02-07T23:23:46.000Z,2021-01-31T21:02:38.000Z,,True,False,False,-1,10.57,4156,False,https://cdn.scoresaber.com/covers/4919283D28DEDC793D4E090F309B4662358E5984.png,4919283d28dedc793d4e090f309b4662358e5984,13735,2021-01-31T20:35:21.123Z,7,22.666,0.2666,1428,30,141,12.439,574.0,Standard,1666,False,False,False,False,114.8,10.57,1306515,0,0,6,3.082078346032382,0.7699880981083264
936,876657,876657,325.2033,0.6292961481220457,,1,1,2,330,False,2022-11-05T19:55:56.000Z,327106,SAtAN,,P*Light,"Sombra, Fnyt & Slamsyk",955995,2021-01-31T20:43:15.000Z,2021-02-07T23:23:42.000Z,2021-01-31T21:02:42.000Z,,True,False,False,-1,8.92,3710,False,https://cdn.scoresaber.com/covers/4919283D28DEDC793D4E090F309B4662358E5984.png,4919283d28dedc793d4e090f309b4662358e5984,13735,2021-01-31T20:35:21.123Z,7,22.0,-1.25,1047,16,61,9.12,574.0,Standard,1636,False,False,False,False,114.8,8.59,955995,0,0,3,204.64918404657809,0.9170100262030659
344,981514,981514,0,9.513568879312131e-21,,1,6,3,248,False,2022-11-05T19:46:28.000Z,403615,La Lune,☆the sky remix☆,Madeon,TzurS11 & Tomerisnice,1104115,2021-12-19T14:00:50.000Z,,,,False,False,False,-1,0,955,False,https://cdn.scoresaber.com/covers/556237FC9A8541E27FE324708D77301B64B03778.png,556237fc9a8541e27fe324708d77301b64b03778,,2021-12-13T21:20:21.251905Z,4,18.0,-0.4,1208,24,42,7.792,478.0,Standard,14187,True,False,False,False,155.027,,1104115,0,4,5,0.0,0.8889599362385259
64,1361068,680534,0,9.180593968536206e-21,NF,0.5,41,55,131,False,2022-11-05T19:42:58.000Z,527427,Attractor Dimension,,Laur,Soba`s,1873235,2022-09-30T12:08:32.000Z,,,,False,False,False,-1,0,117,False,https://cdn.scoresaber.com/covers/BBA39C468C7842AFC5AEE3F382E23AE4BF538CD5.png,bba39c468c7842afc5aee3f382e23ae4bf538cd5,,2022-09-30T12:01:11.367977Z,5,22.0,0.19697,2044,65,75,13.645,724.0,Standard,9407,False,False,False,False,149.793,,1873235,0,0,8,0.0,0.7265868937960267
2306,1315774,1315774,315.7341,0.2404875144564255,,1,8,22,373,False,2022-11-05T19:36:13.000Z,357276,Haunted Bus,,iFeature & ReeK,"Dexty, Atomo, & Jabob",1549395,2021-05-19T23:45:51.000Z,2021-06-03T15:56:45.000Z,2021-05-21T21:14:18.000Z,,True,False,False,-1,10.06,5884,False,https://cdn.scoresaber.com/covers/A060F2B4D6E4157A28FCA33139205955A7A98847.png,a060f2b4d6e4157a28fca33139205955a7a98847,181a2,2021-05-19T23:24:52.653Z,4,20.0,-0.75,1692,494,266,6.814,620.815,Standard,14802,True,False,False,False,248.326,10.06,1549395,0,18,20,75.9301089381365,0.8492179205431798
2325,1172676,1172676,305.27,0.0643580871420877,,1,14,19,337,False,2022-11-05T19:31:25.000Z,365300,Release The Kraken,(Sefa Remix),"Destructive Tendencies, Warface","Jabob, Daan, & lobster",1418755,2021-06-29T17:59:38.000Z,2021-07-11T08:30:55.000Z,2021-07-01T20:42:10.000Z,,True,False,False,-1,10.11,4771,False,https://cdn.scoresaber.com/covers/B666A3E654179B794828E726FC80B506FDEB523F.png,b666a3e654179b794828e726fc80b506fdeb523f,19b97,2021-06-29T17:50:42.222Z,4,21.0,-0.37,1550,573,733,8.618,599.533,Standard,6319,False,False,False,False,179.86,10.11,1418755,15,18,104,19.64659326186511,0.8265528579634962
1007,554589,554589,184.9056,4.14789022053779e-11,,1,0,0,640,True,2022-11-05T19:23:03.000Z,398628,Empty Bed,,Saint Punk,Timbo,581555,2021-11-25T21:14:31.000Z,2021-12-09T13:09:24.000Z,,,True,False,False,-1,4.27,6397,False,https://cdn.scoresaber.com/covers/C6B80ADE344B636D2597CB36C6BC8F4110165778.png,c6b80ade344b636d2597cb36c6bc8f4110165778,,2021-11-25T09:33:48.710006Z,5,17.0,-1.6,640,0,124,3.044,862.0,Standard,4719,False,False,False,False,210.244,3.61,581555,0,0,0,7.669681299626724e-09,0.9536312128689461
4617,1108719,1108719,218.4893,7.63069575653338e-08,,1,14,16,234,False,2022-11-05T19:18:31.000Z,86599,g a r d e n (Short Ver.),,DM DOKURO,BlackBlazon & Kolezan,1406795,2018-11-09T11:35:33.000Z,1970-01-01T00:00:52.000Z,,,True,False,False,-1,7.66,11746,False,https://cdn.scoresaber.com/covers/4CE7BCA5960C90FE634D73F4BB8375EC6A31ADAE.png,4ce7bca5960c90fe634d73f4bb8375ec6a31adae,1f11,2018-11-09T00:36:16Z,5,17.0,0.0,1537,0,0,7.825,311.0,Standard,2529,False,False,False,False,196.421,6.62,1406795,31,29,0,1.6672253743579485e-05,0.7881169608933782
215,861316,861316,0,8.859273179637439e-21,,1,4,8,260,False,2022-11-05T19:14:16.000Z,385998,Tripping on Mushrooms,,S3RL,That_Narwhal & Alice,967035,2021-10-16T05:11:53.000Z,,,,False,False,False,-1,0,1239,False,https://cdn.scoresaber.com/covers/E5E1D55D1DC5FA92A65B7716D3C0E48682056B93.png,e5e1d55d1dc5fa92a65b7716d3c0e48682056b93,,2021-10-16T04:00:33.139160Z,7,20.0,-0.55,1059,19,316,6.44,479.625,Standard,19133,True,False,False,False,164.443,,967035,0,18,6,0.0,0.8906771730082158
1983,649100,649100,274.5606,0.0002311631670001887,,1,15,15,154,False,2022-11-05T18:56:20.000Z,419540,Chakra,,uma,Jabob,849275,2022-02-17T19:01:45.000Z,2022-06-14T04:33:04.000Z,2022-03-03T06:24:56.000Z,,True,False,False,-1,9.92,6003,False,https://cdn.scoresaber.com/covers/8E6BC0438A81C60AEEC4E9AFB937145FC9ECD947.png,8e6bc0438a81c60aeec4e9afb937145fc9ecd947,,2022-02-17T18:32:52.192437Z,8,19.0,-0.7,931,79,181,8.001,320.0,Standard,3929,False,False,False,False,116.364,9.92,849275,3,58,9,0.06346829782947201,0.7642989608783963
52,649238,649238,0,8.549198618350128e-21,,1,1,0,450,False,2022-11-05T18:53:53.000Z,414240,La Di Da,,Standy & Marc Korn,Sickmindedone & the_salami_man,689195,2022-01-28T17:30:11.000Z,,,,False,False,False,-1,0,427,False,https://cdn.scoresaber.com/covers/A8D2D2F340D88B0C38DF602CA83AD0424CB06C60.png,a8d2d2f340d88b0c38df602ca83ad0424cb06c60,,2022-01-28T17:16:39.943660Z,7,18.0,-0.7,757,4,16,4.746,353.562,Standard,4496,True,False,False,False,159.502,,689195,0,0,1,0.0,0.9420236652906652
508,514132,514132,204.6551,8.684208703765214e-09,,1,0,0,596,True,2022-11-05T18:40:30.000Z,393061,Illuyanka,,PSYQUI,nolan121405,541075,2021-11-06T16:25:13.000Z,2022-01-04T12:12:24.000Z,,,True,False,False,-1,4.85,2403,False,https://cdn.scoresaber.com/covers/D2691A9BFEABF796FE592F5C308CEB265F7F87AD.png,d2691a9bfeabf796fe592f5c308ceb265f7f87ad,,2021-11-06T01:31:36.682499Z,5,18.0,-1.56,596,36,15,4.464,543.0,Standard,3576,False,False,False,False,133.525,4.13,541075,0,0,0,1.7772676006899404e-06,0.9502046851175899
117,395628,395628,170.825,9.499975125115233e-13,,1,1,0,431,False,2022-11-05T18:37:20.000Z,457941,Origins,(ft. Mutrix),Jaroslav Beck & Jan Ilavsky,Fatalution & AkaBaka,420555,2022-05-17T22:57:11.000Z,2022-09-20T20:27:49.000Z,2022-08-17T08:34:03.000Z,,True,False,False,-1,4.29,632,False,https://cdn.scoresaber.com/covers/83553666498BED97C2EC8250461020ED2C2EF696.png,83553666498bed97c2ec8250461020ed2c2ef696,,2022-05-17T22:45:44.839326Z,6,15.0,0.125,465,0,245,3.276,414.0,Standard,6631,False,False,False,False,141.943,2.4,420555,0,0,0,1.6228332507478096e-10,0.9407283232870849
358,377973,377973,178.7609,1.150298448599266e-11,,1,1,0,391,False,2022-11-05T18:32:12.000Z,403863,Stardust,,Geoxor,Elecast,399395,2021-12-21T00:41:29.000Z,2022-01-04T12:11:32.000Z,,,True,False,False,-1,4.34,844,False,https://cdn.scoresaber.com/covers/E732B9B20B1BB211215D412DD765B92A077B4045.png,e732b9b20b1bb211215d412dd765b92a077b4045,,2021-12-21T00:28:38.148593Z,7,12.0,-0.1,442,0,8,1.777,912.0,Standard,3283,False,False,False,False,248.727,1.26,399395,0,0,0,2.0562838594020854e-09,0.9463638753614843
1826,1165275,1165275,232.7183,6.470313706752261e-07,,1,11,20,266,False,2022-11-03T16:28:56.000Z,403871,Stardust,,Geoxor,Elecast,1388395,2021-12-21T01:00:23.000Z,2022-01-04T12:11:51.000Z,,,True,False,False,-1,7.54,4158,False,https://cdn.scoresaber.com/covers/E732B9B20B1BB211215D412DD765B92A077B4045.png,e732b9b20b1bb211215d412dd765b92a077b4045,,2021-12-21T00:28:38.148593Z,7,19.0,-0.1,1517,370,11,6.098,912.125,Standard,3283,False,False,False,False,248.761,7.18,1388395,22,8,95,0.00015057604063020846,0.839296453818978
2650,2290676,2290676,291.9039,0.00591470544588271,,1,12,39,315,False,2022-11-03T16:11:55.000Z,361130,Powerful,,Icecore & Kou!,cerret,2719635,2021-06-09T00:17:05.000Z,2021-06-20T11:15:15.000Z,2021-06-11T00:28:20.000Z,,True,False,False,-1,9.41,5195,False,https://cdn.scoresaber.com/covers/5DDAF3976D3F53ABE71853C986862B08605C4D67.png,5ddaf3976d3f53abe71853c986862b08605c4d67,18f62,2021-06-09T00:03:59.532Z,5,22.0,-0.4,2964,12,292,10.803,1006.0,Standard,13747,False,False,False,False,274.364,9.38,2719635,0,0,4,1.7265255870044023,0.8422733197653361
1574,589901,589901,286.3686,0.002181212084514828,,1,18,10,157,False,2022-11-03T16:03:19.000Z,406803,Lotus,,Mr Bill & Bandoum,Checkthepan,759115,2022-01-03T17:04:44.000Z,2022-01-12T15:56:26.000Z,,,True,False,False,-1,10.18,4811,False,https://cdn.scoresaber.com/covers/487219D2A9B4694DB8BA2A2AFFDE87BA1415C733.png,487219d2a9b4694db8ba2a2affde87ba1415c733,,2022-01-03T12:36:58.112678Z,5,19.0,-0.6,833,12,0,6.365,349.0,Standard,15167,True,False,False,False,130.875,10.18,759115,0,6,0,0.624630650945593,0.777090427669062
1382,1335154,1335154,291.794,0.005707690755276815,,1,31,25,133,False,2022-11-03T15:54:27.000Z,359654,Wild Ride,,e_ku,abcbadq,1705795,2021-05-31T17:33:58.000Z,2021-06-26T18:33:21.000Z,2021-06-15T20:51:48.000Z,,True,False,False,-1,10.3,2441,False,https://cdn.scoresaber.com/covers/A256C322C34F3C603893A5EE82C16971351A9919.png,a256c322c34f3c603893a5ee82c16971351a9919,1895f,2021-05-31T16:24:54.763Z,4,20.0,-0.15,1862,43,46,11.479,589.367,Standard,6988,False,False,False,False,162.211,10.25,1705795,0,0,14,1.6654699162452429,0.7827165632447041
1182,1435646,1435646,241.602,1.88410862297366e-06,,1,9,9,305,False,2022-11-03T15:41:26.000Z,410373,Clip it Bro,,P*Light,Timbo & abcbadq,1624835,2022-01-15T13:48:42.000Z,2022-06-14T04:58:37.000Z,2022-04-19T13:36:27.000Z,,True,False,False,-1,7.2,3137,False,https://cdn.scoresaber.com/covers/EE0D6AE04DF858C20A12B6E817C6E2BD23336196.png,ee0d6ae04df858c20a12b6e817c6e2bd23336196,,2022-01-15T11:43:17.828049Z,6,19.0,-0.3,1774,0,311,7.382,801.0,Standard,5829,False,False,False,False,240.3,5.93,1624835,0,0,0,0.0004552044115276822,0.8835641772856936
1134,1111050,1111050,268.8596,0.0001174728727367329,,1,0,1,1186,False,2022-11-03T15:28:16.000Z,372842,Revenant,,Juggernaut.,Shan_Man,1199795,2021-08-07T16:24:27.000Z,2021-08-25T01:23:54.000Z,2021-08-07T18:24:03.000Z,,True,False,False,-1,7.16,5924,False,https://cdn.scoresaber.com/covers/38319743FFE8CD96F9858B7D23CE92E63BB3A0D1.png,38319743ffe8cd96f9858b7d23ce92e63bb3a0d1,,2021-08-07T05:15:45.619305Z,5,20.0,-0.25,1312,69,93,7.175,640.0,Standard,5675,False,False,False,False,182.857,7.16,1199795,0,0,13,0.03158370957484891,0.9260331973378786
259,312255,312255,0,8.249976666707874e-21,,1,4,4,110,False,2022-11-03T15:17:58.000Z,317511,Nyan Cat,,Daniwell,COCOAGALAXY,373635,2021-01-02T18:50:06.000Z,,,,False,False,False,-1,0,1468,False,https://cdn.scoresaber.com/covers/0E80CD039E1B642E520D586FE2ABD5444790ADA3.png,0e80cd039e1b642e520d586fe2abd5444790ada3,12345,2021-01-02T16:30:31.991Z,3,18.0,-0.5,414,0,0,9.647,103.0,Standard,5,False,False,False,False,42.917,,373635,0,0,0,0.0,0.8357220281825846
1005,1321086,1321086,244.1114,2.596331348481408e-06,,1,2,3,707,False,2022-11-03T15:06:06.000Z,394103,Mystery Circles Ultra / U.U.F.O.,,Camellia,cerret & Nolanimations,1425195,2021-11-09T23:37:41.000Z,2022-01-16T21:10:50.000Z,,,True,False,False,-1,6.48,5060,False,https://cdn.scoresaber.com/covers/74DA5649F0C327C6D9E092D5CBAD1204E1855559.png,74da5649f0c327c6d9e092d5cbad1204e1855559,,2021-11-09T23:13:01.936586Z,5,19.0,-0.22,1557,19,231,6.865,756.0,Standard,8548,False,False,False,False,226.8,6.48,1425195,0,0,5,0.0006337940803416844,0.9269510488038479
675,613813,613813,202.0022,5.089087901074965e-09,,1,1,3,326,False,2022-11-03T15:01:47.000Z,507752,Vicious Heroism,,Kobaryo,ThySpoon,673555,2022-08-18T23:40:32.000Z,2022-09-20T20:26:40.000Z,2022-08-22T02:57:18.000Z,,True,False,False,-1,5.63,2390,False,https://cdn.scoresaber.com/covers/3959A6F1D7B3209F1CCD5B63F97E4EB9A2544588.png,3959a6f1d7b3209f1ccd5b63f97e4eb9a2544588,,2022-08-18T23:22:43.651061Z,2,17.0,-1.0,740,14,222,5.638,560.0,Standard,6122,False,False,False,False,131.25,5.12,673555,0,0,0,1.0280069520105252e-06,0.9113034570302351
271,295052,295052,183.5775,3.119218230369317e-11,,1,0,0,343,True,2022-11-03T14:54:51.000Z,506696,Archangel,,Amaranthe,SlimyBlob,308315,2022-08-16T16:27:54.000Z,2022-09-20T20:27:30.000Z,2022-08-17T08:36:19.000Z,,True,False,False,-1,4.12,785,False,https://cdn.scoresaber.com/covers/14226BF0922E1AF784B0DD9316E53793CA415018.png,14226bf0922e1af784b0dd9316e53793ca415018,,2022-08-16T15:42:52.778746Z,5,12.0,-1.0,343,35,112,1.851,556.0,Standard,5846,False,False,False,False,185.333,1.35,308315,0,0,29,5.726182846856232e-09,0.9569823070560952
167,1317160,658580,0,7.413694063204113e-21,NF,0.5,28,137,170,False,2022-11-02T19:47:37.000Z,526270,GHOST,,Camellia,Jevk,2095875,2022-09-27T18:36:01.000Z,,,,False,False,False,-1,0,412,False,https://cdn.scoresaber.com/covers/86DADC47643DD83B9233805CC5AA65BD7CBA5901.png,86dadc47643dd83b9233805cc5aa65bd7cba5901,,2022-09-27T18:24:14.677596Z,3,20.0,0.0,2286,97,36,7.277,1151.875,Lawless,143638,True,False,True,False,314.148,,2095875,0,0,0,0.0,0.6284535098705791
777,1488610,1488610,285.7798,0.001825300874424376,,1,26,43,257,False,2022-11-02T19:41:25.000Z,485285,MORE,(Slax Remix),K/DA,Anammelech,1950515,2022-07-07T09:14:35.000Z,2022-08-11T05:13:40.000Z,2022-07-08T23:59:22.000Z,,True,False,False,-1,10.34,1972,False,https://cdn.scoresaber.com/covers/E7732C4AD4AE092257EB1B61C53F10990FC33E11.png,e7732c4ad4ae092257eb1b61c53f10990fc33e11,,2022-07-07T09:09:21.912576Z,5,21.5,-1.7,2128,113,113,10.788,1052.0,Standard,8853,False,False,False,False,197.25,10.34,1950515,0,0,4,0.5216341188328233,0.7631881836335532
706,1419377,709689,43.24922,3.292799520119244e-15,NF,0.5,48,206,149,False,2022-11-02T19:20:58.000Z,371964,D E A T H W I S H,(feat. Duncan Bentley of Vulvodynia),Within Destruction,Helloiamdaan,2231115,2021-08-02T12:25:07.000Z,2021-08-25T01:21:26.000Z,2021-08-02T15:23:50.000Z,,True,False,False,-1,10.63,1345,False,https://cdn.scoresaber.com/covers/4D29D911D8DB88784D0960FD11B3CE7536F83882.png,4d29d911d8db88784d0960fd11b3ce7536f83882,1adae,2021-08-02T10:59:56.282Z,5,23.0,-1.7,2433,231,90,10.071,1368.968,Standard,8756,False,False,False,False,241.583,10.51,2231115,0,0,76,1.424110108615316e-13,0.6361738413304558
430,734422,734422,277.7937,0.0004235983979605672,,1,1,1,753,False,2022-11-02T19:09:40.000Z,386668,Home Haruka no Undoukai,,DJ-Technetium,Alice,793155,2021-10-17T16:35:56.000Z,2022-01-16T21:07:34.000Z,,,True,False,False,-1,7.4,2680,False,https://cdn.scoresaber.com/covers/C0BF806E39E3AE5C025C620BE664B7A3C81B4B78.png,c0bf806e39e3ae5c025c620be664b7a3c81b4b78,,2021-10-17T16:21:54.639583Z,1,18.0,-0.1,870,16,339,6.784,427.5,Standard,33048,True,False,False,False,128.25,7.14,793155,0,0,8,0.11767296628353842,0.9259501610656177
939,1298575,1298575,312.8029,0.1684091435289756,,1,10,16,373,False,2022-11-02T19:05:26.000Z,340601,PROJECTION,,Passcode,abcbadq & altrewin,1524555,2021-03-17T13:49:48.000Z,2021-04-08T13:48:33.000Z,2021-03-23T05:34:54.000Z,,True,False,False,-1,9.92,1871,False,https://cdn.scoresaber.com/covers/97E1B67ED8641899E89DE59603D97D89DAE770D7.png,97e1b67ed8641899e89de59603d97d89dae770d7,158ce,2021-03-17T13:45:03.010Z,7,21.0,-0.25,1665,0,88,8.642,674.346,Standard,5824,False,False,False,False,192.67,9.92,1524555,0,0,0,52.678868482379805,0.85177314035899
370,2175883,2175883,334.9724,0.8368287006031249,,1,1,2,1193,False,2022-11-02T19:01:26.000Z,348427,GHOST,(2020 Halloween+++++++++ VIP),Camellia,Foxy vs. Narwhal,2340595,2021-04-15T02:25:04.000Z,2021-04-29T19:05:10.000Z,2021-04-16T22:49:32.000Z,,True,False,False,-1,8.81,2961,False,https://cdn.scoresaber.com/covers/0115B6CFD65270EB2A3A2C1909FCD0FE311D7A07.png,0115b6cfd65270eb2a3a2c1909fcd0fe311d7a07,16afb,2021-04-14T22:51:35.238Z,4,19.0,0.4,2552,43,206,8.492,1152.0,Standard,13901,False,False,False,False,300.522,8.81,2340595,0,0,6,280.31451822991016,0.9296281501071308
2088,1087373,543687,55.25353,2.099640764077243e-14,NF,0.5,14,49,560,False,2022-11-02T18:53:59.000Z,321589,666,,RoughSketch,cerret,1358035,2021-01-15T00:02:48.000Z,2021-01-22T05:31:53.000Z,2021-01-15T01:10:19.000Z,,True,False,False,-1,10.79,4550,False,https://cdn.scoresaber.com/covers/3DE687620B5722A9AA411AC6592D80E79537755B.png,3de687620b5722a9aa411ac6592d80e79537755b,12bd2,2021-01-15T00:00:23.551Z,4,23.0,-1.5,1484,0,87,12.71,648.0,Standard,4825,False,False,False,False,116.757,10.79,1358035,0,0,0,1.1601256394716485e-12,0.8006958583541661
378,742477,742477,242.8114,2.096640628080885e-06,,1,1,1,522,False,2022-11-02T18:45:38.000Z,505320,GAKKY,,Getty,SlimyBlob & Bitz,800515,2022-08-13T23:06:42.000Z,2022-09-20T20:27:03.000Z,2022-08-17T08:30:41.000Z,,True,False,False,-1,6.43,1459,False,https://cdn.scoresaber.com/covers/C288A19FE48FA676E7BE8846B6FFB3021FB273C7.png,c288a19fe48fa676e7be8846b6ffb3021fb273c7,,2022-08-13T22:57:17.632953Z,6,18.0,-0.9,878,4,66,6.817,644.0,Standard,6517,False,False,False,False,128.8,5.89,800515,0,0,2,0.000509088246201199,0.9274991724077625
852,720529,360265,0,2.447260286422799e-24,NF,0.5,24,72,191,False,2022-11-02T18:37:55.000Z,304281,Pineapple Pricess,,Breakmaster Cylider,Astrella,1162995,2020-11-03T19:07:38.000Z,,,,False,False,False,-1,0,2699,False,https://cdn.scoresaber.com/covers/12A73D49D78EFB7C75DE2D6ACAA0A713DC74C17E.png,12a73d49d78efb7c75de2d6acaa0a713dc74c17e,108e1,2020-11-03T05:27:23.060Z,5,22.0,-0.2,1272,8,33,11.357,448.0,Standard,0,False,False,False,False,112.0,,1162995,6,0,1,0.0,0.6195460857527333
94,717211,358606,0,3.002568065265905e-22,NF,0.5,154,260,64,False,2022-11-02T18:35:41.000Z,160361,Glucagon,,EZFG,BananenTropfen,1863115,2019-06-28T04:34:26.000Z,,,,False,False,False,-1,0,170,False,https://cdn.scoresaber.com/covers/62D3483C43C0E1D3F544DB190FCE650C91B8360B.png,62d3483c43c0e1d3f544db190fce650c91b8360b,54b3,2019-06-27T15:39:31.263Z,4,23.0,0.0,2033,9,0,10.097,919.5,Standard,0,False,False,False,False,201.35,,1863115,70,176,3,0.0,0.3849526196718936
1064,1097310,1097310,231.4138,5.414544211716082e-07,,1,1,2,764,False,2022-11-02T18:31:31.000Z,275215,Falling,,Dropgun x Asketa & Natan Chaim,Teuflum,1185995,2020-06-28T12:25:26.000Z,2020-07-12T22:21:17.000Z,2020-07-08T22:13:07.000Z,,True,False,False,-1,6.18,11881,False,https://cdn.scoresaber.com/covers/2DDDD6672560CB2C1D4C689FF31B5EA58EF1641E.png,2dddd6672560cb2c1d4c689ff31b5ea58ef1641e,b724,2020-06-28T11:22:49.373Z,7,20.0,0.325,1297,16,39,6.948,392.0,Standard,9228,False,False,False,False,186.667,5.65,1185995,0,0,2,0.0001253000251301223,0.9252231248866986
667,407120,407120,209.4566,2.1929064511522e-08,,1,0,1,383,False,2022-11-02T18:21:29.000Z,347783,Der Wald,,Erehamonika,miitchel,434355,2021-04-12T12:08:06.000Z,2021-04-25T18:14:32.000Z,2021-04-12T12:25:06.000Z,,True,False,False,-1,5.34,2626,False,https://cdn.scoresaber.com/covers/D0236D2C8D43BDE7AF15060A7EB052494FECAFC4.png,d0236d2c8d43bde7af15060a7eb052494fecafc4,1696d,2021-04-12T11:58:28.800Z,5,18.0,-0.44,480,0,10,4.224,303.0,Standard,561,False,False,False,False,113.625,4.43,434355,0,0,0,4.593187293764059e-06,0.9372978324181833
241,256768,256768,174.2265,2.669502802691845e-12,,1,0,0,300,True,2022-11-02T18:19:13.000Z,347781,Der Wald,,Erehamonika,miitchel,268755,2021-04-12T12:07:31.000Z,2021-04-25T18:14:25.000Z,2021-04-12T12:25:09.000Z,,True,False,False,-1,3.97,629,False,https://cdn.scoresaber.com/covers/D0236D2C8D43BDE7AF15060A7EB052494FECAFC4.png,d0236d2c8d43bde7af15060a7eb052494fecafc4,1696d,2021-04-12T11:58:28.800Z,5,15.0,0.05,300,0,2,2.64,303.0,Standard,544,False,False,False,False,113.625,1.75,268755,0,0,0,4.6509813005319073e-10,0.9553980391062492
561,135737,135737,169.6923,6.893952523330272e-13,,1,0,0,164,True,2022-11-02T18:16:52.000Z,280329,Granat,,Drop,Rigid,143635,2020-07-19T12:07:49.000Z,2020-07-28T04:40:55.000Z,2020-07-22T22:36:51.000Z,,True,False,False,-1,4.15,2457,False,https://cdn.scoresaber.com/covers/ED2650077F3DB44A65F890709EE5B4982CDD1494.png,ed2650077f3db44a65f890709ee5b4982cdd1494,c344,2020-07-19T12:03:15.489Z,3,16.0,0.3,164,0,0,3.926,126.0,Standard,923,False,False,False,False,41.768,2.25,143635,0,0,0,1.1698506597747175e-10,0.9450134020259686
453,360453,360453,205.4004,1.075390936928409e-08,,1,0,0,419,True,2022-11-02T18:13:59.000Z,414585,BATTLE NO.1,,TANO*C Sound Team,"Bitz, HypersonicSharkz & Luck",378235,2022-01-29T17:24:02.000Z,2022-06-14T05:00:55.000Z,2022-06-06T17:25:58.000Z,,True,False,False,-1,4.77,1306,False,https://cdn.scoresaber.com/covers/BDEBD0E4B5DF0A8AD592E04D294C8E3DF4248667.png,bdebd0e4b5df0a8ad592e04d294c8e3df4248667,,2022-01-29T16:40:24.157836Z,5,15.1,0.69,419,4,447,3.333,419.0,Standard,17719,True,False,False,False,125.7,1.97,378235,0,0,1,2.2088572860147e-06,0.9529868996787711
394,346414,346414,177.8058,9.626027560471138e-12,,1,0,0,402,True,2022-11-01T19:55:40.000Z,408614,Chou*Chou*Kou*Soku*De*Mae*Sai*Soku!!! Speed*Star*Kanade,(feat. Nanahira),Camellia,spectre158,362595,2022-01-09T18:41:30.000Z,2022-01-21T09:07:18.000Z,,,True,False,False,-1,4.05,2096,False,https://cdn.scoresaber.com/covers/1D0ED8A10ECFCBCA37ADF30169A2EF7ED7B7BA7E.png,1d0ed8a10ecfcbca37adf30169a2ef7ed7b7ba7e,,2022-01-09T18:37:41.134436Z,6,16.0,-0.68,402,4,145,3.475,481.99,Standard,2278,False,False,False,False,115.678,2.68,362595,0,0,0,1.711563531211619e-09,0.9553744535914725
1490,1101366,1101366,344.1332,0.965,,1,0,1,821,False,2022-11-01T19:52:46.000Z,371613,Venomous Firefly,,Camellia,ComplexFrequency,1188755,2021-07-31T19:28:21.000Z,2021-08-25T01:22:19.000Z,2021-08-04T07:08:21.000Z,,True,False,False,-1,9.15,6390,False,https://cdn.scoresaber.com/covers/61CAADA06A65088BD514E00D88397CCDEF8C7714.png,61caada06a65088bd514e00d88397ccdef8c7714,1ace5,2021-07-31T19:17:50.528Z,6,20.0,0.5,1300,62,162,10.926,523.5,Standard,7185,False,False,False,False,118.977,9.13,1188755,0,0,0,332.08853799999997,0.9264869548393067
1008,1141539,1141539,298.5125,0.01784787056991143,,1,0,2,986,False,2022-11-01T19:17:41.000Z,406576,Just Don't Mind,(Fvrwvrd Bootleg),Fox Stevenson,Jaack & Joshabi,1220035,2022-01-02T17:12:47.000Z,2022-01-12T15:47:18.000Z,,,True,False,False,-1,7.66,4996,False,https://cdn.scoresaber.com/covers/9BDEBDDD9CD1A3664C8C14EFDBFCE493B6617ACD.png,9bdebddd9cd1a3664c8c14efdbfce493b6617acd,,2022-01-02T15:44:10.564634Z,1,19.0,-0.55,1334,72,42,9.204,831.0,Standard,1512,False,False,False,False,144.942,7.66,1220035,15,1,19,5.327812463500686,0.9356608621883798
1213,727337,727337,281.1351,0.0006975445054532988,,1,4,2,234,False,2022-11-01T19:14:06.000Z,406985,Imprinting,,Sakuzyo,SlimyBlob & Shad,802355,2022-01-04T03:21:44.000Z,2022-01-12T15:55:04.000Z,,,True,False,False,-1,7.94,5064,False,https://cdn.scoresaber.com/covers/29B174C6B887A7BA3EEBA99FB529623F5A7C8115.png,29b174c6b887a7ba3eeba99fb529623f5a7c8115,,2022-01-04T03:10:13.332472Z,5,18.0,-0.25,880,13,121,7.921,324.0,Standard,9262,True,False,False,False,111.093,7.94,802355,0,0,3,0.19610424429506373,0.9065027325809648
1601,1188934,1188934,328.162,0.7256811131120356,,1,3,3,519,False,2022-11-01T19:08:17.000Z,401813,Knight Rider,,USAO,"Nolanimations, Timbo",1303755,2021-12-08T04:31:24.000Z,2022-01-04T12:10:59.000Z,,,True,False,False,-1,9.13,6770,False,https://cdn.scoresaber.com/covers/E22E733D1DFC92373BA5AB954BA37AB3C39D4562.png,e22e733d1dfc92373ba5ab954ba37ab3c39d4562,,2021-12-07T22:36:06.066068Z,6,20.0,-0.35,1425,8,13,11.203,424.0,Standard,5619,False,False,False,False,127.2,9.13,1303755,0,0,4,238.1409654410718,0.9119305390966861
1210,769333,769333,243.0287,2.172684588684855e-06,BE,1,0,1,572,False,2022-11-01T19:05:32.000Z,401751,Knight Rider,,USAO,"Nolanimations, Timbo",821675,2021-12-07T22:51:55.000Z,2022-01-04T12:10:56.000Z,,,True,False,False,-1,6.22,8886,False,https://cdn.scoresaber.com/covers/E22E733D1DFC92373BA5AB954BA37AB3C39D4562.png,e22e733d1dfc92373ba5ab954ba37ab3c39d4562,,2021-12-07T22:36:06.066068Z,6,18.0,-0.1,901,4,19,7.083,424.0,Standard,5605,False,False,False,False,127.2,6.22,821675,0,0,2,0.000528024711098115,0.936298414823379
447,454953,454953,191.8167,3.913871051208826e-10,IF,1,0,0,528,True,2022-11-01T18:57:55.000Z,401827,Knight Rider,,USAO,"Nolanimations, Timbo",478515,2021-12-08T05:37:29.000Z,2022-01-04T12:10:52.000Z,,,True,False,False,-1,4.53,1695,False,https://cdn.scoresaber.com/covers/E22E733D1DFC92373BA5AB954BA37AB3C39D4562.png,e22e733d1dfc92373ba5ab954ba37ab3c39d4562,,2021-12-07T22:36:06.066068Z,6,16.0,0.15,528,0,251,4.151,424.0,Standard,1968,False,False,False,False,127.2,2.9,478515,0,0,0,7.50745829268408e-08,0.9507601642581738
646,256153,256153,175.5157,4.093573768543117e-12,,1,0,0,297,True,2022-11-01T18:52:23.000Z,348279,The Nights,,Avicii,Nolanimations,265995,2021-04-14T13:31:00.000Z,2021-06-26T18:33:31.000Z,2021-06-15T21:18:06.000Z,,True,False,False,-1,3.69,2829,False,https://cdn.scoresaber.com/covers/45F9480A43DDEA9FF338BF449AD9EAD62F73EB52.png,45f9480a43ddea9ff338bf449ad9ead62f73eb52,16abf,2021-04-14T13:27:38.617Z,6,12.0,0.3,297,0,1,1.772,352.0,Standard,3654,False,False,False,False,167.619,1.77,265995,0,0,0,7.184864654874831e-10,0.9629993044982048
402,193839,193839,194.1951,7.981053942753329e-10,,1,0,0,228,True,2022-11-01T18:48:08.000Z,376654,Toilet,,Clown Core,Fatalution,202515,2021-08-27T11:12:35.000Z,2021-09-09T03:41:13.000Z,2021-08-27T21:54:51.000Z,,True,False,False,-1,4.35,1140,False,https://cdn.scoresaber.com/covers/E4423C51F7B3E4771A850EBE43E6F991464105CF.png,e4423c51f7b3e4771a850ebe43e6f991464105cf,,2021-08-27T11:09:55.435551Z,6,12.0,0.75,228,0,102,2.977,193.994,Standard,7879,True,False,False,False,76.577,1.59,202515,0,0,0,1.549881568518377e-07,0.9571587289830383
280,1221311,1221311,0,6.90381725400725e-21,,1,2,8,580,False,2022-10-24T17:07:48.000Z,360918,Roki (Rap Cover),,Calliope Mori,Calvinisacat,1358035,2021-06-07T19:14:20.000Z,,,,False,False,False,-1,0,1784,False,https://cdn.scoresaber.com/covers/86E8EAFA07A31723BAE5A200C43B319D9C144E4A.png,86e8eafa07a31723bae5a200c43b319d9c144e4a,18eb7,2021-06-07T18:10:45.973Z,4,18.0,-0.65,1484,0,30,6.757,549.083,Standard,1626,False,False,False,False,219.633,,1358035,0,0,0,0.0,0.8993221824179789
1946,1056510,1056510,311.6613,0.1460410411907128,,1,7,13,249,False,2022-10-24T16:52:55.000Z,355921,Yubi Breaker,(from TANOCCA) [Level 3],ReeK,Jabob,1233835,2021-05-14T20:15:19.000Z,2021-05-24T12:17:22.000Z,2021-05-14T20:23:38.000Z,,True,False,False,-1,9.8,4398,False,https://cdn.scoresaber.com/covers/4636E2C0FBCC6C118EDF6FDE61EF07EAA87EEEDF.png,4636e2c0fbcc6c118edf6fde61ef07eaa87eeedf,17e55,2021-05-14T20:11:54.214Z,3,21.5,-0.45,1349,209,323,9.637,443.28,Standard,6825,False,False,False,False,139.983,9.8,1233835,0,0,16,45.515340750851095,0.8562814314717933
84,419204,209602,0,6.662183650116995e-21,NF,0.5,24,36,50,False,2022-10-24T16:49:29.000Z,533145,Halloween Is Chaos,,RoughSketch feat.  北小路ヒスイ,3Stans & StormPacer,660675,2022-10-21T23:13:36.000Z,,,,False,False,False,-1,0,152,False,https://cdn.scoresaber.com/covers/EF0F0851D4CC4C9F5D6DFDAE8910E199BF8E5CC1.png,ef0f0851d4cc4c9f5d6dfdae8910e199bf8e5cc1,,2022-10-21T20:01:40.508105Z,3,17.0,-0.25,726,63,78,4.745,502.356,Standard,9289,True,False,True,False,153.002,,660675,110,27,2,0.0,0.6345086464600598
111,273761,273761,0,6.4290072223629e-21,,1,1,7,188,False,2022-10-24T16:36:57.000Z,140037,GNOME POWER,,BagelBoy,xScaramouche,323955,2019-05-17T14:41:13.000Z,,,,False,False,False,-1,0,771,False,https://cdn.scoresaber.com/covers/C1BA5BAB0BE4C6431C86462BC410828623921952.png,c1ba5bab0be4c6431c86462bc410828623921952,4d68,2019-05-17T12:53:59Z,5,18.0,0.0,360,0,0,8.614,120.5,Standard,2552,False,False,False,False,41.792,,323955,1,0,0,0.0,0.8450587272923709
49,962617,962617,0,6.203991969580198e-21,,1,0,4,567,False,2022-10-24T16:28:45.000Z,532946,Escape [NE],Emi,S3RL,xxZAROKxx,1036955,2022-10-20T19:01:35.000Z,,,,False,False,False,-1,0,1078,False,https://cdn.scoresaber.com/covers/629DBAF548C2347238CFE2DD2A480B59714DCC83.png,629dbaf548c2347238cfe2dd2a480b59714dcc83,,2022-10-20T18:46:22.118170Z,4,20.0,-0.3,1135,4,10,6.681,495.5,Standard,4209,True,False,True,False,169.876,,1036955,32,8,0,0.0,0.9283112574798328
8,573255,286628,0,5.986852250644892e-21,NF,0.5,7,8,272,False,2022-10-24T16:24:10.000Z,533335,The Frooloo Rap,ft. Cushy,Kwilv3r,Kwilv3r,668955,2022-10-22T19:04:43.000Z,,,,False,False,False,-1,0,10,False,https://cdn.scoresaber.com/covers/6EEA9D8D1962CF950FDAE04A8278480CDAC73D1B.png,6eea9d8d1962cf950fdae04a8278480cdac73d1b,,2022-10-16T18:38:50.595057Z,3,12.0,0.0,735,74,1993,4.903,399.75,Standard,10,True,True,False,False,149.906,,668955,0,0,0,0.0,0.8569410498464022
981,1241734,1241734,293.1465,0.006820620219123853,,1,1,4,1220,False,2022-10-24T16:16:43.000Z,407057,The X Is On Fire,,Algorithm Dude,Cobayo,1347915,2022-01-04T08:23:22.000Z,2022-01-12T15:56:44.000Z,,,True,False,False,-1,7.94,3769,False,https://cdn.scoresaber.com/covers/0BF56FA581064964F936833A15D6351F0382A322.png,0bf56fa581064964f936833a15d6351f0382a322,,2022-01-04T08:16:34.186338Z,7,21.0,-1.1,1473,96,273,10.9,765.792,Standard,2010,False,False,False,False,135.14,7.22,1347915,0,0,26,1.9994409450653907,0.9212257449468253
461,752054,752054,216.609,5.53745179042043e-08,,1,0,3,394,False,2022-10-24T16:02:36.000Z,324234,Kick To The Sky,,Kobaryo,Helloiamdaan,806035,2021-01-22T23:41:50.000Z,2021-01-31T17:20:43.000Z,2021-01-23T23:04:50.000Z,,True,False,False,-1,5.62,2062,False,https://cdn.scoresaber.com/covers/B382B98737514C6D5D02DEBF02B67E0D1D566160.png,b382b98737514c6d5d02debf02b67e0d1d566160,130c0,2021-01-22T22:42:20.120Z,6,21.0,-1.4,884,50,41,5.108,848.0,Standard,9367,False,False,False,False,173.061,4.11,806035,0,0,8,1.199461894871179e-05,0.933028962762163
570,288938,288938,185.2587,5.136453651334214e-11,,1,0,0,336,True,2022-10-24T15:53:36.000Z,401750,Knight Rider,,USAO,"Nolanimations, Timbo",301875,2021-12-07T22:46:40.000Z,2022-01-04T12:10:50.000Z,,,True,False,False,-1,4.15,1762,False,https://cdn.scoresaber.com/covers/E22E733D1DFC92373BA5AB954BA37AB3C39D4562.png,e22e733d1dfc92373ba5ab954ba37ab3c39d4562,,2021-12-07T22:36:06.066068Z,6,14.0,-1.0,336,0,281,2.642,424.0,Standard,1964,False,False,False,False,127.2,1.5,301875,0,0,0,9.515727260564298e-09,0.9571445134575569
518,564278,564278,176.0703,5.641009107964923e-12,,1,0,0,652,True,2022-10-24T15:50:27.000Z,371238,Viyella's Tears,,Laur,Timbo,592595,2021-07-30T10:57:32.000Z,2021-08-25T01:19:28.000Z,2021-07-31T03:00:19.000Z,,True,False,False,-1,4.11,2766,False,https://cdn.scoresaber.com/covers/528392431ACB2C10E619B195DB7BBD05C2D4D17A.png,528392431acb2c10e619b195db7bbd05c2d4d17a,1ac0c,2021-07-30T10:49:01.704Z,6,15.0,-1.4,652,11,927,4.327,547.5,Standard,7007,False,False,False,False,150.688,2.83,592595,0,0,2,9.932141659421165e-10,0.95221525662552
966,766784,766784,217.7673,7.363621405054711e-08,,1,1,0,530,False,2022-10-24T15:47:09.000Z,348660,Toymatic Parade,(Kobaryo's FTN-Remix),DJ Genki,cerret,817995,2021-04-16T02:34:36.000Z,2021-04-29T19:06:07.000Z,2021-04-18T12:54:04.000Z,,True,False,False,-1,5.55,3954,False,https://cdn.scoresaber.com/covers/1AB633C075210C9AEABDBECA34843D88AE4714E0.png,1ab633c075210c9aeabdbeca34843d88ae4714e0,16bb1,2021-04-16T02:05:50.457Z,5,17.0,-1.0,897,0,93,4.825,867.527,Standard,3267,False,False,False,False,185.899,4.26,817995,0,0,0,1.6035559516009707e-05,0.9373944828513622
1513,1285134,1285134,0,5.123693721329094e-22,,1,8,21,402,False,2022-10-23T17:55:23.000Z,366807,300 Nuts Per Minute,,Holo Bass & Spikey Wikey,Fvrwvrd,1518115,2021-07-06T23:53:24.000Z,,,,False,False,False,-1,0,3865,False,https://cdn.scoresaber.com/covers/E0152F0F7829CCA7F443108A3F1C8905184CF59C.png,e0152f0f7829cca7f443108a3f1c8905184cf59c,19fca,2021-07-06T23:43:13.276Z,5,22.0,-1.73,1658,191,469,8.94,927.25,Standard,7418,False,False,False,False,185.45,,1518115,0,0,28,0.0,0.8465327066790065
311,968719,484360,0,7.930102892303804e-24,NF,0.5,100,57,268,False,2022-10-23T17:51:35.000Z,70270,Speed of Link,,antiPLUR,Hexagonial (EX+ by BananenTropfen),1627595,2018-09-10T00:53:46.000Z,,,,False,False,False,-1,0,1515,False,https://cdn.scoresaber.com/covers/87ECC58926A76C51A0719806E24F69E4C56C1D09.png,87ecc58926a76c51a0719806e24f69e4c56c1d09,145c,2018-09-09T18:41:41Z,6,16.0,0.0,1777,0,1,14.107,552.32,Standard,3834,False,False,False,False,126.005,,1627595,31,3,0,0.0,0.5951843056780096
420,1237485,1237485,0,9.144702237814949e-24,,1,13,24,374,False,2022-10-23T17:48:52.000Z,70189,Speed of Link,,antiPLUR,Hexagonial (EX+ by BananenTropfen),1604595,2018-09-10T19:41:23.000Z,,,,False,False,False,-1,0,1643,False,https://cdn.scoresaber.com/covers/87ECC58926A76C51A0719806E24F69E4C56C1D09.png,87ecc58926a76c51a0719806e24f69e4c56c1d09,145c,2018-09-09T18:41:41Z,6,20.0,0.0,1752,12,0,13.908,552.328,Standard,3834,False,False,False,False,126.006,,1604595,2,2,2,0.0,0.7712132968132146
356,198544,198544,178.711,1.110038002898291e-11,,1,0,0,234,True,2022-10-23T17:37:58.000Z,221681,Kinman,,Kenichiro Ohishi,eZconfirmed,208035,2020-04-17T18:55:05.000Z,2020-04-23T17:16:38.000Z,,,True,False,False,-1,4.1,1625,False,https://cdn.scoresaber.com/covers/4F91AD60D9D30DB4393E9CB37DD0799CCF722A39.png,4f91ad60d9d30db4393e9cb37dd0799ccf722a39,9c0d,2020-04-17T18:41:50.863Z,4,16.0,-0.25,234,0,0,4.184,110.0,Standard,384,False,False,False,False,55.932,2.51,208035,0,0,0,1.983760015359565e-09,0.9543778691085635
1540,1030718,515359,46.67122,6.252787213485091e-15,NF,0.5,38,95,143,False,2022-10-23T17:35:38.000Z,348076,Collapse Of Ego,,DJ Myosuke,Helloiamdaan,1588955,2021-04-13T18:12:34.000Z,2021-04-25T18:25:23.000Z,2021-04-13T19:19:22.000Z,,True,False,False,-1,11.25,3189,False,https://cdn.scoresaber.com/covers/28547D0245F0FEF153A5F4C96BB3B4F91A9D0AB8.png,28547d0245f0fef153a5f4c96bb3b4f91a9d0ab8,16a2f,2021-04-13T18:05:31.828Z,6,23.0,-1.5,1735,29,50,12.715,796.0,Standard,5651,False,False,False,False,136.457,11.25,1588955,0,0,5,2.9182520765374967e-13,0.6486766459717236
391,1273054,1273054,322.1253,0.5081816202000597,,1,0,2,853,False,2022-10-23T17:30:03.000Z,340602,PROJECTION,,Passcode,abcbadq & altrewin,1366315,2021-03-17T13:52:16.000Z,2021-04-08T13:48:31.000Z,2021-03-23T05:34:56.000Z,,True,False,False,-1,8.4,3058,False,https://cdn.scoresaber.com/covers/97E1B67ED8641899E89DE59603D97D89DAE770D7.png,97e1b67ed8641899e89de59603d97d89dae770d7,158ce,2021-03-17T13:45:03.010Z,7,20.0,-0.125,1493,4,362,7.757,673.68,Standard,5824,False,False,False,False,192.48,8.4,1366315,0,0,1,163.6981568614303,0.9317426801286672
1795,1730082,1730082,311.0342,0.1359970685828215,,1,2,9,529,False,2022-10-23T17:16:12.000Z,394106,Mystery Circles Ultra / U.U.F.O.,,Camellia,cerret & Nolanimations,1907275,2021-11-09T23:44:54.000Z,2022-01-16T21:10:54.000Z,,,True,False,False,-1,8.77,7167,False,https://cdn.scoresaber.com/covers/74DA5649F0C327C6D9E092D5CBAD1204E1855559.png,74da5649f0c327c6d9e092d5cbad1204e1855559,,2021-11-09T23:13:01.936586Z,5,21.0,-0.45,2081,45,76,9.174,756.083,Standard,7682,False,False,False,False,226.825,8.77,1907275,0,0,14,42.299739429003026,0.9070962498853076
1162,1881935,1881935,320.9134,0.4406849377227013,,1,2,5,839,False,2022-10-23T17:11:37.000Z,394110,Mystery Circles Ultra / U.U.F.O.,,Camellia,cerret & Nolanimations,2043435,2021-11-09T23:51:21.000Z,2022-01-16T21:10:52.000Z,,,True,False,False,-1,8.7,4612,False,https://cdn.scoresaber.com/covers/74DA5649F0C327C6D9E092D5CBAD1204E1855559.png,74da5649f0c327c6d9e092d5cbad1204e1855559,,2021-11-09T23:13:01.936586Z,5,21.5,-0.45,2229,27,135,9.446,786.542,Standard,8551,False,False,False,False,235.963,8.66,2043435,0,0,5,141.42170169338033,0.9209664119485083
520,1028607,1028607,336.8296,0.8671800006249999,,1,1,1,545,False,2022-10-23T17:00:34.000Z,359564,The Everlasting Calamity That Shifts The Time - Space Continuum On A Nanosecondal Basis,[LEVEL 3],ReeK,Jabob & Helloiamdaan,1103195,2021-05-30T23:05:42.000Z,2021-06-09T21:36:46.000Z,2021-05-30T23:17:47.000Z,,True,False,False,-1,8.76,2940,False,https://cdn.scoresaber.com/covers/59B5445E569B55FDBD72FECC035607D3CEB7E9F1.png,59b5445e569b55fdbd72fecc035607d3ceb7e9f1,188ed,2021-05-30T22:58:12.946Z,9,20.5,-1.5,1207,273,211,8.636,667.359,Standard,7773,False,False,False,False,139.761,8.71,1103195,0,0,3,292.0918927385185,0.9323891061870295
2027,1521742,1521742,284.9309,0.001474002913390898,,1,11,41,198,False,2022-10-23T16:56:07.000Z,284146,TRICKL4SH 220,"(22,000 Power Extended)",Lite Show Magic,That_Narwhal,1854835,2020-08-03T16:14:30.000Z,2020-08-10T19:31:37.000Z,2020-08-06T10:59:44.000Z,,True,False,False,-1,9.53,3611,False,https://cdn.scoresaber.com/covers/6E3A349F55E861703C599065F4ECB9F4374057C7.png,6e3a349f55e861703c599065f4ecb9f4374057c7,cddb,2020-08-03T15:58:05.162Z,5,23.0,-0.2,2024,11,228,9.14,812.0,Standard,8341,False,False,False,False,221.455,9.19,1854835,0,0,0,0.4199889767150906,0.8204190669250904
442,1385392,1385392,284.595,0.001324586370316654,,1,1,0,1060,False,2022-10-23T16:49:32.000Z,497155,Ludicrous Speed,(Fvrwvrd's Deathcore Remix),F-777,"Helloiamdaan, cerret & Olaf",1483155,2022-07-30T00:08:59.000Z,2022-09-20T20:26:11.000Z,2022-08-11T20:01:42.000Z,,True,False,False,-1,7.35,2726,False,https://cdn.scoresaber.com/covers/C2A5083F21B656EA2B5DB5F689240C39774F8119.png,c2a5083f21b656ea2b5db5f689240c39774f8119,,2022-07-27T23:57:27.073599Z,7,19.0,-0.85,1620,37,0,10.272,920.0,Standard,5007,False,False,False,False,157.714,6.48,1483155,0,0,0,0.3769706580602682,0.9340844348702597
323,1081714,1081714,252.8773,1.005361407412143e-05,,1,1,1,728,False,2022-10-23T16:46:28.000Z,496962,Ludicrous Speed,(Fvrwvrd's Deathcore Remix),F-777,"Helloiamdaan, cerret & Olaf",1153795,2022-07-29T17:26:40.000Z,2022-09-20T20:26:13.000Z,2022-08-11T20:01:44.000Z,,True,False,False,-1,6.44,1608,False,https://cdn.scoresaber.com/covers/C2A5083F21B656EA2B5DB5F689240C39774F8119.png,c2a5083f21b656ea2b5db5f689240c39774f8119,,2022-07-27T23:57:27.073599Z,7,16.0,-0.2,1262,17,184,8.019,918.0,Standard,3670,False,False,False,False,157.371,5.44,1153795,0,0,0,0.002542330782305827,0.9375270303650128
360,699007,699007,205.0622,1.037752254135915e-08,,1,0,0,804,True,2022-10-23T16:43:30.000Z,497205,Ludicrous Speed,(Fvrwvrd's Deathcore Remix),F-777,"Helloiamdaan, cerret & Olaf",732435,2022-07-30T02:13:33.000Z,2022-09-20T20:26:15.000Z,2022-08-11T20:01:45.000Z,,True,False,False,-1,4.71,1298,False,https://cdn.scoresaber.com/covers/C2A5083F21B656EA2B5DB5F689240C39774F8119.png,c2a5083f21b656ea2b5db5f689240c39774f8119,,2022-07-27T23:57:27.073599Z,7,14.0,0.4,804,0,202,5.109,918.0,Standard,2590,False,False,False,False,157.371,2.87,732435,0,0,0,2.1280376028806983e-06,0.9543604551939763
235,794037,794037,209.3634,2.116154725361873e-08,,1,1,0,832,False,2022-10-23T16:40:09.000Z,370205,Death From Above,,Kotori,Skeelie,840075,2021-07-24T14:04:06.000Z,2021-09-19T16:53:32.000Z,2021-09-08T08:46:38.000Z,,True,False,False,-1,5.11,1963,False,https://cdn.scoresaber.com/covers/B5A1424CAD898181D429CB231B83296A3E67D58F.png,b5a1424cad898181d429cb231b83296a3e67d58f,1a8d4,2021-07-23T19:20:54.562Z,6,16.0,-0.125,921,0,218,4.515,544.0,Standard,11468,False,False,False,False,204.0,4.04,840075,0,0,0,4.43045348227828e-06,0.9451977502008749
23,410748,410748,0,5.575106487106789e-21,,1,4,2,198,False,2022-10-22T17:04:42.000Z,403714,Dance Til You're Dead,,"Yeahyeahyeahs Music, JVH-C Remix",joshingmachine,475755,2021-12-20T02:58:47.000Z,,,,False,False,False,-1,0,92,False,https://cdn.scoresaber.com/covers/04848E4D0C39B30F85BA2C3ED85A1134FCBDDFE3.png,04848e4d0c39b30f85ba2c3ed85a1134fcbddfe3,,2021-12-20T01:57:12.738714Z,3,18.0,-0.73710114,525,6,4,7.073,191.75,Standard,1802,False,False,False,False,74.226,,475755,4,0,0,0.0,0.8633603430337043
1102,1399599,1399599,279.6289,0.0005837252621113334,,1,3,9,307,False,2022-10-22T16:58:23.000Z,99173,Teo (ft. Hatsune Miku),,Omoi,Hexagonial,1565035,2018-12-25T18:42:26.000Z,2019-01-02T23:46:28.000Z,,,True,False,False,-1,8.14,9873,False,https://cdn.scoresaber.com/covers/0EDC32C8B6414DACC62562C41953193F29E3B159.png,0edc32c8b6414dacc62562c41953193f29e3b159,2800,2018-12-25T17:17:56Z,6,19.0,0.0,1709,16,29,8.397,627.5,Standard,7804,False,False,False,False,203.514,7.46,1565035,14,11,1,0.16322645294640384,0.8942924599130371
470,1591609,1591609,303.2283,0.04670344831503159,,1,2,6,637,False,2022-10-22T16:37:18.000Z,467526,BIG SHOT,(Camellia Remix),Toby Fox,Foxy vs. Narwhal,1740755,2022-06-03T17:05:11.000Z,2022-06-14T05:00:39.000Z,2022-06-03T17:19:07.000Z,,True,False,False,-1,8.38,2633,False,https://cdn.scoresaber.com/covers/13101B7298A9FD7FC5F4FE9C6E86FD7BF70370E2.png,13101b7298a9fd7fc5f4fe9c6e86fd7bf70370e2,,2022-06-03T16:06:57.844019Z,3,19.0,-1.35,1900,355,878,7.002,1289.0,Standard,12657,False,False,False,False,271.368,8.38,1740755,0,0,20,14.161807236704893,0.9143210848166456
553,1501104,1501104,319.8305,0.3960136420412437,,1,10,21,328,False,2022-10-22T16:31:02.000Z,467529,The Cat Evolved Into The Microwave-proof Cat!,,Camellia,epicmoo34 & Narwhal,1749035,2022-06-03T17:06:09.000Z,2022-08-11T05:15:11.000Z,2022-07-06T01:21:28.000Z,,True,False,False,-1,10.02,1663,False,https://cdn.scoresaber.com/covers/05185403AAE44CDBA46D66E7046E3E60D4D5AA31.png,05185403aae44cdba46d66e7046e3e60d4d5aa31,,2022-06-03T16:04:51.090817Z,9,20.8,-1.7,1909,77,902,8.781,1087.0,Standard,7670,False,False,False,False,217.4,10.02,1749035,0,16,6,126.65724114087197,0.8582469761897275
929,1738002,1738002,326.8927,0.6757723945577554,,1,8,16,298,False,2022-10-22T16:25:23.000Z,467528,The Cat Evolved Into The Microwave-proof Cat!,,Camellia,epicmoo34 & Narwhal,1968915,2022-06-03T17:06:00.000Z,2022-08-11T05:15:08.000Z,2022-07-06T01:21:26.000Z,,True,False,False,-1,9.76,2997,False,https://cdn.scoresaber.com/covers/05185403AAE44CDBA46D66E7046E3E60D4D5AA31.png,05185403aae44cdba46d66e7046e3e60d4d5aa31,,2022-06-03T16:04:51.090817Z,9,21.0,-1.7,2148,120,279,9.597,1119.094,Standard,9872,False,False,False,False,223.819,9.71,1968915,0,2,9,220.90506264244996,0.8827206862662939
1228,1645002,1645002,320.919,0.4566683292463226,,1,12,26,406,False,2022-10-22T16:20:44.000Z,324238,Kick To The Sky,,Kobaryo,Helloiamdaan,1952355,2021-01-22T23:49:50.000Z,2021-01-31T17:20:46.000Z,2021-01-23T23:04:46.000Z,,True,False,False,-1,10.34,2154,False,https://cdn.scoresaber.com/covers/B382B98737514C6D5D02DEBF02B67E0D1D566160.png,b382b98737514c6d5d02debf02b67e0d1d566160,130c0,2021-01-22T22:42:20.120Z,6,22.0,-1.7,2130,7,40,12.308,848.0,Standard,9366,False,False,False,False,173.061,10.34,1952355,0,0,3,146.5535435534006,0.842573200058391
1137,1130666,1130666,284.9733,0.001527464158954299,,1,0,9,374,False,2022-10-22T16:17:05.000Z,324236,Kick To The Sky,,Kobaryo,Helloiamdaan,1237515,2021-01-22T23:45:53.000Z,2021-01-31T17:20:44.000Z,2021-01-23T23:04:48.000Z,,True,False,False,-1,7.89,3560,False,https://cdn.scoresaber.com/covers/B382B98737514C6D5D02DEBF02B67E0D1D566160.png,b382b98737514c6d5d02debf02b67e0d1d566160,130c0,2021-01-22T22:42:20.120Z,6,22.0,-1.5,1353,43,43,7.818,848.0,Standard,9367,False,False,False,False,173.061,7.65,1237515,0,0,10,0.43528650200893115,0.9136584203019762
537,521098,521098,212.7511,3.742057056160544e-08,,1,3,0,508,False,2022-10-22T15:51:30.000Z,495120,MixxioN,,MisoilePunch,Jabob,564075,2022-07-25T22:43:57.000Z,2022-09-20T20:27:18.000Z,2022-08-11T20:06:27.000Z,,True,False,False,-1,5.71,2487,False,https://cdn.scoresaber.com/covers/BEB6F5099BECBE99583088F1EA924AA0118730FF.png,beb6f5099becbe99583088f1ea924aa0118730ff,,2022-07-23T22:33:56.554268Z,6,16.0,-0.7,621,122,490,5.437,523.5,Standard,6303,False,False,False,False,114.218,4.06,564075,0,0,2,7.961267549609175e-06,0.9238097770686522
433,305958,305958,188.0255,1.25164318784283e-10,,1,0,0,358,True,2022-10-22T15:47:51.000Z,495122,MixxioN,,MisoilePunch,Jabob,322115,2022-07-25T22:45:35.000Z,2022-09-20T20:27:21.000Z,2022-08-11T20:06:29.000Z,,True,False,False,-1,4.47,1374,False,https://cdn.scoresaber.com/covers/BEB6F5099BECBE99583088F1EA924AA0118730FF.png,beb6f5099becbe99583088f1ea924aa0118730ff,,2022-07-23T22:33:56.554268Z,6,14.0,0.0,358,23,762,3.137,523.0,Standard,6303,False,False,False,False,114.109,1.66,322115,0,0,0,2.3534083621574205e-08,0.9498408953324123
1694,267316,267316,174.4219,2.866657148048909e-12,,1,0,0,313,True,2022-10-22T15:45:08.000Z,295992,Avalanche,,Memme,That_Narwhal,280715,2020-09-24T03:55:11.000Z,2020-09-29T03:16:44.000Z,2020-09-24T17:41:50.000Z,,True,False,False,-1,4.07,4809,False,https://cdn.scoresaber.com/covers/83036B233F5429A85AEDB0CF1AE9C554498B50B6.png,83036b233f5429a85aedb0cf1ae9c554498b50b6,f124,2020-09-24T03:43:55.673Z,6,14.0,0.8,313,22,11,2.741,333.0,Standard,2863,False,False,False,False,114.171,1.67,280715,0,0,1,5.000077864112719e-10,0.9522683148388935
1199,364380,364380,183.141,2.610251338617534e-11,,1,1,0,296,False,2022-10-22T15:41:54.000Z,347385,Falling,(PSYQUI Remix),INTERSECTION,nolan121405,387435,2021-04-11T04:16:47.000Z,2021-04-22T16:20:14.000Z,2021-04-11T04:49:02.000Z,,True,False,False,-1,4.6,2790,False,https://cdn.scoresaber.com/covers/19AF73336A1C2FE788FF3DF0D93DB6E0BEAA0640.png,19af73336a1c2fe788ff3df0d93db6e0beaa0640,16858,2021-04-10T21:05:24.203Z,6,12.0,0.4,429,20,31,2.587,387.0,Standard,3290,False,False,False,False,165.857,2.6,387435,0,0,1,4.780440404057538e-09,0.9404932440280305
1008,1198698,599349,51.01903,1.23042372351513e-14,NF,0.5,19,71,157,False,2022-10-20T16:39:02.000Z,406644,Just Don't Mind,(Fvrwvrd Bootleg),Fox Stevenson,Jaack & Joshabi,1613795,2022-01-02T22:50:01.000Z,2022-01-12T15:47:22.000Z,,,True,False,False,-1,10.74,2942,False,https://cdn.scoresaber.com/covers/9BDEBDDD9CD1A3664C8C14EFDBFCE493B6617ACD.png,9bdebddd9cd1a3664c8c14efdbfce493b6617acd,,2022-01-02T15:44:10.564634Z,1,22.0,-0.7,1762,76,18,12.157,831.0,Standard,1944,False,False,False,False,144.942,10.74,1613795,12,0,20,6.277502486273013e-13,0.7427820757902955
1765,372007,372007,317.4309,0.319796736138318,,1,3,0,302,False,2022-10-20T16:35:20.000Z,361288,Amogus,(Short ver.) ft. Magma & Denyah_,Fvrwvrd,April Fools,415035,2021-06-09T22:56:09.000Z,2021-06-20T11:16:36.000Z,2021-06-12T12:36:32.000Z,,True,False,False,-1,9.2,6865,False,https://cdn.scoresaber.com/covers/8A40E06E3A4EB6DC56428B0A59B89219029C433D.png,8a40e06e3a4eb6dc56428b0a59b89219029c433d,18fdf,2021-06-09T22:51:51.440Z,4,22.0,-0.2,459,125,18,11.288,169.43,Standard,267,False,False,False,False,40.663,7.44,415035,0,0,6,101.51336576944881,0.8963268158107147
1256,1435071,1435071,302.0023,0.0304562695633849,,1,2,7,513,False,2022-10-20T16:30:52.000Z,317889,Vitality,(t+pazolite Remix),Mittsies,Emir,1574235,2021-01-03T17:44:58.000Z,2021-01-22T04:58:58.000Z,2021-01-03T23:04:42.000Z,,True,False,False,-1,8.41,5855,False,https://cdn.scoresaber.com/covers/F299DEE0BE7A2DCF68C28661EAEAAD05BB81B7C6.png,f299dee0be7a2dcf68c28661eaeaad05bb81b7c6,123b9,2021-01-03T17:25:28.878Z,4,22.0,-0.5,1719,0,93,8.644,580.0,Standard,6674,False,False,False,False,198.857,8.41,1574235,0,0,0,9.197863457562235,0.9115989671173618
614,1251995,1251995,251.0571,6.556166436839586e-06,,1,1,0,1103,False,2022-10-20T16:22:29.000Z,492041,Perfect Army,,USAO,Timbo,1334115,2022-07-20T20:36:38.000Z,2022-08-11T05:15:30.000Z,2022-07-25T07:14:00.000Z,,True,False,False,-1,6.37,6024,False,https://cdn.scoresaber.com/covers/E094F8FB0DCE979A9F80DFCC25A3843A0F6CA1CE.png,e094f8fb0dce979a9f80dfcc25a3843a0f6ca1ce,,2022-07-20T08:41:31.850953Z,3,19.0,-0.15,1458,0,254,6.962,740.0,Standard,5916,False,False,False,False,209.434,5.72,1334115,0,0,0,0.0016459721327502794,0.938446085982093
778,1200740,600370,42.09112,2.75550914376798e-15,NF,0.5,48,252,147,False,2022-10-20T16:15:59.000Z,505948,Speedcore Sonata in the Moonlight,,Fvrwvrd,Vilawes,2140035,2022-08-15T02:10:42.000Z,2022-09-20T20:26:51.000Z,2022-08-21T05:41:44.000Z,,True,False,False,-1,11.73,1954,False,https://cdn.scoresaber.com/covers/3631D5E2D465E42FA299ABDE61D432A3029CD192.png,3631d5e2d465e42fa299abde61d432a3029cd192,,2022-08-11T23:15:39.729409Z,5,21.0,-1.25,2334,129,29,13.454,1012.0,Standard,7295,False,False,False,False,173.486,11.8,2140035,0,0,0,1.1598246603143529e-13,0.5610842813318474
976,1071476,1071476,322.8417,0.5457130341217856,,1,1,5,351,False,2022-10-20T16:11:42.000Z,486718,Dimension Hacker,,Kobaryo,Aquaflee,1171275,2022-07-10T02:18:29.000Z,2022-08-11T05:18:41.000Z,2022-07-12T03:11:02.000Z,,True,False,False,-1,8.91,4107,False,https://cdn.scoresaber.com/covers/6A7B5AC69F69A88EA0AC00E4282FF129173FFB83.png,6a7b5ac69f69a88ea0ac00e4282ff129173ffb83,,2022-07-09T23:07:36.658695Z,8,20.0,-1.1,1281,99,227,9.063,808.0,Standard,6593,False,False,False,False,141.341,8.69,1171275,0,0,17,176.17892364803527,0.9147945614821456
906,666446,666446,228.9463,3.929232470552456e-07,,1,6,2,257,False,2022-10-20T16:08:40.000Z,501740,Devil On My Shoulder,,Kelsy Karter,FatBeanzoop,748075,2022-08-07T02:02:31.000Z,2022-09-20T20:26:01.000Z,2022-08-07T02:08:15.000Z,,True,False,False,-1,6.71,2556,False,https://cdn.scoresaber.com/covers/6BD8D61CB7451B2532CF6379A607707D406B9BC5.png,6bd8d61cb7451b2532cf6379a607707d406b9bc5,,2022-08-07T01:49:35.741651Z,4,17.0,-0.05,821,0,195,4.936,620.938,Standard,5290,False,False,False,False,166.323,4.42,748075,0,1,0,8.995832359728438e-05,0.8908812619055576
982,821692,821692,286.0576,0.00203119922340232,,1,1,3,349,False,2022-10-20T16:04:42.000Z,355922,Yubi Breaker,(from TANOCCA) [Level 3],ReeK,Jabob,888835,2021-05-14T20:17:15.000Z,2021-05-24T12:17:19.000Z,2021-05-14T20:23:34.000Z,,True,False,False,-1,7.66,4844,False,https://cdn.scoresaber.com/covers/4636E2C0FBCC6C118EDF6FDE61EF07EAA87EEEDF.png,4636e2c0fbcc6c118edf6fde61ef07eaa87eeedf,17e55,2021-05-14T20:11:54.214Z,3,20.0,-0.25,974,201,318,6.958,443.28,Standard,6759,False,False,False,False,139.983,7.49,888835,0,0,11,0.5810399749683315,0.9244595453599375
521,525091,525091,167.2889,5.002811140871839e-13,,1,0,0,608,True,2022-10-20T15:49:58.000Z,351799,Cthugha,,USAO,Timbo,552115,2021-04-27T19:41:18.000Z,2021-05-14T12:44:28.000Z,2021-05-03T16:20:18.000Z,,True,False,False,-1,3.94,3784,False,https://cdn.scoresaber.com/covers/BB6C14D91C6DAA1B31A44D54487231587E573D6F.png,bb6c14d91c6daa1b31a44d54487231587e573d6f,17434,2021-04-27T19:38:29.326Z,7,16.0,0.6,608,8,272,3.968,544.0,Standard,6702,False,False,False,False,153.239,2.71,552115,11,0,2,8.369147726641951e-11,0.9510536754118254
293,239883,239883,191.871,4.055824923532462e-10,,1,0,0,280,True,2022-10-20T15:46:11.000Z,78589,Black Emperor,,Chart by Mystikmol,Chroma,250355,2018-10-08T12:00:57.000Z,,,,True,False,False,-1,4.26,3901,False,https://cdn.scoresaber.com/covers/AA4038E7B937773382C569A097D7B3CF0C40407D.png,aa4038e7b937773382c569a097d7b3cf0c40407d,1949,2018-10-08T10:36:29Z,6,12.0,0.0,280,0,0,2.384,352.41,Standard,1047,False,False,False,False,117.47,1.69,250355,25,32,0,7.781951839030971e-08,0.9581713966168042
418,107393,107393,193.5687,6.445017875345194e-10,,1,0,0,129,True,2022-10-20T15:41:50.000Z,287693,Watch Me Dance!,,Jake Kaufman,SlimyBlob & Victonator,111435,2020-08-18T17:05:01.000Z,2020-08-22T20:52:24.000Z,2020-08-18T20:44:12.000Z,,True,False,False,-1,4.04,1289,False,https://cdn.scoresaber.com/covers/4BCE6DA72AD5D299CF1E8F940975FCAD73DA1C7D.png,4bce6da72ad5d299cf1e8f940975fcad73da1c7d,d90a,2020-08-18T16:44:19.347Z,5,12.0,-0.375,129,0,15,1.94,190.0,Standard,1369,False,False,False,False,66.667,2.61,111435,37,15,0,1.2475537316073314e-07,0.9637277336563916
1595,1285958,1285958,342.5149,0.931225,,1,4,5,352,False,2022-10-18T16:54:44.000Z,367923,Fantasie-Celeritas,,Kobaryo,ComplexFrequency,1437155,2021-07-11T20:09:01.000Z,2021-07-23T20:46:36.000Z,2021-07-12T20:52:02.000Z,,True,False,False,-1,9.96,4360,False,https://cdn.scoresaber.com/covers/C1FEB4B11B788A108B63C55A59C8E1EC54C2A78D.png,c1feb4b11b788a108b63c55a59c8e1ec54c2a78d,1a2cd,2021-07-11T19:41:48.802Z,7,22.0,-1.25,1570,0,65,9.158,1000.032,Standard,8860,False,False,False,False,171.434,9.96,1437155,0,0,0,318.9584377525,0.8947942288757997
2302,1212783,1212783,302.1987,0.03389181035942256,,1,6,12,256,False,2022-10-18T16:45:58.000Z,371242,Viyella's Tears,,Laur,Timbo,1406795,2021-07-30T10:58:08.000Z,2021-08-25T01:19:45.000Z,2021-07-31T03:00:14.000Z,,True,False,False,-1,9.4,5876,False,https://cdn.scoresaber.com/covers/528392431ACB2C10E619B195DB7BBD05C2D4D17A.png,528392431acb2c10e619b195db7bbd05c2d4d17a,1ac0c,2021-07-30T10:49:01.704Z,6,21.0,-0.4,1537,12,334,10.2,547.5,Standard,7007,False,False,False,False,150.688,9.4,1406795,0,0,5,10.242061031264031,0.8620893591461443
404,1619334,1619334,305.9952,0.07421537292800007,,1,1,1,1399,False,2022-10-18T16:38:28.000Z,390335,Outbreak,(P*Light & DJ Myosuke Remix),USAO,abcbadq,1737995,2021-10-28T21:56:55.000Z,2021-11-20T15:45:11.000Z,2021-11-08T12:21:31.000Z,,True,False,False,-1,7.98,2557,False,https://cdn.scoresaber.com/covers/1C704361330367CD933711A70F405D21F0BCB795.png,1c704361330367cd933711a70f405d21f0bcb795,,2021-10-28T17:34:04.118299Z,5,20.0,-0.15,1897,13,415,7.452,891.0,Standard,9799,False,False,False,False,254.571,7.98,1737995,0,0,1,22.70954788217797,0.931725350188004
995,892333,892333,318.3267,0.3434151103528342,,1,7,9,302,False,2022-10-18T16:25:37.000Z,495116,MixxioN,,MisoilePunch,Jabob,1032355,2022-07-25T22:40:44.000Z,2022-09-20T20:27:11.000Z,2022-08-11T20:06:24.000Z,,True,False,False,-1,9.86,3168,False,https://cdn.scoresaber.com/covers/BEB6F5099BECBE99583088F1EA924AA0118730FF.png,beb6f5099becbe99583088f1ea924aa0118730ff,,2022-07-23T22:33:56.554268Z,6,20.0,-1.8,1130,164,481,9.893,523.5,Standard,6303,False,False,False,False,114.218,10.79,1032355,0,0,2,109.31819880875355,0.8643664243404643
641,808982,808982,309.2697,0.1098230314314167,,1,1,1,421,False,2022-10-18T16:23:21.000Z,495118,MixxioN,,MisoilePunch,Jabob,875035,2022-07-25T22:42:20.000Z,2022-09-20T20:27:15.000Z,2022-08-11T20:06:26.000Z,,True,False,False,-1,8.28,2943,False,https://cdn.scoresaber.com/covers/BEB6F5099BECBE99583088F1EA924AA0118730FF.png,beb6f5099becbe99583088f1ea924aa0118730ff,,2022-07-23T22:33:56.554268Z,6,18.0,-1.2,959,151,480,8.396,523.5,Standard,6303,False,False,False,False,114.218,8.33,875035,0,0,2,33.964935983884814,0.9245138765877936
913,916276,916276,263.9292,5.176852560609396e-05,,1,4,3,298,False,2022-10-18T16:16:22.000Z,322663,Mane Mane Psychotropic,feat. GUMI,Kairiki Bear,SlimyBlob,1005675,2021-01-17T22:56:02.000Z,2021-02-26T02:22:00.000Z,2021-02-15T23:24:43.000Z,,True,False,False,-1,7.36,4693,False,https://cdn.scoresaber.com/covers/754DAC6FF0ED6C0F7EAAAC90C7373CE35F43EF58.png,754dac6ff0ed6c0f7eaaac90c7373ce35f43ef58,12d96,2021-01-17T22:37:05.279Z,6,20.0,0.1,1101,115,126,5.715,674.25,Standard,4195,False,False,False,False,192.643,7.36,1005675,0,0,6,0.013663225548395892,0.9111054764213091
2530,1171717,1171717,234.5453,8.30298291177952e-07,,1,0,2,690,False,2022-10-18T16:08:46.000Z,192341,psychology,,Adust Rain,Scrappy,1279835,2019-12-21T20:35:48.000Z,2020-02-07T01:27:20.000Z,2020-02-03T00:31:11.000Z,,True,False,False,-1,6.46,11185,False,https://cdn.scoresaber.com/covers/B506526ABA9AE3BC8C6DE045326D4F083607776B.png,b506526aba9ae3bc8c6de045326d4f083607776b,7829,2019-12-21T19:55:42.588Z,7,22.0,-1.0,1399,0,2,6.65,1072.904,Standard,2158,False,False,False,False,210.373,6.04,1279835,0,0,0,0.00019474256179382012,0.9155219227478543
1541,1500620,1500620,233.7767,8.012378509867237e-07,,1,11,5,404,False,2022-10-18T16:03:57.000Z,274752,T.R.Y Revolution,,Halozy,Kival Evan,1697515,2020-06-26T10:03:45.000Z,2020-07-01T03:26:17.000Z,2020-06-26T21:49:25.000Z,,True,False,False,-1,6.96,5840,False,https://cdn.scoresaber.com/covers/3054C83ED7170A77B1D98F4381123BDB95485421.png,3054c83ed7170a77b1d98f4381123bdb95485421,b642,2020-06-26T09:35:09.576Z,7,19.0,-0.25,1853,16,45,7.145,657.0,Standard,16934,True,False,False,False,259.342,6.96,1697515,18,31,0,0.00018731074071876803,0.8840098614739781
595,1359009,1359009,291.7504,0.005507921578842126,,1,3,17,298,False,2022-10-18T15:53:23.000Z,349185,HellFire,,ikaruga_nex,abcbadq & Timbo,1553995,2021-04-18T02:35:04.000Z,2021-04-29T19:07:16.000Z,2021-04-18T13:00:24.000Z,,True,False,False,-1,8.87,1649,False,https://cdn.scoresaber.com/covers/A2CF988E3BD236A76ACED9034085910D87A5A24B.png,a2cf988e3bd236a76aced9034085910d87a5a24b,16d2f,2021-04-18T02:27:33.238Z,7,19.0,-0.4,1697,336,80,6.958,752.0,Standard,7695,False,False,False,False,243.892,8.87,1553995,13,2,27,1.606938323795822,0.8745259798133198
1283,195266,195266,254.8582,1.487721924583912e-05,,1,0,0,237,True,2022-10-18T15:47:39.000Z,321058,Ending,,Thaehan,FatBeanzoop,210795,2021-01-13T10:56:33.000Z,2021-01-22T05:23:54.000Z,2021-01-14T02:11:21.000Z,,True,False,False,-1,6.78,5596,False,https://cdn.scoresaber.com/covers/4E4BA05CF67B325ED35A85557837B4C96C5B468A.png,4e4ba05cf67b325ed35a85557837b4c96c5b468a,12abd,2021-01-13T10:53:39.366Z,6,21.0,-0.6,237,0,4,8.542,80.0,Standard,2379,False,False,False,False,27.746,4.71,210795,0,0,0,0.003791581317999916,0.9263312697170236
762,307883,307883,291.1613,0.004776359438182765,,1,3,0,132,False,2022-10-18T15:45:47.000Z,302227,Tool,feat. Hatsune Miku,MARETU,Kitoyo & Emilia,346035,2020-10-24T21:24:14.000Z,2020-11-05T13:04:35.000Z,2020-10-31T16:46:17.000Z,,True,False,False,-1,8.56,3153,False,https://cdn.scoresaber.com/covers/6B9F13A8FDF111DA8FAA849A3615E2BCDCB4954A.png,6b9f13a8fdf111da8faa849a3615e2bcdcb4954a,102e2,2020-10-24T20:21:53.166Z,5,20.0,-0.6,384,0,55,8.246,133.5,Standard,1809,False,False,False,False,46.57,7.99,346035,0,0,0,1.3906910232885634,0.8897452569826751
1721,257752,257752,244.119,2.690498806716485e-06,,1,0,1,280,False,2022-10-18T15:43:17.000Z,302219,Tool,feat. Hatsune Miku,MARETU,Kitoyo & Emilia,276115,2020-10-24T20:52:22.000Z,2020-11-05T13:04:37.000Z,2020-10-31T16:46:16.000Z,,True,False,False,-1,6.32,7161,False,https://cdn.scoresaber.com/covers/6B9F13A8FDF111DA8FAA849A3615E2BCDCB4954A.png,6b9f13a8fdf111da8faa849a3615e2bcdcb4954a,102e2,2020-10-24T20:21:53.166Z,5,21.0,-0.6,308,0,33,7.035,125.5,Standard,1796,False,False,False,False,43.779,4.88,276115,0,0,0,0.0006568018781968216,0.9334951016786484
1374,1375499,1375499,313.8344,0.2161098061519458,,1,12,18,261,False,2022-10-18T15:40:40.000Z,219741,Twisted Drop Party,,t​+​pazolite & Getty,abcbadq,1622075,2020-04-11T15:38:24.000Z,2020-04-16T01:09:58.000Z,2020-04-11T18:05:27.000Z,,True,False,False,-1,10.02,3347,False,https://cdn.scoresaber.com/covers/F4EA5B4B5B6004EBAD86FABFB96409315DC621C3.png,f4ea5b4b5b6004ebad86fabfb96409315dc621c3,999e,2020-04-11T14:52:29.918Z,5,22.0,-0.3,1771,16,8,9.709,608.0,Standard,2159,False,False,False,False,182.4,10.02,1622075,0,0,2,67.82269134781222,0.8479873002173143
846,755601,755601,237.9469,1.185662299080856e-06,,1,0,1,806,False,2022-10-18T15:37:11.000Z,369947,Animosity,,Laur,ThySpoon,804195,2021-07-22T09:05:44.000Z,2021-08-25T01:20:18.000Z,2021-07-31T03:59:47.000Z,,True,False,False,-1,6.01,5329,False,https://cdn.scoresaber.com/covers/E0DED3EDC57A9281E224295BA8BAC61FFA71F966.png,e0ded3edc57a9281e224295ba8bac61ffa71f966,1a7f9,2021-07-21T21:14:18.025Z,5,18.0,0.0,882,375,278,6.077,508.0,Standard,5337,False,False,False,False,145.143,4.8,804195,0,0,6,0.0002821246685131625,0.9395743569656613
1048,205133,205133,210.275,2.715540129843331e-08,,1,0,0,243,True,2022-10-18T15:33:07.000Z,335240,KORO DISCO!,,Omiya Club,Pug,216315,2021-02-26T18:39:06.000Z,2021-03-08T17:09:54.000Z,2021-02-28T14:00:06.000Z,,True,False,False,-1,5.04,6651,False,https://cdn.scoresaber.com/covers/05CF9E9638473C2AD59E72B780AD7EDE83297FED.png,05cf9e9638473c2ad59e72b780ad7ede83297fed,14ae4,2021-02-26T18:35:51.073Z,2,16.0,-0.6,243,102,69,2.91,167.0,Standard,855,False,False,False,False,83.5,4.32,216315,0,1,33,5.710102008028065e-06,0.9483068673000024
542,235694,235694,165.6407,3.762119748598103e-13,,1,0,0,278,True,2022-10-18T15:31:18.000Z,325272,More One Night,(Assertive Hardcore Bootleg) [Short ver.],"Chito (CV: Minase Inori), Yuuri (CV: Kubo Yurika)",That_Narwhal,248515,2021-01-26T04:07:57.000Z,2021-02-03T19:47:25.000Z,2021-01-26T04:21:25.000Z,,True,False,False,-1,3.97,4591,False,https://cdn.scoresaber.com/covers/E774B798DA2258D2FE017E84B79B9AD3A86162B9.png,e774b798da2258d2fe017e84b79b9ad3a86162b9,132e9,2021-01-26T03:36:52.050Z,6,15.0,0.5,278,24,40,4.4,179.0,Standard,2352,True,False,False,False,63.176,2.69,248515,0,0,4,6.231601486416139e-11,0.9484095527432952
280,632933,632933,204.8241,8.999180003901776e-09,,1,0,0,732,True,2022-10-18T15:29:18.000Z,313759,Vettem a Piacon,,Rostas Szabika,FatBeanzoop & Gaelicanz,666195,2020-12-20T11:03:16.000Z,2020-12-26T15:21:43.000Z,2020-12-20T16:47:50.000Z,,True,False,False,-1,4.86,1519,False,https://cdn.scoresaber.com/covers/FEEB8DDD50438943062AD69D88545A9AF132B387.png,feeb8ddd50438943062ad69d88545a9af132b387,11c13,2020-12-20T10:50:20.460Z,4,18.0,-0.05,732,0,54,4.202,540.0,Standard,8218,False,False,False,False,174.194,3.62,666195,0,0,0,1.8432489450371775e-06,0.9500716757105653
1072,1061714,1061714,318.3328,0.3558705806765121,,1,3,6,440,False,2022-10-17T18:00:08.000Z,327134,Evacuate The Moshpit,,Imil,Emilia & Oddloop,1175875,2021-01-31T21:38:17.000Z,2021-02-07T23:24:11.000Z,2021-01-31T22:13:40.000Z,,True,False,False,-1,9.08,3247,False,https://cdn.scoresaber.com/covers/48C1968A3A37307D61E90AC20EA8497821FB5A25.png,48c1968a3a37307d61e90ac20ea8497821fb5a25,1374b,2021-01-31T21:24:48.508Z,8,20.0,-0.333,1286,0,169,8.557,500.973,Standard,5477,False,False,False,False,150.292,8.78,1175875,0,0,0,113.28527838438,0.9029140002126076
445,812555,812555,297.6415,0.01662038327146577,,1,10,4,183,False,2022-10-17T17:46:06.000Z,364696,Felis,,M2U,ComplexFrequency & Checkthepan,947715,2021-06-26T05:12:11.000Z,2021-07-06T15:32:23.000Z,2021-06-27T12:36:45.000Z,,True,False,False,-1,9.34,1280,False,https://cdn.scoresaber.com/covers/21A989606D52EDF96B2971DBEDE366B1D0523088.png,21a989606d52edf96b2971dbede366b1d0523088,198db,2021-06-25T16:08:37.481Z,7,18.0,-0.5,1038,0,147,7.818,343.0,Standard,3587,False,False,False,False,132.774,8.62,947715,0,0,0,4.946915807493979,0.8573832850593269
1209,941607,941607,301.9755,0.02939030012866643,,1,1,8,362,False,2022-10-17T17:43:11.000Z,321342,VVelcome!!,,MisoilePunch,SieR,1057195,2021-01-14T07:48:03.000Z,2021-01-22T05:28:30.000Z,2021-01-14T21:43:44.000Z,,True,False,False,-1,8.86,3907,False,https://cdn.scoresaber.com/covers/C6E1038A84CB5BB25A4FF849E81770DB6106C3D5.png,c6e1038a84cb5bb25a4ff849e81770db6106c3d5,12b53,2021-01-14T07:32:24.088Z,2,20.0,0.5,1157,0,2,10.03,509.5,Standard,4935,False,False,False,False,115.358,8.72,1057195,0,0,0,8.87515057650411,0.8906653928556226
1263,1286239,1286239,286.1712,0.002104869661556809,,1,5,10,495,False,2022-10-17T17:25:51.000Z,220119,Rasen Hikou,[ft. Hatsune Miku],Omoi,LemoNade,1442675,2020-04-12T18:36:54.000Z,2020-04-18T23:42:19.000Z,2020-04-14T06:12:14.000Z,,True,False,False,-1,8.38,4385,False,https://cdn.scoresaber.com/covers/A6BCB9BEDCAD2A6F636D8051C089B4B63CC0043A.png,a6bcb9bedcad2a6f636d8051c089b4b63cc0043a,9a3d,2020-04-12T18:17:01.799Z,5,21.0,0.0,1576,0,8,7.641,687.5,Standard,1704,False,False,False,False,206.25,8.09,1442675,0,0,0,0.6023530768913059,0.8915653213648258
2219,891924,891924,294.4205,0.009398922055273111,,1,3,8,268,False,2022-10-17T17:21:15.000Z,278236,Antithese,,Blacklolita,That_Narwhal,1005675,2020-07-11T05:05:42.000Z,2020-07-15T12:48:46.000Z,2020-07-11T07:33:38.000Z,,True,False,False,-1,8.71,7208,False,https://cdn.scoresaber.com/covers/228B9E3EDC52B7F6B35FE8D47DAFA126E6D62D32.png,228b9e3edc52b7f6b35fe8d47dafa126e6d62d32,bd6a,2020-07-11T05:00:52.813Z,6,22.0,-0.55,1101,22,133,8.072,391.0,Standard,3606,False,False,False,False,136.395,7.96,1005675,0,0,2,2.767235330974537,0.8868908941755538
964,1025907,1025907,287.5688,0.002701058653955383,,1,1,4,524,False,2022-10-17T17:18:00.000Z,341371,Nine Circles,,NIGHTkilla,Jabob & lobster,1116075,2021-03-20T18:50:35.000Z,2021-04-25T18:12:03.000Z,2021-04-12T11:48:07.000Z,,True,False,False,-1,7.84,5824,False,https://cdn.scoresaber.com/covers/D74580054A2CC8215947567C0B3721BB3663079E.png,d74580054a2cc8215947567c0b3721bb3663079e,15ac0,2021-03-20T18:44:46.391Z,7,19.0,-0.4,1221,268,465,6.227,568.679,Standard,4380,False,False,False,False,196.096,7.84,1116075,0,9,4,0.7767401958475648,0.9192097305288623
1310,1003045,1003045,303.1175,0.04506882762400549,,1,2,3,445,False,2022-10-17T17:14:09.000Z,387381,Farewell,,Xystran,Shark,1093075,2021-10-19T23:24:12.000Z,2021-11-06T05:08:16.000Z,2021-10-19T23:55:39.000Z,,True,False,False,-1,8.3,3986,False,https://cdn.scoresaber.com/covers/57953E9AEB0D36C764004DEDBE2679C8D1098685.png,57953e9aeb0d36c764004dedbe2679c8d1098685,,2021-10-19T23:17:39.091395Z,5,22.0,-0.4,1196,0,19,7.37,568.0,Standard,4759,False,False,False,False,162.286,7.93,1093075,0,0,0,13.661150357319485,0.917636026805114
1442,950782,950782,302.2665,0.03639486736226213,,1,8,5,341,False,2022-10-17T17:06:39.000Z,327979,Quaerite Veritatis,,Laur,Rusty & Nolanimations,1071915,2021-02-03T22:20:01.000Z,2021-02-16T12:31:38.000Z,2021-02-08T21:49:42.000Z,,True,False,False,-1,8.94,4550,False,https://cdn.scoresaber.com/covers/B4B6CAD8A29458FA9FBBA1394790CD1387E0DC87.png,b4b6cad8a29458fa9fbba1394790cd1387e0dc87,138f2,2021-02-03T21:16:32.025Z,5,22.0,-0.1,1173,13,44,8.147,527.951,Standard,4259,False,False,False,False,143.987,8.62,1071915,0,0,2,11.000949175555206,0.8869938381308219
546,1514179,1514179,305.8102,0.07161783487552006,,1,5,4,404,False,2022-10-17T17:02:26.000Z,331882,Azure Raindrop,,Akatsuki Records,Kival Evan,1659795,2021-02-16T05:36:54.000Z,2021-02-26T02:22:59.000Z,2021-02-16T05:47:26.000Z,,True,False,False,-1,8.5,4203,False,https://cdn.scoresaber.com/covers/04B4DFC0D8F8C7C427F620AE8E6411CD889FEEEA.png,04b4dfc0d8f8c7c427f620ae8e6411cd889feeea,14182,2021-02-16T04:15:24.283Z,7,19.0,-0.25,1812,0,250,7.915,671.5,Standard,19757,False,False,False,False,228.92,8.5,1659795,0,0,0,21.901464406849765,0.9122686837832383
1899,930534,930534,300.4876,0.02373383403366251,,1,3,3,446,False,2022-10-17T16:57:46.000Z,313911,CENSORED!!,,t+pazolite,Jabob,1020395,2020-12-20T15:51:30.000Z,2021-01-08T06:42:03.000Z,2020-12-21T17:59:20.000Z,,True,False,False,-1,8.36,9725,False,https://cdn.scoresaber.com/covers/FF0151FD1CF849A3FDFC99C8BA92B5BFA311F882.png,ff0151fd1cf849a3fdfc99c8ba92b5bfa311f882,11c77,2020-12-20T15:03:19.179Z,2,21.0,-0.33,1117,56,58,9.919,366.0,Standard,1855,False,False,False,False,112.615,8.06,1020395,0,0,0,7.131722827573566,0.9119350839625832
439,1431626,1431626,332.5383,0.8075396960820155,,1,2,1,1206,False,2022-10-17T16:54:34.000Z,313765,Vettem a Piacon,,Rostas Szabika,FatBeanzoop & Gaelicanz,1542955,2020-12-20T11:09:12.000Z,2020-12-26T15:21:47.000Z,2020-12-20T16:47:46.000Z,,True,False,False,-1,8.8,2685,False,https://cdn.scoresaber.com/covers/FEEB8DDD50438943062AD69D88545A9AF132B387.png,feeb8ddd50438943062ad69d88545a9af132b387,11c13,2020-12-20T10:50:20.460Z,4,21.0,-0.55,1685,0,31,9.673,540.0,Standard,8227,False,False,False,False,174.194,8.27,1542955,0,0,0,268.53787771763007,0.9278468911925494
741,577623,577623,222.3088,1.349357802476711e-07,,1,2,0,275,False,2022-10-17T16:43:49.000Z,327107,SAtAN,,P*Light,"Sombra, Fnyt & Slamsyk",621115,2021-01-31T20:45:14.000Z,2021-02-07T23:23:40.000Z,2021-01-31T21:02:44.000Z,,True,False,False,-1,5.84,4621,False,https://cdn.scoresaber.com/covers/4919283D28DEDC793D4E090F309B4662358E5984.png,4919283d28dedc793d4e090f309b4662358e5984,13735,2021-01-31T20:35:21.123Z,7,19.0,-0.8,683,16,68,5.949,574.0,Standard,1637,False,False,False,False,114.8,5.1,621115,0,0,1,2.9997411383923462e-05,0.929977540391071
263,222145,222145,175.8044,5.069192001834873e-12,,1,0,0,260,True,2022-10-17T16:39:34.000Z,321099,Rocket Cider,(Harutya Cover),NayutalieN,SmileEaglet,231955,2021-01-13T14:52:19.000Z,2021-01-22T05:18:38.000Z,2021-01-13T19:28:54.000Z,,True,False,False,-1,3.92,620,False,https://cdn.scoresaber.com/covers/E2C9DE36B484437F7427AE748E3F3CDD3B2C3BD6.png,e2c9de36b484437f7427ae748e3f3cdd3b2c3bd6,12ac8,2021-01-13T14:36:08.411Z,6,11.0,0.5,260,0,38,1.435,598.0,Standard,4588,False,False,False,False,181.212,1.24,231955,36,4,0,8.911862583673786e-10,0.957707313918648
1296,1702617,1702617,0,3.588031891236372e-22,,1,5,36,206,False,2022-10-15T17:00:31.000Z,378280,I got it! ,(7_7 bootleg),Mia REGINA,cerret,2017675,2021-09-05T22:08:16.000Z,,,,False,False,False,-1,0,2881,False,https://cdn.scoresaber.com/covers/2A42A5C365ADE9779BD1830A12A1278CD355B942.png,2a42a5c365ade9779bd1830a12a1278cd355b942,,2021-09-05T21:56:22.335911Z,6,22.0,-0.3,2201,64,10,11.109,759.5,Standard,9622,False,False,False,False,198.13,,2017675,0,0,4,0.0,0.8438509670784442
2763,2054521,2054521,280.4096,0.000626835901217572,,1,28,40,262,False,2022-10-15T16:56:19.000Z,349177,An artifice (that would have disrupted the far old monarchy in the course of time),,Camellia,ThySpoon,2554035,2021-04-18T02:15:03.000Z,2021-05-07T03:56:16.000Z,2021-04-27T23:33:52.000Z,,True,False,False,-1,9.62,4806,False,https://cdn.scoresaber.com/covers/DDE59D50E03BE07D360140F98B3EE76680C6A8F8.png,dde59d50e03be07d360140f98b3ee76680c6a8f8,16d07,2021-04-17T22:35:43.427Z,7,22.0,-0.25,2784,168,701,10.644,1116.0,Standard,13431,False,False,False,False,261.563,9.62,2554035,0,0,26,0.17577080432605888,0.8044216308703679
342,792220,396110,0,5.191678538456019e-21,NF,0.5,10,184,146,False,2022-10-15T16:16:15.000Z,361066,Pure Evil,(Kobaryo FTN-Remix),kors k,cerret,1447275,2021-06-08T17:00:29.000Z,,,,False,False,False,-1,0,576,False,https://cdn.scoresaber.com/covers/DCA59377B1DE3360D13E290AF1019B1AFA6D6683.png,dca59377b1de3360d13e290af1019b1afa6d6683,18f0b,2021-06-08T05:49:13.015Z,6,23.5,-1.35,1581,0,8,14.223,704.0,Standard,5699,False,False,False,False,111.158,,1447275,0,0,0,0.0,0.5473873313641153
126,1156845,1156845,0,5.009969789610058e-21,,1,7,11,304,False,2022-10-15T16:10:40.000Z,389353,Winter Death,,DJ Myosuke,Fnyt,1346075,2021-10-25T22:55:15.000Z,,,,False,False,False,-1,0,249,False,https://cdn.scoresaber.com/covers/2CBA9CE9D16D128E20ABDDC3E4A802CD0BB457AB.png,2cba9ce9d16d128e20abddc3e4a802cd0bb457ab,,2021-10-25T21:48:44.262367Z,5,20.0,-0.7,1471,300,218,9.577,1024.0,Standard,6704,False,False,False,False,153.6,,1346075,0,0,32,0.0,0.8594209089389522
736,821000,821000,0,3.152754690809425e-21,,1,12,2,202,False,2022-10-15T16:02:10.000Z,320476,2 Phut Hon,KAIZ Remix,Phao,Adrius,948635,2021-01-11T12:44:52.000Z,,,,False,False,False,-1,0,5233,False,https://cdn.scoresaber.com/covers/69AF98A557C17BD7EEF27F8A338CA35426DC9A54.png,69af98a557c17bd7eef27f8a338ca35426dc9a54,128ab,2021-01-11T12:28:25.180Z,5,17.0,0.0,1039,32,177,5.038,440.0,Standard,1710,False,False,False,False,206.25,,948635,43,30,0,0.0,0.8654540471308775
7896,514729,514729,0,5.885355435097389e-25,,1,6,9,224,False,2022-10-15T15:58:13.000Z,288073,Midnight Lady,,Dirty Androids,Reaxt,615595,2020-08-20T16:56:05.000Z,,,,False,False,False,-1,0,60147,False,https://cdn.scoresaber.com/covers/EE501D7348223470C16CA88EAC4A946E41CD11A9.png,ee501d7348223470c16ca88eac4a946e41cd11a9,da60,2020-08-20T16:48:21.705Z,2,18.0,0.0,677,0,4877,5.642,256.0,Standard,767,True,False,True,False,120.0,,615595,7,0,0,0.0,0.8361487666404048
454,243094,243094,0,4.665409117329626e-21,,1,4,1,151,False,2022-10-15T15:45:59.000Z,411398,"Dance, Fucker, Dance",,Imil,SuperMemer417,289915,2022-01-18T22:11:21.000Z,,,,False,False,False,-1,0,1203,False,https://cdn.scoresaber.com/covers/0FD3AE83D875C08463F3E6AE70B27BE07397BE71.png,0fd3ae83d875c08463f3e6ae70b27be07397be71,,2022-01-18T22:00:43.519713Z,3,21.0,-1.619,323,0,2,12.642,127.75,Standard,1196,False,False,False,False,25.55,,289915,0,0,0,0.0,0.8385009399306693
1148,866070,866070,278.6053,0.000471381320760781,,1,0,3,657,False,2022-10-11T17:36:37.000Z,320372,Nibelungen,,Gram,ComplexFrequency,937595,2021-01-11T02:21:01.000Z,2021-01-22T05:08:50.000Z,2021-01-11T02:57:56.000Z,,True,False,False,-1,7.48,6435,False,https://cdn.scoresaber.com/covers/62128DFDD39DB6A2CC380C254031A9D4367B87A1.png,62128dfdd39db6a2cc380c254031a9d4367b87a1,127ec,2021-01-11T02:03:36.770Z,8,20.0,0.25,1027,39,10,5.735,662.596,Standard,9773,False,False,False,False,179.08,7.48,937595,0,0,3,0.1313293342849536,0.92371439694111
1128,855167,855167,297.4807,0.01547731641197071,,1,1,4,354,False,2022-10-11T17:26:36.000Z,414581,BATTLE NO.1,,TANO*C Sound Team,"Bitz, HypersonicSharkz & Luck",933915,2022-01-29T17:18:35.000Z,2022-06-14T05:01:05.000Z,2022-06-06T17:25:51.000Z,,True,False,False,-1,8.19,4501,False,https://cdn.scoresaber.com/covers/BDEBD0E4B5DF0A8AD592E04D294C8E3DF4248667.png,bdebd0e4b5df0a8ad592e04d294c8e3df4248667,,2022-01-29T16:40:24.157836Z,5,18.5,-0.18,1023,104,178,8.061,423.0,Standard,17719,True,False,False,False,126.9,8.19,933915,0,0,50,4.604202920354536,0.9156796924773668
1409,501506,501506,284.8073,0.001422412811422217,,1,0,0,594,True,2022-10-11T17:18:36.000Z,379722,My Album Is Out On Dance Corps So Now I Am Allowed To Do A Dancecore Yay!,,Imil,Emilia,539235,2021-09-13T20:51:50.000Z,2021-09-21T18:55:10.000Z,2021-09-14T06:30:38.000Z,,True,False,False,-1,7.48,6227,False,https://cdn.scoresaber.com/covers/7091E07305AAB0E1E85F4C292C97750D138A9E4B.png,7091e07305aab0e1e85f4c292c97750d138a9e4b,,2021-09-13T20:32:52.982222Z,7,19.0,0.3,594,105,250,5.742,431.063,Standard,2204,False,False,False,False,103.455,7.48,539235,1,0,30,0.4051135523065708,0.9300323606590819
2515,941047,941047,299.1959,0.01916601312240482,,1,1,5,256,False,2022-10-11T17:10:46.000Z,408620,Chou*Chou*Kou*Soku*De*Mae*Sai*Soku!!! Speed*Star*Kanade,(feat. Nanahira),Camellia,spectre158,1051675,2022-01-09T18:48:24.000Z,2022-01-21T09:07:23.000Z,,,True,False,False,-1,8.7,9444,False,https://cdn.scoresaber.com/covers/1D0ED8A10ECFCBCA37ADF30169A2EF7ED7B7BA7E.png,1d0ed8a10ecfcbca37adf30169a2ef7ed7b7ba7e,,2022-01-09T18:37:41.134436Z,6,22.0,-0.1,1151,36,87,9.95,481.99,Standard,2277,False,False,False,False,115.678,8.7,1051675,0,0,0,5.734392545569721,0.8948078065942425
680,710545,710545,296.7111,0.01441286397573742,,1,1,2,355,False,2022-10-11T17:01:47.000Z,508975,MixxioN,,MisoilePunch,Cobayo,771995,2022-08-21T04:06:37.000Z,2022-09-20T20:27:13.000Z,2022-08-21T04:22:34.000Z,,True,False,False,-1,8.06,3031,False,https://cdn.scoresaber.com/covers/3EAF77338627C3947E7A47EB20EADE43EC7271F7.png,3eaf77338627c3947e7a47eb20eade43ec7271f7,,2022-08-21T03:58:00.386327Z,2,20.0,-1.7,847,0,246,7.416,523.5,Standard,4030,False,False,False,False,114.218,7.88,771995,0,0,0,4.276456724391423,0.920401038866832
1005,1975372,1975372,306.9273,0.08258704631553215,,1,48,102,144,False,2022-10-11T16:58:48.000Z,287407,"BANGER A.F., BROOOO!!!",,"Camellia as ""Bang Riot""",abcbadq,2842915,2020-08-16T18:53:25.000Z,2020-08-21T01:00:40.000Z,2020-08-16T21:42:02.000Z,,True,False,False,-1,11.95,1536,False,https://cdn.scoresaber.com/covers/9B6C79E80137F947F8A65F8070624436BCC8D5F9.png,9b6c79e80137f947f8a65f8070624436bcc8d5f9,d7f7,2020-08-16T18:48:02.136Z,5,23.0,-0.2,3098,20,100,12.281,1030.063,Standard,11175,False,False,False,False,252.26,11.9,2842915,0,0,1,25.34821914060123,0.6948403311389894
531,985758,985758,296.2659,0.01342161925580608,,1,0,3,559,False,2022-10-11T16:46:18.000Z,287663,Fracture Ray,,Sakuzyo,muffn & FatBeanzoop,1068235,2020-08-18T14:46:18.000Z,2020-08-22T20:51:23.000Z,2020-08-18T20:41:17.000Z,,True,False,False,-1,7.98,4368,False,https://cdn.scoresaber.com/covers/EF2A01516FE6E6092165FCBB789214973A0DFE23.png,ef2a01516fe6e6092165fcbb789214973a0dfe23,d8f5,2020-08-18T14:26:13.412Z,5,20.0,-0.2,1169,0,32,8.118,480.0,Standard,9032,False,False,False,False,144.0,7.18,1068235,0,0,0,3.9763681082787183,0.9227913333676578
698,766929,766929,304.2461,0.05581004604809942,,1,1,1,606,False,2022-10-11T16:41:59.000Z,509074,Iro o Ushinatta Machi,feat. Camellia,Camellia,CoolingCloset & Helloiamdaan & Nolanimations,828115,2022-08-21T08:38:05.000Z,2022-09-20T20:28:45.000Z,2022-08-24T08:33:26.000Z,,True,False,False,-1,8.1,3591,False,https://cdn.scoresaber.com/covers/4E19C93FF2D7E086536AEAB2F551C2E184160640.png,4e19c93ff2d7e086536aeab2f551c2e184160640,,2022-08-20T23:09:37.620280Z,7,18.0,-0.45,908,0,69,7.659,656.0,Standard,5515,False,False,False,False,118.554,7.74,828115,0,0,0,16.979988850954662,0.9261141266611521
1182,1910760,1910760,317.6089,0.331395581490485,,1,20,22,282,False,2022-10-11T16:28:39.000Z,323419,NUCLEAR-STAR,,Camellia,abcbadq,2253195,2021-01-20T02:14:54.000Z,2021-01-28T22:22:07.000Z,2021-01-20T02:18:05.000Z,,True,False,False,-1,10.14,2749,False,https://cdn.scoresaber.com/covers/F9AC70B21601632404DE719896FC7A692F5CF617.png,f9ac70b21601632404de719896fc7a692f5cf617,12ed7,2021-01-20T02:08:18.202Z,5,21.0,-0.3,2457,0,385,9.229,883.0,Standard,8844,False,False,False,False,266.231,10.14,2253195,0,0,0,105.2541861020533,0.8480224747525181
744,268991,268991,176.5569,7.50133039268687e-12,,1,0,0,316,True,2022-10-11T16:21:04.000Z,276945,IZANA,,t+pazolite vs PLight,That_Narwhal,283475,2020-07-06T02:40:36.000Z,2020-07-11T20:55:29.000Z,2020-07-06T17:30:49.000Z,,True,False,False,-1,4.22,2161,False,https://cdn.scoresaber.com/covers/FBACAD01FF82C3457FD0E5A1907D5C1C07A20A93.png,fbacad01ff82c3457fd0e5a1907d5c1c07a20a93,ba09,2020-07-06T02:29:19.672Z,7,14.0,0.1,316,0,30,2.616,447.0,Standard,1846,False,False,False,False,120.811,2.05,283475,0,0,0,1.3244116400085765e-09,0.9489055472263868
659,78513,78513,186.6612,6.830380016755749e-11,,1,0,0,97,True,2022-10-11T16:12:12.000Z,321055,Ending,,Thaehan,FatBeanzoop,81995,2021-01-13T10:55:43.000Z,2021-01-22T05:23:50.000Z,2021-01-14T02:11:23.000Z,,True,False,False,-1,4.17,2138,False,https://cdn.scoresaber.com/covers/4E4BA05CF67B325ED35A85557837B4C96C5B468A.png,4e4ba05cf67b325ed35a85557837b4c96c5b468a,12abd,2021-01-13T10:53:39.366Z,6,17.0,-0.1,97,0,16,3.496,80.0,Standard,2379,False,False,False,False,27.746,1.65,81995,0,0,0,1.2749669303836482e-08,0.9575339959753644
1761,1263073,631537,44.02012,3.66423526214272e-15,NF,0.5,29,193,157,False,2022-10-07T17:07:31.000Z,350370,Party People,,Laur,Helloiamdaan & Nolanimations,2000195,2021-04-22T12:34:19.000Z,2021-05-03T21:43:58.000Z,2021-04-22T22:38:37.000Z,,True,False,False,-1,10.9,3615,False,https://cdn.scoresaber.com/covers/4BBDAA1004A00EEB9C8D9432640E1C7D490B46D9.png,4bbdaa1004a00eeb9c8d9432640e1c7d490b46d9,1703f,2021-04-22T12:28:56.751Z,7,23.0,-1.55,2182,0,82,12.227,1041.0,Standard,6003,False,False,False,False,178.457,10.9,2000195,0,0,0,1.61300075947754e-13,0.6314749311942086
2411,1614479,1614479,270.1332,0.0001403786374105801,,1,9,9,295,False,2022-10-07T16:53:34.000Z,289527,Revenge,"(ReeK's ""Dude, What's A Genre?"" Remix) (feat. CaptainSparklez)",TryHardNinja,Ramen Noodle,1831835,2020-08-27T21:17:39.000Z,2020-09-02T00:14:18.000Z,2020-08-28T08:07:58.000Z,,True,False,False,-1,8.09,7203,False,https://cdn.scoresaber.com/covers/312E16C63C727303286A0278A713A3BCFEA8186D.png,312e16c63c727303286a0278a713a3bcfea8186d,def0,2020-08-27T20:39:39.361Z,6,20.0,-0.5,1999,114,1251,7.377,1490.402,Standard,19254,True,False,False,False,270.982,8.09,1831835,27,0,4,0.03792093053535971,0.881345208493123
2060,1251379,1251379,312.8962,0.180846888269726,,1,11,29,243,False,2022-10-07T16:26:16.000Z,359567,The Everlasting Calamity That Shifts The Time - Space Continuum On A Nanosecondal Basis,[LEVEL 3],ReeK,Jabob & Helloiamdaan,1533755,2021-05-30T23:10:35.000Z,2021-06-09T21:36:54.000Z,2021-05-30T23:17:42.000Z,,True,False,False,-1,10.54,4085,False,https://cdn.scoresaber.com/covers/59B5445E569B55FDBD72FECC035607D3CEB7E9F1.png,59b5445e569b55fdbd72fecc035607d3ceb7e9f1,188ed,2021-05-30T22:58:12.946Z,9,22.0,0.2,1675,349,178,11.985,667.359,Standard,7816,False,False,False,False,139.761,10.54,1533755,0,0,13,56.58630412142185,0.8158923687290343
305,374422,374422,174.8449,3.425620017552973e-12,,1,0,0,434,True,2022-10-07T16:12:48.000Z,194471,Tsurupettan,,Silver Forest,Kival Evan,392035,2019-12-31T13:15:23.000Z,2020-01-16T07:40:24.000Z,2020-01-12T02:39:42.000Z,,True,False,False,-1,3.99,2031,False,https://cdn.scoresaber.com/covers/3751C4E80EA591856BE52EBCA2A9F654B0888D2A.png,3751c4e80ea591856be52ebca2a9f654b0888d2a,7b30,2019-12-31T09:50:40.054Z,7,12.0,0.0,434,0,95,2.913,447.0,Standard,6575,False,False,False,False,149.0,1.84,392035,8,4,0,5.989521894070478e-10,0.9550728889002258
804,494413,494413,184.6788,4.002714062818967e-11,,1,1,3,191,False,2022-10-07T16:02:35.000Z,359562,The Everlasting Calamity That Shifts The Time - Space Continuum On A Nanosecondal Basis,[LEVEL 3],ReeK,Jabob & Helloiamdaan,540155,2021-05-30T23:02:06.000Z,2021-06-09T21:36:40.000Z,2021-05-30T23:17:49.000Z,,True,False,False,-1,5.09,2178,False,https://cdn.scoresaber.com/covers/59B5445E569B55FDBD72FECC035607D3CEB7E9F1.png,59b5445e569b55fdbd72fecc035607d3ceb7e9f1,188ed,2021-05-30T22:58:12.946Z,9,17.0,-0.76,595,272,321,4.309,659.359,Standard,7773,False,False,False,False,138.086,3.8,540155,0,0,5,7.392164298645314e-09,0.9153168997787672
620,172487,172487,184.0487,3.471073583497048e-11,,1,0,0,204,True,2022-10-07T15:57:24.000Z,285219,Bassline Yatteru? w,feat. Nanahira (Cranky Remix) (Short Ver.),Camellia,Uninstaller,180435,2020-08-08T03:14:12.000Z,2020-08-12T10:17:17.000Z,2020-08-08T03:38:43.000Z,,True,False,False,-1,4.17,1795,False,https://cdn.scoresaber.com/covers/75CCD1DEF27021C38B58246F650802D9702BC70E.png,75ccd1def27021c38b58246f650802d9702bc70e,d0f6,2020-08-08T03:07:58.881Z,6,12.0,1.0,204,18,41,2.169,243.0,Standard,3144,False,False,False,False,94.065,1.72,180435,28,1,0,6.388465806469731e-09,0.9559508964447031
1678,2091548,2091548,285.7769,0.001761415343819523,,1,12,35,398,False,2022-10-04T19:21:09.000Z,287804,Xronial Xero,,"Camellia as ""menaXe inXonnu""",Foxy Boi & altrewin,2501595,2020-08-19T07:23:19.000Z,2020-08-24T16:29:37.000Z,2020-08-20T11:30:07.000Z,,True,False,False,-1,9.31,3364,False,https://cdn.scoresaber.com/covers/4F003B1A4144A7AF68FA1F846D480239B2BC5CA2.png,4f003b1a4144a7af68fa1f846d480239b2bc5ca2,d96f,2020-08-19T06:23:19.529Z,5,23.0,-1.2,2727,88,741,9.855,1545.0,Standard,13370,False,False,False,False,276.716,9.3,2501595,0,0,8,0.5033718165691775,0.8360857772740992
1108,1474415,1474415,297.5124,0.01603866985696446,,1,0,2,921,False,2022-10-04T19:09:09.000Z,403551,Thunderstrike,,SEPHID,abcbadq & Timbo,1582515,2021-12-19T00:52:30.000Z,2021-12-28T07:03:46.000Z,,,True,False,False,-1,7.76,3693,False,https://cdn.scoresaber.com/covers/56CF317021261B351879DF2430462A6425AB9960.png,56cf317021261b351879df2430462a6425ab9960,,2021-12-19T00:44:50.969174Z,5,20.0,0.1,1728,36,815,5.707,1292.0,Standard,6363,False,False,False,False,302.813,7.62,1582515,0,0,1,4.771703161953154,0.9316910108277014
819,1043908,1043908,292.8883,0.006581898511454519,,1,0,0,1212,True,2022-10-04T19:02:49.000Z,407019,PanicPop*FESTIVAL!!!,,DJ Genki,Shan_Man & Nolanimations,1107795,2022-01-04T06:08:32.000Z,2022-01-14T21:51:22.000Z,,,True,False,False,-1,7.28,5964,False,https://cdn.scoresaber.com/covers/2D2507A054CB9F59840B5829E08EA5456D5F2E2C.png,2d2507a054cb9f59840b5829e08ea5456d5f2e2c,,2022-01-04T05:49:58.182380Z,5,20.0,0.0,1212,8,29,9.164,507.0,Standard,5151,False,False,False,False,132.261,7.23,1107795,0,0,2,1.9277610657924447,0.9423295826393873
2080,496114,496114,273.377,0.0002152649201897507,,1,20,11,78,False,2022-10-04T19:00:01.000Z,360550,Heart of Witch,(DEEMO Arr.),ReX (Piano: Ayatsugu_Otowa),Uninstaller,673555,2021-06-05T22:12:46.000Z,2021-06-20T11:10:50.000Z,2021-06-08T21:30:27.000Z,,True,False,False,-1,10.2,5347,False,https://cdn.scoresaber.com/covers/403FE120B764A47A4A129F45A27541F4B00DCE90.png,403fe120b764a47a4a129f45a27541f4b00dce90,18d3e,2021-06-05T22:01:25.781Z,6,19.0,-0.25,740,0,4,8.847,237.0,Standard,2710,False,False,False,False,83.647,10.25,673555,2,62,0,0.05884847808671348,0.7365604887499907
2864,903627,903627,252.5703,9.362176766173723e-06,,1,1,10,332,False,2022-10-04T18:58:18.000Z,219508,VECTLEGGENDARIA,,Rotteen,Vilawes,1022235,2020-04-10T19:05:01.000Z,2020-04-15T01:15:00.000Z,2020-04-10T21:35:47.000Z,,True,False,False,-1,7.52,8849,False,https://cdn.scoresaber.com/covers/1C09E823E2B9720E573EA46C53C62EDAAAD51665.png,1c09e823e2b9720e573ea46c53c62edaaad51665,995e,2020-04-10T18:58:34.779Z,5,20.0,-0.3,1119,0,0,9.607,523.0,Standard,1782,False,False,False,False,116.654,7.41,1022235,0,0,0,0.002364607794485527,0.8839718851340446
1343,937970,937970,303.4116,0.05015270027655142,,1,0,2,614,False,2022-10-04T18:55:14.000Z,321591,666,,RoughSketch,cerret,1012115,2021-01-15T00:04:36.000Z,2021-01-22T05:31:49.000Z,2021-01-15T01:10:21.000Z,,True,False,False,-1,8.06,8415,False,https://cdn.scoresaber.com/covers/3DE687620B5722A9AA411AC6592D80E79537755B.png,3de687620b5722a9aa411ac6592d80e79537755b,12bd2,2021-01-15T00:00:23.551Z,4,21.0,-1.35,1108,53,50,9.49,648.0,Standard,4825,False,False,False,False,116.757,7.72,1012115,0,0,0,15.216911035228911,0.9267425144375886
890,247622,247622,271.2123,0.0001677507443392003,,1,0,0,295,True,2022-10-04T18:52:15.000Z,383038,21st Century Humor But It's A Rave Song,(RADIO VERSION),R O C K Y,miitchel,264155,2021-10-04T17:50:27.000Z,2021-10-18T10:41:24.000Z,2021-10-05T15:52:25.000Z,,True,False,False,-1,6.91,8951,False,https://cdn.scoresaber.com/covers/5C6D84C52B7B1B387CA62D9217E99D9303D2E716.png,5c6d84c52b7b1b387ca62d9217e99d9303d2e716,,2021-10-04T17:35:22.262043Z,6,18.0,-0.13,295,0,39,7.86,125.102,Standard,391,False,False,False,False,37.531,6.79,264155,0,0,0,0.04549606519894649,0.9374117468910299
2347,255456,255456,303.8208,0.05385669443641593,,1,4,2,92,False,2022-10-04T18:50:42.000Z,383037,21st Century Humor But It's A Rave Song,(RADIO VERSION),R O C K Y,miitchel,309235,2021-10-04T17:49:55.000Z,2021-10-18T10:41:28.000Z,2021-10-05T15:52:23.000Z,,True,False,False,-1,10.07,9260,False,https://cdn.scoresaber.com/covers/5C6D84C52B7B1B387CA62D9217E99D9303D2E716.png,5c6d84c52b7b1b387ca62d9217e99d9303d2e716,,2021-10-04T17:35:22.262043Z,6,20.0,-0.37,344,41,36,9.166,125.102,Standard,420,False,False,False,False,37.531,10.07,309235,0,5,2,16.362783989027438,0.8260901903083415
670,757357,757357,263.6755,4.820814525753484e-05,,1,0,1,551,False,2022-10-04T18:48:35.000Z,378579,BATTLE NO.1,,TANO*C Sound Team,Various Mappers,806955,2021-09-07T12:41:49.000Z,2021-10-04T04:10:33.000Z,2021-09-19T22:47:54.000Z,,True,False,False,-1,6.69,4080,False,https://cdn.scoresaber.com/covers/01BDA6C582867AD1F9664D1382488D7FA925ED6B.png,01bda6c582867ad1f9664d1382488d7fa925ed6b,,2021-09-07T12:31:09.689179Z,6,19.0,-0.2,885,10,51,7.041,419.0,Standard,3475,False,False,False,False,125.7,6.47,806955,0,0,1,0.012711306804853127,0.938536845301163
1351,1105548,1105548,290.4102,0.004447865317821745,,1,1,3,686,False,2022-10-04T18:44:46.000Z,362925,Viyella's Scream,,Laur,Timbo,1198875,2021-06-18T15:03:25.000Z,2021-06-29T22:49:09.000Z,2021-06-19T17:01:15.000Z,,True,False,False,-1,7.84,7644,False,https://cdn.scoresaber.com/covers/7ACE8EEE8E217A00A895AA7D12977CBC9AC0CDC5.png,7ace8eee8e217a00a895aa7d12977cbc9ac0cdc5,1949e,2021-06-18T15:00:59.868Z,6,19.0,-0.1,1311,51,221,8.896,560.0,Standard,6213,False,False,False,False,147.368,7.84,1198875,0,0,4,1.2917054565216763,0.922154519862371
777,906149,906149,288.5327,0.003344799849543319,,1,2,3,640,False,2022-10-04T18:41:38.000Z,359153,Bailandorape,,Imil & m1dlet,Emilia,982675,2021-05-27T16:08:20.000Z,2021-06-26T18:32:48.000Z,2021-06-15T20:51:19.000Z,,True,False,False,-1,7.79,3305,False,https://cdn.scoresaber.com/covers/DD868B8675B3366C37C91305336CD1793E8FC093.png,dd868b8675b3366c37c91305336cd1793e8fc093,18752,2021-05-27T15:57:41.602Z,6,19.0,-1.3,1076,0,51,5.951,904.0,Standard,5516,False,False,False,False,180.8,7.79,982675,42,0,0,0.9650841315483275,0.9221248123743863
807,1188007,1188007,310.6366,0.1222113347343516,,1,0,0,1398,True,2022-10-04T18:36:58.000Z,347062,Memento Mori,(Extended Ver.),Massive New Krew,abcbadq,1278915,2021-04-10T02:58:15.000Z,2021-04-18T16:13:16.000Z,2021-04-10T03:41:25.000Z,,True,False,False,-1,8.19,4574,False,https://cdn.scoresaber.com/covers/D1F62A2CC48925B51C0EAFC9B7C813573E7CFADA.png,d1f62a2cc48925b51c0eafc9b7c813573e7cfada,167ef,2021-04-10T02:49:45.604Z,5,19.0,0.13,1398,4,314,7.518,681.813,Standard,4737,False,False,False,False,185.949,8.19,1278915,0,0,1,37.963313503340885,0.9289178717897593
657,204065,102033,0,5.239999132216419e-23,NF,0.5,14,21,128,False,2022-10-04T18:31:05.000Z,343523,20th Century Fox,,Alfred Newman,Tribe,415955,2021-03-28T22:16:39.000Z,,,,False,False,False,-1,0,1415,False,https://cdn.scoresaber.com/covers/77056A7FD2E61C0AD1035A770AAC6AC3F7FEC3C1.png,77056a7fd2e61c0ad1035a770aac6ac3f7fec3c1,16001,2021-03-28T22:11:09.194Z,3,20.0,0.0,460,12,0,24.769,55.0,Standard,238,False,False,False,False,18.572,,415955,0,0,6,0.0,0.4905939344400236
2172,871773,435887,52.50437,1.470341209172594e-14,NF,0.5,16,48,99,False,2022-10-04T18:26:35.000Z,192587,SEITEN NO TERIYAKI,,Kobaryo,fraies & Souk,1254075,2019-12-22T22:22:03.000Z,2019-12-31T18:55:45.000Z,2019-12-27T14:33:33.000Z,,True,False,False,-1,11.81,3639,False,https://cdn.scoresaber.com/covers/97F3EC9CF48316CB1060CABA1029A0EEC0B402D4.png,97f3ec9cf48316cb1060caba1029a0eec0b402d4,78a8,2019-12-22T22:14:17.086Z,5,24.0,0.15,1371,38,35,12.809,487.0,Standard,6011,False,False,False,False,107.033,11.81,1254075,0,0,0,7.719933887264526e-13,0.6951522038155613
1927,878953,439477,54.90598,2.02615333733454e-14,NF,0.5,8,19,365,False,2022-10-04T18:24:32.000Z,192589,SEITEN NO TERIYAKI,,Kobaryo,fraies & Souk,1071915,2019-12-22T22:23:59.000Z,2019-12-31T18:55:46.000Z,2019-12-27T14:33:37.000Z,,True,False,False,-1,10.47,2594,False,https://cdn.scoresaber.com/covers/97F3EC9CF48316CB1060CABA1029A0EEC0B402D4.png,97f3ec9cf48316cb1060caba1029a0eec0b402d4,78a8,2019-12-22T22:14:17.086Z,5,22.0,0.45,1173,32,33,10.959,487.0,Standard,6011,False,False,False,False,107.033,9.75,1071915,0,0,1,1.112479346166235e-12,0.8199838606605935
1062,2026668,2026668,341.4131,0.8986321249999999,,1,12,16,566,False,2022-10-04T18:18:13.000Z,330234,Melancholia,(EKU's Desolation Remix),you,abcbadq,2300115,2021-02-11T14:08:26.000Z,2021-04-18T16:09:34.000Z,2021-04-07T23:22:47.000Z,,True,False,False,-1,10.23,2153,False,https://cdn.scoresaber.com/covers/0F78A1408C91134E3B309E0BBA16B5AE914596F1.png,0f78a1408c91134e3b309e0bba16b5ae914596f1,13e2f,2021-02-11T13:59:21.689Z,4,22.0,-0.29,2508,9,250,7.683,1224.083,Standard,8032,False,False,False,False,326.422,10.23,2300115,1,0,4,306.80477955583746,0.8811159442027898
1996,909592,909592,258.8812,2.538703975524755e-05,,1,1,1,447,False,2022-10-04T18:10:19.000Z,212831,Melancholia,,you,Astrella,971635,2020-03-17T04:31:43.000Z,2020-03-22T21:48:21.000Z,2020-03-18T21:34:02.000Z,,True,False,False,-1,6.63,12868,False,https://cdn.scoresaber.com/covers/914EDCFA17A8D7B1573F7FE8EB1B504CC7E47806.png,914edcfa17a8d7b1573f7fe8eb1b504cc7e47806,90e6,2020-03-17T04:09:58.328Z,4,20.0,-0.6,1064,18,22,5.841,1032.25,Standard,1346,False,False,False,False,182.162,6.09,971635,0,0,2,0.006572227316286191,0.9361457749051856
3,591690,591690,0,4.192486509100296e-21,,1,0,0,684,True,2022-10-04T18:06:10.000Z,323947,Nyan Cat XL,,Daniwell,COCOAGALAXY,622035,2021-01-21T16:27:30.000Z,,,,False,False,False,-1,0,261,False,https://cdn.scoresaber.com/covers/CFD35A319062B6744EFD26DC81979D74F401636F.png,cfd35a319062b6744efd26dc81979d74f401636f,13000,2021-01-21T14:33:15.301Z,3,16.0,-0.2,684,0,10,5.546,296.0,Standard,5,False,False,False,False,123.333,,622035,0,0,0,0.0,0.9512165714147918
18,980608,980608,0,4.045749481281785e-21,,1,1,4,441,False,2022-10-04T18:03:40.000Z,323941,Nyan Cat XL,,Daniwell,COCOAGALAXY,1076515,2021-01-21T15:48:30.000Z,,,,False,False,False,-1,0,173,False,https://cdn.scoresaber.com/covers/CFD35A319062B6744EFD26DC81979D74F401636F.png,cfd35a319062b6744efd26dc81979d74f401636f,13000,2021-01-21T14:33:15.301Z,3,18.0,-0.5,1178,0,0,9.551,296.0,Standard,5,False,False,False,False,123.333,,1076515,0,0,0,0.0,0.9109097411554878
561,16268,16268,154.5191,8.130309695899431e-14,,1,0,0,26,True,2022-10-04T17:52:37.000Z,373487,Start menu,,Toby Fox,D7oomyAli,16675,2021-08-10T21:12:46.000Z,2022-01-04T12:11:08.000Z,,,True,False,False,-1,2.62,2268,False,https://cdn.scoresaber.com/covers/FE966F1274A54CA2E6FCF25B5C439C5E0B431C9F.png,fe966f1274a54ca2e6fcf25b5c439c5e0b431c9f,,2021-08-10T20:58:29.271913Z,2,11.0,-0.4,26,0,33,1.311,29.75,Standard,221,False,False,False,False,19.833,1.16,16675,0,0,0,1.2562881369316539e-11,0.975592203898051
1187,979378,979378,305.6529,0.06669231828195617,,1,0,3,464,False,2022-10-03T17:35:51.000Z,408064,Attractor Dimension,,Laur,Laur Fanclub,1067315,2022-01-08T00:55:35.000Z,2022-01-16T21:15:11.000Z,,,True,False,False,-1,8.37,3869,False,https://cdn.scoresaber.com/covers/988203487CA8D2F38419326126DBDEC31E6DE5B6.png,988203487ca8d2f38419326126dbdec31e6de5b6,,2022-01-07T17:01:07.901863Z,9,18.0,-1.31,1168,30,215,7.797,724.0,Standard,3664,False,False,False,False,149.793,7.77,1067315,0,0,2,20.38470049060292,0.9176091406941719
1685,285491,285491,264.4064,5.559185546575098e-05,,1,4,7,153,False,2022-10-03T17:14:50.000Z,347381,Among Us,(Trap Remix),Leonz,xScaramouche & nolan121405,348795,2021-04-11T03:53:53.000Z,2021-04-25T18:12:23.000Z,2021-04-12T11:52:07.000Z,,True,False,False,-1,8.87,4278,False,https://cdn.scoresaber.com/covers/982D3905470C6755B49F72238603A5B33DE56B38.png,982d3905470c6755b49f72238603a5b33de56b38,1689a,2021-04-11T03:30:56.117Z,8,19.0,-0.2,387,10,0,6.354,190.854,Standard,2082,False,False,False,False,60.911,8.53,348795,1,9,3,0.01469884237301954,0.8185065726286214
937,951334,951334,285.8822,0.001960107250583239,,1,4,3,508,False,2022-10-03T17:07:35.000Z,507756,Vicious Heroism,,Kobaryo,ThySpoon,1054435,2022-08-18T23:42:59.000Z,2022-09-20T20:26:39.000Z,2022-08-22T02:57:16.000Z,,True,False,False,-1,8.17,3208,False,https://cdn.scoresaber.com/covers/3959A6F1D7B3209F1CCD5B63F97E4EB9A2544588.png,3959a6f1d7b3209f1ccd5b63f97e4eb9a2544588,,2022-08-18T23:22:43.651061Z,2,20.0,0.2,1154,0,185,8.792,560.0,Standard,6122,False,False,False,False,131.25,8.48,1054435,0,0,0,0.5603597730326877,0.902221568897087
548,789734,789734,270.6114,0.000145470090580912,,1,7,0,222,False,2022-10-03T17:03:17.000Z,437194,Heracles,,Yooh,Fnyt,881475,2022-04-14T10:27:28.000Z,2022-08-11T05:17:50.000Z,2022-07-09T00:08:18.000Z,,True,False,False,-1,7.85,2331,False,https://cdn.scoresaber.com/covers/1C1A22C6A4A7A6FE6C68BCF05A9BB7FE3FD48FD5.png,1c1a22c6a4a7a6fe6c68bcf05a9bb7fe3fd48fd5,,2022-04-14T10:13:59.020833Z,7,17.0,-0.1,966,76,83,8.092,384.0,Standard,5353,False,False,False,False,119.378,7.81,881475,0,16,0,0.03936586487022741,0.8959233103604753
2172,720692,720692,260.5056,3.498374051155458e-05,,1,2,3,376,False,2022-10-03T16:58:47.000Z,406842,p.h.,feat. Nekomata Okayu,SEVENTHLINKS,TOFU,790395,2022-01-03T18:41:18.000Z,2022-01-12T15:55:55.000Z,,,True,False,False,-1,7.25,12713,False,https://cdn.scoresaber.com/covers/84BCFF4756AC66BF1746824B0B221EB1E6A4AFF2.png,84bcff4756ac66bf1746824b0b221eb1e6a4aff2,,2022-01-03T17:53:29.189678Z,6,19.0,-0.8,867,9,33,5.737,332.5,Standard,4252,False,False,False,False,151.136,7.25,790395,0,18,2,0.009113460312206834,0.9118124482062766
680,511667,511667,295.6684,0.01206109823278593,,1,2,7,127,False,2022-10-03T16:44:40.000Z,287251,Guess Who Is Back,(TV Size),Koda Kumi,carrot,583395,2020-08-16T06:06:46.000Z,2020-08-20T15:09:42.000Z,2020-08-16T07:55:49.000Z,,True,False,False,-1,8.94,2309,False,https://cdn.scoresaber.com/covers/FB2AB52D919B46A353500D60F78B69BCD26C93FC.png,fb2ab52d919b46a353500d60f78b69bcd26c93fc,d751,2020-08-16T05:49:28.503Z,2,20.0,-0.3,642,0,0,7.431,263.5,Standard,2081,False,False,False,False,86.393,8.54,583395,0,1,0,3.5660856167306436,0.8770507117818973
226,609936,609936,263.4741,4.652086017352112e-05,,1,2,1,317,False,2022-10-02T16:54:20.000Z,400569,werewolf howls.,,Camellia,Kival Evan,663435,2021-12-03T14:33:50.000Z,2021-12-28T07:04:26.000Z,,,True,False,False,-1,7.18,2411,False,https://cdn.scoresaber.com/covers/3B9D44FAF85B8B4637F81753071416DB592F68E6.png,3b9d44faf85b8b4637f81753071416db592f68e6,,2021-12-03T14:19:28.427142Z,7,18.0,0.25,729,121,263,6.969,387.031,Standard,7237,True,False,False,False,104.603,6.74,663435,0,0,6,0.01225704176544432,0.919360600510977
2218,1220746,1220746,321.6423,0.4903952634930577,,1,8,16,221,False,2022-10-02T16:47:40.000Z,327911,true Hero,,Kobaryo,"Cerret, Complex & Daan",1427035,2021-02-03T17:51:09.000Z,2021-02-12T03:59:54.000Z,2021-02-05T00:00:45.000Z,,True,False,False,-1,10.13,4762,False,https://cdn.scoresaber.com/covers/09F435B861416442FE61B5B2D512AFCA5C29BCF2.png,09f435b861416442fe61b5b2d512afca5c29bcf2,138ba,2021-02-03T15:37:01.829Z,7,22.0,0.0,1559,31,48,11.797,592.5,Standard,5945,False,False,False,False,132.156,10.13,1427035,0,0,4,157.7318604590131,0.8554422281163391
1736,1389371,1389371,317.4267,0.3086038503734768,,1,2,13,380,False,2022-10-02T15:43:50.000Z,372840,Revenant,,Juggernaut.,Shan_Man,1561355,2021-08-07T16:22:04.000Z,2021-08-25T01:23:59.000Z,2021-08-07T18:24:02.000Z,,True,False,False,-1,9.33,5383,False,https://cdn.scoresaber.com/covers/38319743FFE8CD96F9858B7D23CE92E63BB3A0D1.png,38319743ffe8cd96f9858b7d23ce92e63bb3a0d1,,2021-08-07T05:15:45.619305Z,5,22.0,-0.35,1705,61,84,9.324,640.0,Standard,5707,False,False,False,False,182.857,9.33,1561355,0,0,11,97.9591018313465,0.8898495217295234
452,1172296,586148,0,2.822090321108643e-24,NF,0.5,120,70,166,False,2022-10-02T15:31:45.000Z,168465,[Speed Training] Lazorbeamz (1.3x),,Vaenus,Hexagonial,1998355,2019-08-03T17:46:05.000Z,,,,False,False,False,-1,0,928,False,https://cdn.scoresaber.com/covers/A705B90ABF8CBAA65FC00A0D8B98FE0DA6320878.png,a705b90abf8cbaa65fc00a0d8b98fe0da6320878,5a75,2019-08-03T17:37:16.090Z,5,24.0,0.0,2180,0,0,19.133,641.875,Standard,2343,False,False,False,False,113.942,,1998355,0,0,0,0.0,0.5866305035892021
1116,894545,894545,160.5459,1.780353305716985e-13,,1,6,37,205,False,2022-10-02T15:24:40.000Z,410378,Clip it Bro,,P*Light,Timbo & abcbadq,1228315,2022-01-15T14:04:24.000Z,2022-06-14T04:58:32.000Z,2022-04-19T13:36:29.000Z,,True,False,False,-1,6.04,1802,False,https://cdn.scoresaber.com/covers/EE0D6AE04DF858C20A12B6E817C6E2BD23336196.png,ee0d6ae04df858c20a12b6e817c6e2bd23336196,,2022-01-15T11:43:17.828049Z,6,18.0,-0.12,1343,0,502,5.589,801.0,Standard,4389,False,False,False,False,240.3,5.2,1228315,0,0,0,2.8582842378430848e-11,0.7282700284536133
491,1245090,1245090,305.0958,0.05993185969889062,,1,1,3,483,False,2022-09-24T14:28:23.000Z,501242,Ajuga,,you,shrado & Fnyt,1363555,2022-08-06T06:35:32.000Z,2022-09-20T20:25:55.000Z,2022-08-17T08:31:36.000Z,,True,False,False,-1,8.46,1866,False,https://cdn.scoresaber.com/covers/5FC930DD535F282D1C8A0ABD1D1407B10A5ABF5C.png,5fc930dd535f282d1c8a0abd1d1407b10a5abf5c,,2022-08-05T10:41:16.808617Z,9,20.0,0.1,1490,86,490,7.461,832.063,Standard,8472,False,False,False,False,199.695,8.55,1363555,0,0,8,18.284958680320795,0.9131204828554771
961,1009948,1009948,274.9636,0.0002395473233162578,,1,21,39,132,False,2022-09-24T14:19:11.000Z,505317,GAKKY,,Getty,SlimyBlob & Bitz,1353435,2022-08-13T23:03:19.000Z,2022-09-20T20:26:59.000Z,2022-08-17T08:30:37.000Z,,True,False,False,-1,10.16,2118,False,https://cdn.scoresaber.com/covers/C288A19FE48FA676E7BE8846B6FFB3021FB273C7.png,c288a19fe48fa676e7be8846b6ffb3021fb273c7,,2022-08-13T22:57:17.632953Z,6,22.0,-1.8,1479,0,82,11.483,644.0,Standard,6517,False,False,False,False,128.8,10.27,1353435,0,0,0,0.06586679438940218,0.7462109373556912
620,978620,978620,322.5355,0.5266130779275231,,1,0,1,835,False,2022-09-24T14:16:41.000Z,505318,GAKKY,,Getty,SlimyBlob & Bitz,1052595,2022-08-13T23:04:59.000Z,2022-09-20T20:27:01.000Z,2022-08-17T08:30:39.000Z,,True,False,False,-1,8.48,2490,False,https://cdn.scoresaber.com/covers/C288A19FE48FA676E7BE8846B6FFB3021FB273C7.png,c288a19fe48fa676e7be8846b6ffb3021fb273c7,,2022-08-13T22:57:17.632953Z,6,20.0,-1.5,1152,2,84,8.943,644.062,Standard,6517,False,False,False,False,128.812,8.69,1052595,0,0,1,169.85141239589262,0.9297213078154466
1104,1447745,1447745,261.059,3.625258084098921e-05,,1,3,7,475,False,2022-09-24T14:07:58.000Z,504465,Speedcore Sonata in the Moonlight,,Fvrwvrd,Vilawes,1604595,2022-08-12T10:35:38.000Z,2022-09-20T20:26:54.000Z,2022-08-21T05:41:48.000Z,,True,False,False,-1,7.46,3249,False,https://cdn.scoresaber.com/covers/3631D5E2D465E42FA299ABDE61D432A3029CD192.png,3631d5e2d465e42fa299abde61d432a3029cd192,,2022-08-11T23:15:39.729409Z,5,19.0,-0.5,1752,251,65,10.099,1012.0,Standard,7232,False,False,False,False,173.486,7.65,1604595,0,0,7,0.009464062501767803,0.9022494772824295
2461,420574,420574,268.8933,0.0001217335468774434,,1,0,1,360,False,2022-09-24T13:58:20.000Z,347383,Among Us,(Trap Remix),Leonz,xScaramouche & nolan121405,455515,2021-04-11T04:00:18.000Z,2021-04-25T18:12:26.000Z,2021-04-12T11:52:06.000Z,,True,False,False,-1,7.23,10140,False,https://cdn.scoresaber.com/covers/982D3905470C6755B49F72238603A5B33DE56B38.png,982d3905470c6755b49f72238603a5b33de56b38,1689a,2021-04-11T03:30:56.117Z,8,19.0,-0.2,503,0,15,8.258,190.854,Standard,2099,False,False,False,False,60.911,6.93,455515,0,0,0,0.03273333514058045,0.9232934151454947
1666,691678,691678,278.7814,0.0005061948731625343,,1,2,11,166,False,2022-09-24T13:42:27.000Z,300657,Brain Power,(SDVX Mix),NOMA,Redmagi,820755,2020-10-12T20:43:32.000Z,2021-01-22T05:06:27.000Z,2021-01-06T15:03:31.000Z,,True,False,False,-1,8.98,4132,False,https://cdn.scoresaber.com/covers/71FF5E91972C87304873A02276CE6A9D80691EE9.png,71ff5e91972c87304873a02276ce6a9d80691ee9,fdd3,2020-10-12T20:16:38.972Z,8,22.0,-0.4,900,0,2,8.64,295.131,Standard,1420,False,False,False,False,104.164,8.66,820755,0,0,0,0.14111771541307375,0.8427338243446583
910,659940,659940,252.1918,8.718293059080125e-06,,1,0,3,456,False,2022-09-24T13:40:09.000Z,419539,Chakra,,uma,Jabob,721395,2022-02-17T18:55:27.000Z,2022-06-14T04:32:56.000Z,2022-03-03T06:24:56.000Z,,True,False,False,-1,6.96,4731,False,https://cdn.scoresaber.com/covers/8E6BC0438A81C60AEEC4E9AFB937145FC9ECD947.png,8e6bc0438a81c60aeec4e9afb937145fc9ecd947,,2022-02-17T18:32:52.192437Z,8,18.5,-0.55,792,29,181,6.806,320.0,Standard,3915,False,False,False,False,116.364,6.4,721395,0,8,8,0.002198682019496923,0.9148108872393071
265,936112,468056,0,9.229814873086988e-26,NF,0.5,11,37,226,False,2022-09-24T13:32:02.000Z,122728,If You're Gonna Jump,,Omoi,cheesydream,1198875,2019-03-06T01:16:52.000Z,,,,False,False,False,-1,0,356,False,https://cdn.scoresaber.com/covers/2CA929DCB7DA81910BCF2EAFABDEE17D33E8A531.png,2ca929dcb7da81910bcf2eafabdee17d33e8a531,3bec,2019-03-05T23:58:09Z,6,20.0,0.0,1311,0,0,7.945,577.5,Standard,1313,False,False,False,False,165.0,,1198875,10,13,0,0.0,0.7808253571056198
214,462560,462560,194.5762,9.203457110405186e-10,,1,0,0,534,True,2022-09-24T13:23:32.000Z,120399,"World's End, Girl's Rondo (Asterisk DnB Remix)",,Wakeshima Kanon,ManDynasty,484035,2019-02-26T04:17:56.000Z,2019-03-12T02:00:23.000Z,,,True,False,False,-1,4.42,1528,False,https://cdn.scoresaber.com/covers/5C382E8993DE8780A39B0B77E07B0CCFE00BD3A3.png,5c382e8993de8780a39b0b77e07b0ccfe00bd3a3,39bc,2019-02-26T01:16:43Z,3,12.0,0.0,534,112,306,1.57,992.0,Standard,7775,False,False,False,False,340.114,1.41,484035,35,48,29,1.7907737114056216e-07,0.9556333736196763
425,234443,234443,153.9394,7.845748856542952e-14,,1,0,0,274,True,2022-09-24T13:17:23.000Z,200698,"Saufen morgens, mittags, abends",,Ingo ohne Flamingo,Various Mappers,244835,2020-02-01T16:45:56.000Z,2020-04-14T03:40:09.000Z,,,True,False,False,-1,3.44,1176,False,https://cdn.scoresaber.com/covers/36D0DB44E6528BD956D4A473D886433510D1BE26.png,36d0db44e6528bd956d4a473d886433510d1be26,8339,2020-02-01T12:37:20.275Z,7,11.0,1.0,274,400,42,1.153,495.0,Standard,15357,False,False,False,False,237.6,2.02,244835,122,36,2,1.2077698715269082e-11,0.957555088120571
1562,1948500,1948500,301.2243,0.02548668048394589,,1,33,44,178,False,2022-09-19T17:57:21.000Z,407438,Toxic Violet Cubes,,Camellia,BSWC Team,2452835,2022-01-05T20:00:12.000Z,2022-01-16T21:07:18.000Z,,,True,False,False,-1,10.48,3555,False,https://cdn.scoresaber.com/covers/00DB999DD09E123C963B909B731E5D8AA0FA8B82.png,00db999dd09e123c963b909b731e5d8aa0fa8b82,,2022-01-05T03:03:29.487260Z,5,22.0,-0.09,2674,112,754,9.578,1233.031,Standard,6552,True,False,False,False,279.177,10.48,2452835,1,3,3,7.677207488100263,0.7943869033179973
896,1414589,1414589,293.5119,0.00786528773058425,,1,24,45,173,False,2022-09-19T16:57:03.000Z,406827,Harakiri,ft. Bill $Aber,Within Destruction,FatBeanzoop & Fvrwvrd,1812515,2022-01-03T17:55:41.000Z,2022-01-12T15:54:25.000Z,,,True,False,False,-1,10.39,1710,False,https://cdn.scoresaber.com/covers/F22562D7E420F510BD773466B7B01B6E506DE43B.png,f22562d7e420f510bd773466b7b01b6e506de43b,,2022-01-03T16:22:48.686520Z,5,22.0,0.1,1978,140,468,9.797,975.875,Standard,7268,False,False,False,False,201.905,10.24,1812515,0,0,13,2.3085555458504716,0.7804564376018958
733,1253967,1253967,317.2114,0.287379620564041,,1,2,0,1153,False,2022-09-19T16:53:12.000Z,406805,Harakiri,ft. Bill $Aber,Within Destruction,FatBeanzoop & Fvrwvrd,1349755,2022-01-03T17:08:10.000Z,2022-01-12T15:54:22.000Z,,,True,False,False,-1,8.36,2503,False,https://cdn.scoresaber.com/covers/F22562D7E420F510BD773466B7B01B6E506DE43B.png,f22562d7e420f510bd773466b7b01b6e506de43b,,2022-01-03T16:22:48.686520Z,5,20.0,-1.7,1475,133,478,7.305,975.875,Standard,7005,False,False,False,False,201.905,8.1,1349755,0,0,12,91.16009177058824,0.9290330467381117
1359,1240189,1240189,313.7318,0.2012468542338457,,1,2,8,307,False,2022-09-19T16:31:27.000Z,351802,Cthugha,,USAO,Timbo,1381035,2021-04-27T19:41:57.000Z,2021-05-14T12:44:49.000Z,2021-05-03T16:20:13.000Z,,True,False,False,-1,9.06,5798,False,https://cdn.scoresaber.com/covers/BB6C14D91C6DAA1B31A44D54487231587E573D6F.png,bb6c14d91c6daa1b31a44d54487231587e573d6f,17434,2021-04-27T19:38:29.326Z,7,20.0,-0.2,1509,8,148,9.847,544.0,Standard,6702,False,False,False,False,153.239,8.93,1381035,0,0,2,63.13753782312204,0.8980141705315217
579,772573,772573,219.243,8.79943696929557e-08,,1,0,0,897,True,2022-09-19T16:25:45.000Z,351800,Cthugha,,USAO,Timbo,817995,2021-04-27T19:41:27.000Z,2021-05-14T12:44:37.000Z,2021-05-03T16:20:17.000Z,,True,False,False,-1,5.38,6806,False,https://cdn.scoresaber.com/covers/BB6C14D91C6DAA1B31A44D54487231587E573D6F.png,bb6c14d91c6daa1b31a44d54487231587e573d6f,17434,2021-04-27T19:38:29.326Z,7,17.0,0.3,897,12,223,5.854,544.0,Standard,6702,False,False,False,False,153.239,5.1,817995,0,0,2,1.9292149594592685e-05,0.9444715432245918
817,1027970,1027970,277.4838,0.0004087724540319474,,1,3,0,718,False,2022-09-19T16:22:54.000Z,351801,Cthugha,,USAO,Timbo,1115155,2021-04-27T19:41:48.000Z,2021-05-14T12:44:43.000Z,2021-05-03T16:20:15.000Z,,True,False,False,-1,7.5,6073,False,https://cdn.scoresaber.com/covers/BB6C14D91C6DAA1B31A44D54487231587E573D6F.png,bb6c14d91c6daa1b31a44d54487231587e573d6f,17434,2021-04-27T19:38:29.326Z,7,19.0,0.1,1220,4,133,7.961,544.0,Standard,6702,False,False,False,False,153.239,7.45,1115155,0,0,0,0.11342773388011008,0.9218180432316584
472,286658,286658,189.9224,1.988957332057412e-10,IF,1,0,0,335,True,2022-09-19T16:14:24.000Z,129470,Magnetism,,M2U,squeaksies,300955,2019-03-30T10:03:12.000Z,2019-05-08T00:02:57.000Z,,,True,False,False,-1,4.42,5769,False,https://cdn.scoresaber.com/covers/75B10748149340DEA74FF1870B2A59F609ACE7F5.png,75b10748149340dea74ff1870b2a59f609ace7f5,41f3,2019-03-30T08:41:39Z,6,12.0,0.0,335,0,0,3.49,256.0,Standard,643,False,False,False,False,96.0,2.86,300955,13,15,0,3.777475500019406e-08,0.952494558987224
593,213387,213387,165.4104,3.503379962888268e-13,IF,1,0,0,248,True,2022-09-19T16:12:36.000Z,129454,Magnetism,,M2U,squeaksies,220915,2019-03-30T09:24:46.000Z,2019-05-08T00:03:20.000Z,,,True,False,False,-1,3.35,3183,False,https://cdn.scoresaber.com/covers/75B10748149340DEA74FF1870B2A59F609ACE7F5.png,75b10748149340dea74ff1870b2a59f609ace7f5,41f3,2019-03-30T08:41:39Z,6,10.0,0.0,248,0,0,2.583,256.0,Standard,644,False,False,False,False,96.0,1.73,220915,24,4,0,5.794954810133336e-11,0.9659235452549623
47,1227368,1227368,0,9.47637537597404e-24,,1,7,3,510,False,2022-09-19T14:18:34.000Z,70540,Speed of Link,,antiPLUR,Hexagonial (EX+ by BananenTropfen),1604595,2018-09-11T00:36:24.000Z,,,,False,False,False,-1,0,802,False,https://cdn.scoresaber.com/covers/87ECC58926A76C51A0719806E24F69E4C56C1D09.png,87ecc58926a76c51a0719806e24f69e4c56c1d09,145c,2018-09-09T18:41:41Z,6,18.0,0.0,1752,12,0,13.908,552.328,Standard,3834,False,False,False,False,126.006,,1604595,2,2,2,0.0,0.7649082790361431
327,449983,449983,195.6714,1.223862100179785e-09,,1,0,0,532,True,2022-09-19T14:01:54.000Z,348487,Last Kingdom,"(Uninstaller's ""Last Note"" Re-Edit)",USAO,Uninstaller,482195,2021-04-15T10:09:54.000Z,2021-04-29T19:04:50.000Z,2021-04-15T20:58:28.000Z,,True,False,False,-1,5.07,2357,False,https://cdn.scoresaber.com/covers/4BA8B460A7F5A1C32CFB2EE728B8FA0773E40559.png,4ba8b460a7f5a1c32cfb2ee728b8fa0773e40559,16b33,2021-04-15T08:53:05.259Z,2,16.0,0.0,532,149,252,3.757,354.0,Standard,5108,False,False,False,False,141.6,4.43,482195,1,0,8,2.394748105491188e-07,0.9331971505303871
649,114471,114471,171.6419,1.135235337682413e-12,,1,0,0,140,True,2022-09-19T13:57:08.000Z,383060,Pink Soldiers,,23,nolan121405,121555,2021-10-04T19:44:02.000Z,2022-01-12T15:55:29.000Z,,,True,False,False,-1,4.28,3315,False,https://cdn.scoresaber.com/covers/B9B3134300F9C83A16845AC531C7441204EAC836.png,b9b3134300f9c83a16845ac531c7441204eac836,,2021-10-04T19:33:15.521221Z,7,16.0,-1.35,140,160,0,4.402,127.208,Standard,1133,False,False,False,False,31.802,1.75,121555,0,0,76,1.9485395030695095e-10,0.9417218543046357
610,83323,83323,163.1282,2.45335488763385e-13,,1,0,0,104,True,2022-09-19T13:56:14.000Z,383061,Pink Soldiers,,23,nolan121405,88435,2021-10-04T19:44:34.000Z,2022-01-12T15:55:27.000Z,,,True,False,False,-1,4.06,2595,False,https://cdn.scoresaber.com/covers/B9B3134300F9C83A16845AC531C7441204EAC836.png,b9b3134300f9c83a16845ac531c7441204eac836,,2021-10-04T19:33:15.521221Z,7,15.0,-1.1,104,176,0,3.27,127.208,Standard,1133,False,False,False,False,31.802,1.43,88435,0,0,56,4.002113667809122e-11,0.9421948323627523
566,70271,70271,153.7005,7.050441967171512e-14,,1,0,0,88,True,2022-09-19T13:55:10.000Z,383062,Pink Soldiers,,23,nolan121405,73715,2021-10-04T19:45:37.000Z,2022-01-12T15:55:25.000Z,,,True,False,False,-1,3.56,2041,False,https://cdn.scoresaber.com/covers/B9B3134300F9C83A16845AC531C7441204EAC836.png,b9b3134300f9c83a16845ac531c7441204eac836,,2021-10-04T19:33:15.521221Z,7,14.0,-0.8,88,32,0,2.767,127.208,Standard,1133,False,False,False,False,31.802,1.13,73715,0,0,8,1.083656455575245e-11,0.9532795224852473
762,63712,63712,168.6196,5.978297753490266e-13,,1,0,0,80,True,2022-09-19T13:54:03.000Z,383063,Pink Soldiers,,23,nolan121405,66355,2021-10-04T19:46:10.000Z,2022-01-12T15:55:22.000Z,,,True,False,False,-1,3.68,2537,False,https://cdn.scoresaber.com/covers/B9B3134300F9C83A16845AC531C7441204EAC836.png,b9b3134300f9c83a16845ac531c7441204eac836,,2021-10-04T19:33:15.521221Z,7,13.0,-0.4,80,0,0,2.542,125.875,Standard,1133,False,False,False,False,31.469,1.14,66355,0,0,0,1.0080581758744271e-10,0.9601687890889911
1071,2186950,2186950,318.4872,0.3687778038098571,,1,43,58,207,False,2022-09-18T14:32:48.000Z,408051,Xeroa,"(""preconnaiXance"" Long ver.)",Camellia,Cobayo & ThySpoon,2839235,2022-01-08T00:25:41.000Z,2022-01-21T09:04:51.000Z,,,True,False,False,-1,11.42,2203,False,https://cdn.scoresaber.com/covers/512B0951E2E09F8C090B4CD8B0DF2F16F1C074C3.png,512b0951e2e09f8c090b4cd8b0df2f16f1c074c3,,2022-01-07T22:26:09.473965Z,5,22.5,-1.75,3094,402,568,10.839,1432.0,Standard,12406,False,False,False,False,285.449,11.32,2839235,0,0,15,117.45101015755071,0.7702602989889882
1903,1689338,1689338,319.0272,0.3821531645698001,,1,17,38,198,False,2022-09-18T14:18:03.000Z,373242,Spin Eternally,,Camellia,fraies & Narwhal,2082995,2021-08-09T18:35:23.000Z,2021-08-25T01:26:24.000Z,2021-08-09T21:47:58.000Z,,True,False,False,-1,10.83,4083,False,https://cdn.scoresaber.com/covers/417E413D6227F556BBFC3A6B73C32CFB11AFE9E7.png,417e413d6227f556bbfc3a6b73c32cfb11afe9e7,,2021-08-09T18:26:12.516124Z,3,21.0,-0.25,2272,42,171,10.164,827.063,Standard,8802,False,False,False,False,223.53,10.83,2082995,0,6,16,121.91725406384252,0.8110139486652632
593,59273,59273,188.3176,1.344082458957642e-10,,1,0,0,75,True,2022-09-18T14:00:51.000Z,302238,Tool,feat. Hatsune Miku,MARETU,Kitoyo & Emilia,61755,2020-10-24T22:17:13.000Z,2020-11-05T13:04:29.000Z,2020-10-31T16:46:21.000Z,,True,False,False,-1,4.12,1807,False,https://cdn.scoresaber.com/covers/6B9F13A8FDF111DA8FAA849A3615E2BCDCB4954A.png,6b9f13a8fdf111da8faa849a3615e2bcdcb4954a,102e2,2020-10-24T20:21:53.166Z,5,14.0,0.3,75,10,114,2.688,80.0,Standard,1797,False,False,False,False,27.907,1.42,61755,0,0,1,2.5311438287300164e-08,0.9598089223544652
955,60388,60388,165.2591,3.262435005940627e-13,,1,0,0,76,True,2022-09-18T13:58:04.000Z,361292,Amogus,(Short ver.) ft. Magma & Denyah_,Fvrwvrd,April Fools,62675,2021-06-09T22:59:42.000Z,2021-06-20T11:16:26.000Z,2021-06-12T12:36:40.000Z,,True,False,False,-1,3.46,3041,False,https://cdn.scoresaber.com/covers/8A40E06E3A4EB6DC56428B0A59B89219029C433D.png,8a40e06e3a4eb6dc56428b0a59b89219029c433d,18fdf,2021-06-09T22:51:51.440Z,4,12.0,0.1,76,45,93,2.05,154.5,Standard,1709,False,False,False,False,37.08,1.26,62675,4,0,2,5.391470728902426e-11,0.9635101715197447
497,89909,89909,180.9841,1.585129374066643e-11,,1,0,0,110,True,2022-09-18T13:57:14.000Z,376515,The Guinea Pig Is In Your Mind,,Parry Gripp,Cobayo,93955,2021-08-26T14:47:47.000Z,2021-10-08T20:08:33.000Z,2021-10-02T19:45:57.000Z,,True,False,False,-1,4.06,1450,False,https://cdn.scoresaber.com/covers/5FD6ACA860510E8AFDF3D174598F7624D3AF593D.png,5fd6aca860510e8afdf3d174598f7624d3af593d,,2021-08-26T14:44:18.943716Z,4,16.0,0.1,110,0,53,2.661,124.0,Standard,1004,False,False,False,False,41.333,1.24,93955,0,0,0,2.8688321314901478e-09,0.95693683146187
1236,1156155,1156155,283.4711,0.001190315864703691,,1,0,2,704,False,2022-09-15T16:37:05.000Z,371241,Viyella's Tears,,Laur,Timbo,1248555,2021-07-30T10:57:59.000Z,2021-08-25T01:19:42.000Z,2021-07-31T03:00:15.000Z,,True,False,False,-1,7.55,6648,False,https://cdn.scoresaber.com/covers/528392431ACB2C10E619B195DB7BBD05C2D4D17A.png,528392431acb2c10e619b195db7bbd05c2d4d17a,1ac0c,2021-07-30T10:49:01.704Z,6,19.0,-0.15,1365,12,385,9.058,547.5,Standard,7007,False,False,False,False,150.688,7.35,1248555,0,0,4,0.33742014751500643,0.9259944495837188
1326,2026833,1013417,52.85663,1.523669646810979e-14,NF,0.5,52,79,199,False,2022-09-15T16:27:12.000Z,380177,Xronial Xero,(Laur Remix),"Camellia as ""menaXe inXonnu""",Fvrwvrd & Daan,2807955,2021-09-16T19:50:37.000Z,2021-09-27T12:59:25.000Z,2021-09-17T10:47:02.000Z,,True,False,False,-1,11.45,2592,False,https://cdn.scoresaber.com/covers/BD9504DFE9A657155468041CF1B6E25D907F7364.png,bd9504dfe9a657155468041cf1b6e25d907f7364,,2021-09-16T19:35:59.794408Z,7,23.25,-1.65,3060,757,479,11.109,1538.0,Standard,14557,True,False,False,False,275.463,11.45,2807955,0,0,47,8.05360427637186e-13,0.7218181915308471
1581,1101918,1101918,315.7844,0.2492098595403373,,1,9,1,304,False,2022-09-15T16:18:44.000Z,304959,You are eating my rotten dick,,QURELESS,Astrella,1231995,2020-11-06T20:09:33.000Z,2021-01-22T05:22:18.000Z,2021-01-13T21:47:49.000Z,,True,False,False,-1,9.19,4716,False,https://cdn.scoresaber.com/covers/23015A4E5087A298C723754C64DFD36A668386AE.png,23015a4e5087a298c723754c64dfd36a668386ae,10a93,2020-11-06T20:03:42.785Z,2,20.0,-0.8,1347,80,1308,9.773,804.0,Standard,6429,False,False,False,False,137.829,9.12,1231995,0,0,5,78.6965859690297,0.8944175909804829
812,855227,855227,299.261,0.01986115349472002,,1,7,9,290,False,2022-09-15T16:15:24.000Z,306084,VVelcome!!,,MisoilePunch,Mystikmol & muffn & Moriik,992795,2020-11-10T21:25:21.000Z,2020-11-16T21:47:30.000Z,2020-11-10T21:53:10.000Z,,True,False,False,-1,9.32,2849,False,https://cdn.scoresaber.com/covers/2B8A75D4346AA7300D001E69CAF85D0FAC9D8291.png,2b8a75d4346aa7300d001e69caf85d0fac9d8291,10d08,2020-11-10T20:41:38.913Z,6,21.0,0.5,1087,12,7,9.423,509.5,Standard,10175,False,False,False,False,115.358,8.77,992795,0,0,1,5.943668655983409,0.8614336292991001
615,631360,631360,252.4249,9.034500579357644e-06,,1,0,0,744,True,2022-09-15T16:12:08.000Z,306036,Very Noise,,Igorrr,Checkthepan,677235,2020-11-10T17:47:14.000Z,2020-11-19T11:09:07.000Z,2020-11-13T17:01:12.000Z,,True,False,False,-1,6.57,6057,False,https://cdn.scoresaber.com/covers/477363EBAB4637A15FC3CAFB9648DE394BA3834E.png,477363ebab4637a15fc3cafb9648de394ba3834e,10cf1,2020-11-10T17:32:17.439Z,3,20.0,-0.25,744,118,57,7.403,301.5,Standard,5475,False,False,False,False,100.5,6.26,677235,0,0,8,0.0022805329052942953,0.9322613273088367
939,1194329,1194329,309.5907,0.1138062501879965,,1,1,7,780,False,2022-09-15T16:09:51.000Z,304218,Tonchiki ranchiki chindon kikou,(feat. Hatsune Miku),HaTa,SieR,1320315,2020-11-03T11:47:27.000Z,2020-11-11T09:42:01.000Z,2020-11-03T17:27:45.000Z,,True,False,False,-1,8.79,3626,False,https://cdn.scoresaber.com/covers/636C13F49EB90C255C6D04DF26E9AED336247344.png,636c13f49eb90c255c6d04df26e9aed336247344,108f5,2020-11-03T11:43:06.586Z,6,21.0,-0.2,1443,0,11,8.907,567.0,Standard,5157,False,False,False,False,162.0,8.69,1320315,0,0,0,35.23335666007697,0.9045788315667095
997,852113,852113,302.1937,0.03270559699684276,,1,2,1,479,False,2022-09-15T16:00:05.000Z,324061,Quon,,DJ Noriken,+1 Rabbit,919195,2021-01-22T08:58:34.000Z,2021-02-03T19:48:06.000Z,2021-01-26T09:59:42.000Z,,True,False,False,-1,8.02,7349,False,https://cdn.scoresaber.com/covers/FF4BB1DF4D36EDDE892DA375FE60EA34FEF8B7A0.png,ff4bb1df4d36edde892da375fe60ea34fef8b7a0,13069,2021-01-22T06:15:44.853Z,6,21.0,-0.25,1007,28,43,8.441,338.0,Standard,3361,False,False,False,False,119.294,7.9,919195,0,1,1,9.8834253671848,0.9270209259188746
777,603314,603314,223.5981,1.61246597004165e-07,,1,0,0,703,True,2022-09-15T15:57:49.000Z,324071,Quon,,DJ Noriken,+1 Rabbit,639515,2021-01-22T10:24:25.000Z,2021-02-03T19:48:04.000Z,2021-01-26T09:59:44.000Z,,True,False,False,-1,5.52,9465,False,https://cdn.scoresaber.com/covers/FF4BB1DF4D36EDDE892DA375FE60EA34FEF8B7A0.png,ff4bb1df4d36edde892da375fe60ea34fef8b7a0,13069,2021-01-22T06:15:44.853Z,6,18.0,0.0,703,48,64,5.893,338.0,Standard,3361,False,False,False,False,119.294,5.16,639515,1,0,9,3.605443272159698e-05,0.9433930400381539
587,598631,598631,187.1125,8.458259141804517e-11,,1,0,0,694,True,2022-09-15T15:53:54.000Z,347483,Der Herrgott hot glocht,(HARDSTYLE BUAMZ & HIGH LEVEL REMIX),Sandesh Manuel,"MonsterWook, FatBeanzoop & Fnyt",631235,2021-04-11T14:38:06.000Z,2021-04-22T16:22:05.000Z,2021-04-11T21:46:52.000Z,,True,False,False,-1,4.49,2603,False,https://cdn.scoresaber.com/covers/7C0DDC059DC720D7AD1EFA93C0E448BCCAA5B877.png,7c0ddc059dc720d7ad1efa93c0e448bccaa5b877,168de,2021-04-11T12:54:30.590Z,4,16.0,0.3,694,9,107,4.062,569.5,Standard,1950,False,False,False,False,170.85,2.75,631235,0,0,4,1.582646013670898e-08,0.9483488716563562
628,294564,294564,175.7612,4.891770281770652e-12,,1,0,0,346,True,2022-09-15T15:37:07.000Z,419536,Chakra,,uma,Jabob,311075,2022-02-17T18:46:03.000Z,2022-06-14T04:32:40.000Z,2022-03-03T06:24:56.000Z,,True,False,False,-1,4.25,1551,False,https://cdn.scoresaber.com/covers/8E6BC0438A81C60AEEC4E9AFB937145FC9ECD947.png,8e6bc0438a81c60aeec4e9afb937145fc9ecd947,,2022-02-17T18:32:52.192437Z,8,13.0,0.65,346,0,199,2.973,320.0,Standard,3915,False,False,False,False,116.364,1.64,311075,0,0,0,8.597834148483479e-10,0.9469227678212649
389,193689,193689,159.2984,1.718040940016891e-13,,1,0,0,231,True,2022-09-15T15:34:14.000Z,300660,Brain Power,(SDVX Mix),NOMA,Redmagi,205275,2020-10-12T20:49:41.000Z,2021-01-22T05:06:19.000Z,2021-01-06T15:03:38.000Z,,True,False,False,-1,3.93,1338,False,https://cdn.scoresaber.com/covers/71FF5E91972C87304873A02276CE6A9D80691EE9.png,71ff5e91972c87304873a02276ce6a9d80691ee9,fdd3,2020-10-12T20:16:38.972Z,8,14.0,1.0,231,4,18,2.218,295.131,Standard,1420,False,False,False,False,104.164,1.75,205275,2,2,1,2.7368117287918666e-11,0.9435586408476434
413,156156,156156,172.4951,1.564372170048675e-12,,1,0,0,185,True,2022-09-15T15:32:16.000Z,300661,Brain Power,(SDVX Mix),NOMA,Redmagi,162955,2020-10-12T20:51:37.000Z,2021-01-22T05:06:16.000Z,2021-01-06T15:03:42.000Z,,True,False,False,-1,3.83,1130,False,https://cdn.scoresaber.com/covers/71FF5E91972C87304873A02276CE6A9D80691EE9.png,71ff5e91972c87304873a02276ce6a9d80691ee9,fdd3,2020-10-12T20:16:38.972Z,8,12.0,0.0,185,0,14,1.782,294.131,Standard,1420,False,False,False,False,103.811,1.31,162955,3,3,0,2.698465339097632e-10,0.9582768248903072
644,161617,161617,165.7316,4.039968588255366e-13,,1,0,0,194,True,2022-09-15T15:29:30.000Z,347377,Among Us,(Trap Remix),Leonz,xScaramouche & nolan121405,171235,2021-04-11T03:47:36.000Z,2021-04-25T18:12:15.000Z,2021-04-12T11:52:13.000Z,,True,False,False,-1,4.08,2083,False,https://cdn.scoresaber.com/covers/982D3905470C6755B49F72238603A5B33DE56B38.png,982d3905470c6755b49f72238603a5b33de56b38,1689a,2021-04-11T03:30:56.117Z,8,13.0,-1.0,194,0,23,3.185,190.854,Standard,2099,False,False,False,False,60.911,1.98,171235,0,0,0,6.695504580813029e-11,0.9438315764884515
54,1742649,1742649,0,3.635640453581898e-21,,1,4,10,454,False,2022-09-14T20:47:24.000Z,438185,Bocca della Verita,(Under Construction Remix) ,Hizumi Rei feat.Meika Mikoto,Anammelech,1963395,2022-04-15T23:21:05.000Z,,,,False,False,False,-1,0,135,False,https://cdn.scoresaber.com/covers/C2606800E5ACE4A1F837025BCDE157E66E1F936F.png,c2606800e5ace4a1f837025bcde157e66e1f936f,,2022-04-15T22:30:14.521911Z,2,21.0,-1.0,2142,48,180,11.156,1120.0,Standard,3847,False,False,False,False,192.0,,1963395,0,2,2,0.0,0.8875692359408066
32,1448803,724402,0,3.76750306070663e-21,NF,0.5,38,100,222,False,2022-09-14T20:43:23.000Z,386562,Bocca De La Berita,(Under Construction REMIX) (feat. Naruhana Mikoto),Hizumi Zero,Vilawes & Emilia,2051715,2021-10-17T11:48:29.000Z,,,,False,False,False,-1,0,46,False,https://cdn.scoresaber.com/covers/6887371161514A112E64C16625FD5911A9C0DD3E.png,6887371161514a112e64c16625fd5911a9c0dd3e,,2021-10-17T06:19:53.274378Z,9,22.0,-1.3,2238,50,165,11.656,1120.0,Standard,6560,False,False,False,False,192.0,,2051715,0,0,9,0.0,0.7061424223149901
1843,739951,739951,245.366,2.993993572972349e-06,,1,1,1,488,False,2022-09-14T11:56:08.000Z,282945,Chikatto Chika Chika,,Chika Fujiwara (CV: Konomi Kohara),abcbadq,797755,2020-07-30T02:11:49.000Z,2020-08-05T03:43:34.000Z,2020-07-31T16:34:35.000Z,,True,False,False,-1,6.5,10967,False,https://cdn.scoresaber.com/covers/A868C5F6223DE645CFF4F74F87D081D1756F8FEF.png,a868c5f6223de645cff4f74f87d081d1756f8fef,ca62,2020-07-30T01:59:52.666Z,7,19.0,-0.2,875,0,247,5.185,500.625,Standard,4648,False,False,False,False,168.75,6.5,797755,0,0,0,0.0007346242270259334,0.9275416637940219
1389,803598,803598,254.2371,1.290122699490503e-05,,1,0,2,485,False,2022-09-13T17:41:09.000Z,327906,true Hero,,Kobaryo,"Cerret, Complex & Daan",880555,2021-02-03T17:22:38.000Z,2021-02-12T03:59:52.000Z,2021-02-05T00:00:46.000Z,,True,False,False,-1,7.06,6850,False,https://cdn.scoresaber.com/covers/09F435B861416442FE61B5B2D512AFCA5C29BCF2.png,09f435b861416442fe61b5b2d512afca5c29bcf2,138ba,2021-02-03T15:37:01.829Z,7,19.0,-1.0,965,86,122,7.308,592.0,Standard,4217,False,False,False,False,132.045,6.87,880555,0,0,2,0.0032799705376263697,0.9126039827154465
1733,649827,649827,275.471,0.0002862561037206415,,1,0,0,759,True,2022-09-13T17:34:13.000Z,373273,Chemical Cookie,,YUC'e,Cobayo,691035,2021-08-09T20:34:15.000Z,2021-08-25T01:27:08.000Z,2021-08-09T21:48:17.000Z,,True,False,False,-1,6.93,10731,False,https://cdn.scoresaber.com/covers/C95142C3F8CDB0290C102ADD4FBE26A45090D6B8.png,c95142c3f8cdb0290c102add4fbe26a45090d6b8,,2021-08-09T20:27:36.592504Z,4,20.0,-0.45,759,97,86,7.603,299.5,Standard,2890,False,False,False,False,99.833,6.63,691035,0,0,23,0.07885525514802882,0.9403677093056068
3308,1708243,1708243,278.6841,0.0004884780526018456,,1,13,28,225,False,2022-09-13T17:31:48.000Z,275410,HINODE,(Basscore VIP),Camellia,cerret,2048035,2020-06-29T10:05:34.000Z,2020-07-04T20:27:33.000Z,2020-06-30T20:16:23.000Z,,True,False,False,-1,9.11,6238,False,https://cdn.scoresaber.com/covers/60D0A66737D9114C883B1F9A3293595E42ADBFCB.png,60d0a66737d9114c883b1f9a3293595e42adbfcb,b785,2020-06-29T09:59:08.583Z,4,23.0,-0.7,2234,6,132,8.439,728.0,Standard,2636,False,False,False,False,264.727,8.84,2048035,0,0,0,0.136131066459098,0.8340887728969476
911,670486,670486,272.8765,0.0002077306479831095,,1,5,18,182,False,2022-09-13T17:22:00.000Z,348489,Last Kingdom,"(Uninstaller's ""Last Note"" Re-Edit)",USAO,Uninstaller,829955,2021-04-15T10:10:24.000Z,2021-04-29T19:04:55.000Z,2021-04-15T20:58:24.000Z,,True,False,False,-1,9.31,2509,False,https://cdn.scoresaber.com/covers/4BA8B460A7F5A1C32CFB2EE728B8FA0773E40559.png,4ba8b460a7f5a1c32cfb2ee728b8fa0773e40559,16b33,2021-04-15T08:53:05.259Z,2,20.0,-0.5,910,409,224,6.426,354.016,Standard,5108,False,False,False,False,141.606,9.29,829955,8,32,126,0.05668481216436298,0.8078582573753998
606,332097,332097,189.011,1.549946329468998e-10,,1,0,0,385,True,2022-09-13T17:06:21.000Z,278242,Antithese,,Blacklolita,That_Narwhal,346955,2020-07-11T05:15:38.000Z,2020-07-15T12:48:35.000Z,2020-07-11T07:33:29.000Z,,True,False,False,-1,4.23,2219,False,https://cdn.scoresaber.com/covers/228B9E3EDC52B7F6B35FE8D47DAFA126E6D62D32.png,228b9e3edc52b7f6b35fe8d47dafa126e6d62d32,bd6a,2020-07-11T05:00:52.813Z,6,14.0,1.25,385,22,3,2.893,381.5,Standard,986,False,False,False,False,133.081,1.58,346955,0,0,3,2.9295690567926476e-08,0.9571760026516407
1586,1022615,1022615,291.4374,0.005129114272257259,,1,7,9,305,False,2022-09-13T16:54:42.000Z,324528,Start of the Determination,,Kobaryo,xScaramouche,1168515,2021-01-23T20:20:38.000Z,2021-04-18T16:15:06.000Z,2021-04-10T16:19:56.000Z,,True,False,False,-1,8.85,4360,False,https://cdn.scoresaber.com/covers/BE3CA6ECEC35ADFD4BB4A2A548F302141B100E06.png,be3ca6ecec35adfd4bb4a2a548f302141b100e06,1313f,2021-01-23T20:11:00.613Z,5,21.0,-0.25,1278,24,230,7.607,560.0,Standard,5356,False,False,False,False,168.0,8.66,1168515,0,0,1,1.4948157278095477,0.8751406699956783
1635,675116,675116,258.3743,2.36410460960804e-05,,1,11,12,151,False,2022-09-13T16:51:19.000Z,98609,Quo Vadis,,M2U,squeaksies,855715,2018-12-23T09:43:34.000Z,2018-12-26T17:20:53.000Z,,,True,False,False,-1,9.05,4610,False,https://cdn.scoresaber.com/covers/41C21A4C326D3B427DC68509921A4CB6C0F4B3CA.png,41c21a4c326d3b427dc68509921a4cb6c0f4b3ca,2789,2018-12-23T08:26:17Z,5,17.0,0.0,938,0,60,6.652,376.0,Standard,3247,False,False,False,False,141.0,7.63,855715,44,56,0,0.006108238736342506,0.7889495918617764
1313,804857,804857,295.5539,0.01163895979463843,,1,5,8,464,False,2022-09-13T16:48:32.000Z,338893,Oniyuri,,Penoreri,Mystikmol & Pug,913675,2021-03-10T13:58:53.000Z,2021-04-25T18:13:43.000Z,2021-04-12T11:57:18.000Z,,True,False,False,-1,8.86,4424,False,https://cdn.scoresaber.com/covers/56617C820776AE2DED07909464CBF1FEFA00375E.png,56617c820776ae2ded07909464cbf1fefa00375e,15421,2021-03-10T11:56:00.825Z,7,20.0,-0.65,1001,0,0,8.431,302.75,Standard,4155,False,False,False,False,118.725,8.28,913675,0,0,0,3.439939959248587,0.8809007579281474
555,687328,687328,243.6176,2.417768659989599e-06,,1,0,2,578,False,2022-09-13T16:45:27.000Z,338884,Oniyuri,,Penoreri,Mystikmol & Pug,743475,2021-03-10T12:43:54.000Z,2021-04-25T18:13:40.000Z,2021-04-12T11:57:20.000Z,,True,False,False,-1,6.52,3024,False,https://cdn.scoresaber.com/covers/56617C820776AE2DED07909464CBF1FEFA00375E.png,56617c820776ae2ded07909464cbf1fefa00375e,15421,2021-03-10T11:56:00.825Z,7,17.0,-0.25,816,0,2,6.873,302.75,Standard,4063,False,False,False,False,118.725,6.23,743475,0,0,0,0.0005890109983018822,0.9244803120481523
673,690072,690072,297.2345,0.01493561033755173,,1,8,17,158,False,2022-09-13T16:37:22.000Z,277000,Preserved Valkyria,,penoreri,Kikis,868595,2020-07-06T10:46:49.000Z,2020-08-20T15:07:45.000Z,2020-08-16T06:40:39.000Z,,True,False,False,-1,10.34,1725,False,https://cdn.scoresaber.com/covers/B2CD9A7C0057C842FF63A9E9105A45701A614066.png,b2cd9a7c0057c842ff63a9e9105a45701a614066,ba21,2020-07-06T09:43:56.153Z,5,24.0,0.5,952,54,0,8.132,302.427,Standard,5739,False,False,False,False,117.068,10.44,868595,8,9,4,4.43937867087702,0.794469229042304
1991,1162443,1162443,321.1815,0.4732314292708006,,1,6,2,989,False,2022-09-13T16:27:03.000Z,355707,northern_limit,feat. Sennzai,Kobaryo,Emilia,1305595,2021-05-13T21:03:14.000Z,2021-05-24T12:17:33.000Z,2021-05-15T01:23:11.000Z,,True,False,False,-1,9.43,4801,False,https://cdn.scoresaber.com/covers/85ED6A233B87576D8A101927AB4AC10B6A0B74F4.png,85ed6a233b87576d8a101927ab4ac10b6a0b74f4,17dd0,2021-05-13T20:57:11.607Z,5,22.0,-0.1,1427,0,69,7.163,896.5,Standard,5997,False,False,False,False,199.222,9.37,1305595,0,0,0,151.99318030033965,0.8903549722540298
491,777427,777427,246.8309,3.70754971860637e-06,,1,0,1,880,False,2022-09-13T16:23:10.000Z,355706,northern_limit,feat. Sennzai,Kobaryo,Emilia,826275,2021-05-13T21:00:22.000Z,2021-05-24T12:17:29.000Z,2021-05-15T01:23:14.000Z,,True,False,False,-1,6.19,2952,False,https://cdn.scoresaber.com/covers/85ED6A233B87576D8A101927AB4AC10B6A0B74F4.png,85ed6a233b87576d8a101927ab4ac10b6a0b74f4,17dd0,2021-05-13T20:57:11.607Z,5,20.0,-1.7,906,0,70,4.548,896.5,Standard,5997,False,False,False,False,199.222,5.33,826275,0,0,0,0.0009151378338383571,0.9408816677256361
592,605077,605077,294.7444,0.01083849033476217,,1,1,1,478,False,2022-09-13T16:14:57.000Z,418013,Ultra Cutie Gangsta,,Stellabee,nolan121405,652395,2022-02-11T00:11:10.000Z,2022-08-11T05:14:27.000Z,2022-06-15T10:29:09.000Z,,True,False,False,-1,7.81,2500,False,https://cdn.scoresaber.com/covers/C8F289AE3E080C579768728A94F4463F943FD3BD.png,c8f289ae3e080c579768728a94f4463f943fd3bd,,2022-02-10T23:58:11.417804Z,7,17.0,-1.2,717,74,45,7.226,430.0,Standard,3907,False,False,False,False,99.231,7.56,652395,0,0,10,3.194584330625275,0.9274703208945501
259,487214,487214,229.2735,4.372459387151841e-07,,1,0,0,569,True,2022-09-13T16:12:00.000Z,418012,Ultra Cutie Gangsta,,Stellabee,nolan121405,516235,2022-02-11T00:09:02.000Z,2022-08-11T05:14:30.000Z,2022-06-15T10:29:12.000Z,,True,False,False,-1,5.65,1121,False,https://cdn.scoresaber.com/covers/C8F289AE3E080C579768728A94F4463F943FD3BD.png,c8f289ae3e080c579768728a94f4463f943fd3bd,,2022-02-10T23:58:11.417804Z,7,16.0,-0.9,569,74,52,5.734,430.0,Standard,3907,False,False,False,False,99.231,4.46,516235,0,0,9,0.00010024890673001577,0.9437833544800334
1330,75101,75101,172.8275,1.740837130709827e-12,,1,0,0,93,True,2022-09-13T16:02:12.000Z,301044,Your Best Friend,,Toby Fox,Various Mappers,78315,2020-10-15T20:22:47.000Z,2020-10-24T19:53:32.000Z,2020-10-18T00:48:32.000Z,,True,False,False,-1,3.81,8974,False,https://cdn.scoresaber.com/covers/33F7950E5D92996727D514C78D5D30242D371761.png,33f7950e5d92996727d514c78d5d30242d371761,ff02,2020-10-15T20:17:24.831Z,4,18.0,-0.2,93,0,34,4.19,45.875,Standard,199,False,False,False,False,22.198,2.7,78315,0,0,0,3.008645292077526e-10,0.9589606078018259
1118,82195,82195,156.1622,1.081156545868608e-13,,1,0,0,103,True,2022-09-13T16:01:16.000Z,301043,Your Best Friend,,Toby Fox,Various Mappers,87515,2020-10-15T20:22:12.000Z,2020-10-24T19:53:30.000Z,2020-10-18T00:48:33.000Z,,True,False,False,-1,3.95,4365,False,https://cdn.scoresaber.com/covers/33F7950E5D92996727D514C78D5D30242D371761.png,33f7950e5d92996727d514c78d5d30242d371761,ff02,2020-10-15T20:17:24.831Z,4,16.0,-0.1,103,0,0,4.653,45.75,Standard,193,False,False,False,False,22.137,2.57,87515,0,0,0,1.6883578474724274e-11,0.9392104210706737
1028,38604,38604,163.887,2.829118390490615e-13,,1,0,0,52,True,2022-09-13T16:00:38.000Z,301042,Your Best Friend,,Toby Fox,Various Mappers,40595,2020-10-15T20:21:40.000Z,2020-10-24T19:53:29.000Z,2020-10-18T00:48:35.000Z,,True,False,False,-1,3.86,3039,False,https://cdn.scoresaber.com/covers/33F7950E5D92996727D514C78D5D30242D371761.png,33f7950e5d92996727d514c78d5d30242d371761,ff02,2020-10-15T20:17:24.831Z,4,14.0,0.0,52,0,0,2.349,45.75,Standard,152,False,False,False,False,22.137,1.3,40595,0,0,0,4.6365572566233544e-11,0.9509545510530854
8,120881,120881,0,3.508393037706532e-21,,1,0,1,123,False,2022-09-13T15:58:54.000Z,324079,Nyan Cat XL,,Daniwell,COCOAGALAXY,130755,2021-01-22T11:50:53.000Z,,,,False,False,False,-1,0,95,False,https://cdn.scoresaber.com/covers/CFD35A319062B6744EFD26DC81979D74F401636F.png,cfd35a319062b6744efd26dc81979d74f401636f,13000,2021-01-21T14:33:15.301Z,3,10.0,-1.0,150,0,150,1.216,296.0,Standard,5,False,False,False,False,123.333,,130755,0,0,0,0.0,0.9244847233375397
125,815204,407602,0,1.008240659965626e-21,NF,0.5,30,200,239,False,2022-09-12T16:29:13.000Z,367351,Archangel,,Sakuzyo,Helloiamdaan,1469355,2021-07-09T14:09:02.000Z,,,,False,False,False,-1,0,202,False,https://cdn.scoresaber.com/covers/6F8778AB7F666AB0B3BA0AD8BCB195094872E450.png,6f8778ab7f666ab0b3ba0ad8bcb195094872e450,1a149,2021-07-09T10:34:50.489Z,5,23.0,-1.3,1605,8,179,10.188,1024.0,Standard,6600,False,False,False,False,157.538,,1469355,0,0,4,0.0,0.5548039786164678
772,428550,428550,195.643,1.181026926673493e-09,,1,0,0,500,True,2022-09-12T16:21:53.000Z,373272,Chemical Cookie,,YUC'e,Cobayo,452755,2021-08-09T20:32:52.000Z,2021-08-25T01:27:06.000Z,2021-08-09T21:48:16.000Z,,True,False,False,-1,4.74,5057,False,https://cdn.scoresaber.com/covers/C95142C3F8CDB0290C102ADD4FBE26A45090D6B8.png,c95142c3f8cdb0290c102add4fbe26a45090d6b8,,2021-08-09T20:27:36.592504Z,4,18.0,-0.2,500,31,71,5.008,299.5,Standard,2890,False,False,False,False,99.833,3.25,452755,0,0,0,2.3105965101518218e-07,0.94653841481596
1224,789860,789860,307.3505,0.08868645742493185,,1,4,2,435,False,2022-09-12T16:16:54.000Z,409549,Sjeng Oan de Geng,,Dr. Peacock,Gordon Feetman & Shark,864915,2022-01-12T21:10:01.000Z,2022-04-15T15:33:59.000Z,2022-01-16T10:26:08.000Z,,True,False,False,-1,8.52,4687,False,https://cdn.scoresaber.com/covers/C54227D4DD7AD43EFDF437D3B9B4C290FC98D247.png,c54227d4dd7ad43efdf437d3b9b4c290fc98d247,,2022-01-12T21:06:42.943549Z,5,20.0,-0.45,948,390,79,9.186,344.0,Standard,1397,False,False,False,False,103.2,7.13,864915,0,1,142,27.257827032781517,0.9132226866223848
1964,107764,107764,224.6258,1.92687699272205e-07,,1,0,0,135,True,2022-09-12T16:14:07.000Z,299888,Naughty little demon,(ED version),Minari,Hoppaw,116955,2020-10-09T18:38:32.000Z,2021-01-22T05:02:39.000Z,2021-01-05T00:29:17.000Z,,True,False,False,-1,6.08,7982,False,https://cdn.scoresaber.com/covers/AE17294E266BF34F7B3D2A3F40329347F072AACC.png,ae17294e266bf34f7b3d2a3f40329347f072aacc,fc4c,2020-10-09T16:22:52.484Z,4,19.0,0.2,135,0,2,5.859,48.0,Standard,653,False,False,False,False,23.04,5.22,116955,0,0,0,4.3282628599178464e-05,0.9214142191441153
2370,1086315,1086315,312.8214,0.1745172471802856,,1,5,12,268,False,2022-09-11T20:19:41.000Z,327908,true Hero,,Kobaryo,"Cerret, Complex & Daan",1269715,2021-02-03T17:46:27.000Z,2021-02-12T03:59:57.000Z,2021-02-05T00:00:43.000Z,,True,False,False,-1,9.85,4703,False,https://cdn.scoresaber.com/covers/09F435B861416442FE61B5B2D512AFCA5C29BCF2.png,09f435b861416442fe61b5b2d512afca5c29bcf2,138ba,2021-02-03T15:37:01.829Z,7,23.0,-0.055,1388,64,30,10.512,592.0,Standard,5342,False,False,False,False,132.045,9.85,1269715,0,0,6,54.59272958708299,0.8555581370622541
595,503197,503197,239.3315,1.468240267114296e-06,,1,0,3,278,False,2022-09-11T19:48:44.000Z,486609,Mysta Megamix,,Camellia,Rusty & Bitz,551195,2022-07-09T20:22:09.000Z,2022-08-11T05:16:57.000Z,2022-07-10T05:08:43.000Z,,True,False,False,-1,6.64,2475,False,https://cdn.scoresaber.com/covers/39BAD59376D78D5E6C81C03D5D116CA1AA2D2FF8.png,39bad59376d78d5e6c81c03d5d116ca1aa2d2ff8,,2022-07-09T01:19:13.836576Z,5,17.0,0.275,607,57,494,4.987,426.0,Standard,5082,False,False,False,False,121.714,6.64,551195,0,0,1,0.0003513961454888651,0.9129201099429421
2340,1371879,1371879,267.5971,0.0001133613221909472,,1,2,1,1404,False,2022-09-11T19:40:00.000Z,311333,Purple People Eater,,Pegboard Nerds,FatBeanzoop & ExUnReal,1476715,2020-12-04T12:52:24.000Z,2020-12-20T17:15:39.000Z,2020-12-05T18:16:56.000Z,,True,False,False,-1,7.05,14650,False,https://cdn.scoresaber.com/covers/09F8BEE6908E3A9CD724B3DB3162A5C381ECB156.png,09f8bee6908e3a9cd724b3db3162a5c381ecb156,11b49,2020-12-04T11:58:34.962Z,7,21.0,-0.75,1613,332,198,6.483,663.5,Standard,16529,False,False,False,False,248.813,6.9,1476715,0,2,103,0.030335161070463117,0.929007289829114
2712,500555,500555,221.0244,1.014718623925088e-07,,1,0,0,585,True,2022-09-11T19:26:26.000Z,364320,astrid,,glaive,nolan121405,530955,2021-06-24T17:42:14.000Z,2021-07-06T15:32:02.000Z,2021-06-25T03:34:04.000Z,,True,False,False,-1,5.48,16589,False,https://cdn.scoresaber.com/covers/47D574D2274C36B45A63A7B808BCF74B49A0A3BA.png,47d574d2274c36b45a63a7b808bcf74b49a0a3ba,19854,2021-06-24T17:17:02.356Z,3,19.0,-0.3,585,25,65,6.087,271.5,Standard,3469,False,False,False,False,96.1,5.14,530955,0,0,1,2.242775750218682e-05,0.942744677044194
1185,1075983,1075983,276.5604,0.0003185464838803103,,1,1,1,669,False,2022-09-11T19:21:06.000Z,365299,Release The Kraken,(Sefa Remix),"Destructive Tendencies, Warface","Jabob, Daan, & lobster",1150115,2021-06-29T17:56:23.000Z,2021-07-11T08:30:52.000Z,2021-07-01T20:42:11.000Z,,True,False,False,-1,7.1,5850,False,https://cdn.scoresaber.com/covers/B666A3E654179B794828E726FC80B506FDEB523F.png,b666a3e654179b794828e726fc80b506fdeb523f,19b97,2021-06-29T17:50:42.222Z,4,20.0,-0.2,1258,493,787,6.994,599.583,Standard,6319,False,False,False,False,179.875,7.02,1150115,0,0,83,0.08809734300053217,0.9355438369206558
630,283173,283173,156.7554,1.12036947758405e-13,,1,1,0,233,False,2022-09-11T18:58:43.000Z,409551,Sjeng Oan de Geng,,Dr. Peacock,Gordon Feetman & Shark,302795,2022-01-12T21:13:05.000Z,2022-04-15T15:33:46.000Z,2022-01-16T10:26:08.000Z,,True,False,False,-1,4.03,1922,False,https://cdn.scoresaber.com/covers/C54227D4DD7AD43EFDF437D3B9B4C290FC98D247.png,c54227d4dd7ad43efdf437d3b9b4c290fc98d247,,2022-01-12T21:06:42.943549Z,5,16.0,0.3,337,122,432,3.266,344.0,Standard,1324,False,False,False,False,103.2,2.44,302795,0,0,2,1.756239656064788e-11,0.9351970805330339
536,317479,317479,189.0938,1.606161999449739e-10,,1,1,0,268,False,2022-09-11T17:47:29.000Z,10340,Blastix Riotz,,Chart by Mystikmol,"Camellia as ""Bang Riot""",346035,2018-06-11T15:32:09.000Z,,,,True,False,False,-1,5.18,2328,False,https://cdn.scoresaber.com/covers/28D084533B3F69ACB53E611EA383C026A87154AB.png,28d084533b3f69acb53e611ea383c026a87154ab,4bb,2018-06-11T14:13:58Z,4,10.0,0.0,384,0,2,3.085,531.125,Standard,448,False,False,False,False,124.482,2.75,346035,34,28,0,3.0371527589154905e-08,0.9174765558397272
386,265208,265208,176.3389,6.985426394929829e-12,,1,0,1,310,False,2022-09-11T17:37:39.000Z,348483,Last Kingdom,"(Uninstaller's ""Last Note"" Re-Edit)",USAO,Uninstaller,282555,2021-04-15T09:42:50.000Z,2021-04-29T19:04:48.000Z,2021-04-15T20:58:29.000Z,,True,False,False,-1,4.47,1024,False,https://cdn.scoresaber.com/covers/4BA8B460A7F5A1C32CFB2EE728B8FA0773E40559.png,4ba8b460a7f5a1c32cfb2ee728b8fa0773e40559,16b33,2021-04-15T08:53:05.259Z,2,14.0,0.5,315,40,203,2.225,354.0,Standard,5108,False,False,False,False,141.6,1.47,282555,26,9,0,1.2318024065128917e-09,0.938606642954469
2506,979937,979937,301.7317,0.02736898223731739,,1,1,5,487,False,2022-09-10T19:25:07.000Z,362817,SCREW // owo // SCREW,,Camellia,ThySpoon,1082955,2021-06-17T22:42:15.000Z,2021-06-26T18:34:32.000Z,2021-06-18T07:03:58.000Z,,True,False,False,-1,8.56,7830,False,https://cdn.scoresaber.com/covers/BA220888BB848D07BDFE3C49A4960E487C63BE82.png,ba220888bb848d07bdfe3c49a4960e487c63be82,19448,2021-06-17T22:25:08.327Z,3,22.0,-0.25,1185,0,92,10.108,445.5,Standard,4220,False,False,False,False,117.237,8.38,1082955,0,0,0,8.25808953773558,0.9048732403470134
1231,416036,416036,305.2105,0.06210555409211463,,1,2,4,244,False,2022-09-10T19:15:25.000Z,272379,epimerization,(Short Ver.),Camellia,CoolingCloset,475755,2020-06-15T22:46:52.000Z,2020-06-19T23:59:45.000Z,2020-06-15T23:38:11.000Z,,True,False,False,-1,9.28,4329,False,https://cdn.scoresaber.com/covers/380B9810A771B57D29DB44F8E2217502D76D6094.png,380b9810a771b57d29db44f8e2217502d76d6094,b2f2,2020-06-15T22:44:38.905Z,7,21.0,0.0,525,0,108,6.66,268.0,Standard,2009,False,False,False,False,78.824,9.01,475755,0,0,0,18.955267217231352,0.8744753076688632
1054,1611782,1611782,288.1049,0.002900543535617475,,1,5,12,265,False,2022-09-10T19:11:20.000Z,427447,ONIGIRI FREEWAY,,OISHII,Fnyt,1823555,2022-03-29T18:32:18.000Z,2022-08-11T05:18:14.000Z,2022-07-10T03:30:53.000Z,,True,False,False,-1,8.58,2644,False,https://cdn.scoresaber.com/covers/CF484CF057414606D273B8E61AB56258F93A77FE.png,cf484cf057414606d273b8e61ab56258f93a77fe,,2022-03-29T18:07:04.337279Z,7,20.0,-0.4,1990,100,44,11.785,591.0,Standard,7814,False,False,False,False,168.857,8.31,1823555,0,0,2,0.8356608052747191,0.8838680489483454
505,1218998,1218998,282.5559,0.001032218112297694,,1,3,5,990,False,2022-09-10T19:00:37.000Z,452550,YURUSHITE,(Uncut Edition),t+pazolite,"ptotpa, Astrella, & miitchel",1346075,2022-05-08T19:29:15.000Z,2022-06-14T04:44:42.000Z,2022-05-12T07:04:15.000Z,,True,False,False,-1,8,2260,False,https://cdn.scoresaber.com/covers/E57B5AD1E8301F55F861C6EA12A5DA254977C150.png,e57b5ad1e8301f55f861c6ea12a5da254977c150,,2022-05-08T19:00:45.933861Z,7,18.0,-1.6,1471,0,231,7.072,936.0,Standard,10432,False,False,False,False,208.0,7.73,1346075,0,0,0,0.291659317716576,0.9055944133870698
975,992470,992470,287.8114,0.002799024511870863,,1,9,10,272,False,2022-09-10T18:46:27.000Z,485350,Novablast,,Rhea,"Bitz, Cokeinjector, Luck & Sync",1144595,2022-07-07T13:07:48.000Z,2022-08-11T05:17:35.000Z,2022-07-09T00:16:46.000Z,,True,False,False,-1,8.87,2789,False,https://cdn.scoresaber.com/covers/C3CFED196F96B161C0862EC387E0EE9241CD5B48.png,c3cfed196f96b161c0862ec387e0ee9241cd5b48,,2022-07-07T13:04:26.823242Z,5,18.0,-1.5,1252,0,405,7.41,704.042,Standard,54861,True,False,False,False,168.97,8.65,1144595,0,6,0,0.8055911633958698,0.8670927271218204
584,422084,422084,192.7074,4.846660876484424e-10,,1,0,0,490,True,2022-09-10T18:28:25.000Z,332265,Imprinting,,Sakuzyo,Fnyt,443555,2021-02-17T19:23:16.000Z,2021-03-05T14:17:58.000Z,2021-02-25T17:31:45.000Z,,True,False,False,-1,4.52,4186,False,https://cdn.scoresaber.com/covers/EB650896E07F1F38617B77B980CAFDAFDC7872E7.png,eb650896e07f1f38617b77b980cafdafdc7872e7,142f4,2021-02-17T19:02:33.697Z,6,17.0,0.1,490,24,39,4.364,327.5,Standard,4643,False,False,False,False,112.286,2.89,443555,0,0,3,9.339874161890344e-08,0.9515933762442087
714,252156,252156,171.6878,1.176409676354832e-12,,1,0,0,297,True,2022-09-10T18:25:17.000Z,332263,Imprinting,,Sakuzyo,Fnyt,265995,2021-02-17T19:20:51.000Z,2021-03-05T14:17:56.000Z,2021-02-25T17:31:47.000Z,,True,False,False,-1,4.13,1938,False,https://cdn.scoresaber.com/covers/EB650896E07F1F38617B77B980CAFDAFDC7872E7.png,eb650896e07f1f38617b77b980cafdafdc7872e7,142f4,2021-02-17T19:02:33.697Z,6,15.0,0.5,297,37,66,2.645,327.5,Standard,4643,False,False,False,False,112.286,1.54,265995,0,0,1,2.0197518923207314e-10,0.947972706253877
367,444972,444972,181.7327,1.827912743518298e-11,,1,0,0,522,True,2022-09-10T18:22:53.000Z,100690,CANDYYYLAND (Pa's Lam System Remix),,tofubeats,Saut,472995,2018-12-30T23:38:54.000Z,2019-01-08T23:36:04.000Z,,,True,False,False,-1,4.56,2315,False,https://cdn.scoresaber.com/covers/061DB548E0E73A58E93835997A3B06C7C27756E6.png,061db548e0e73a58e93835997a3b06c7c27756e6,294c,2018-12-30T19:54:54Z,7,10.0,0.0,522,0,4,2.442,570.0,Standard,3131,False,False,False,False,213.75,1.55,472995,60,30,0,3.321915182439878e-09,0.9407541305933467
1587,2340265,2340265,238.0636,1.228665594902442e-06,,1,0,12,834,False,2022-09-09T18:42:43.000Z,371823,Megalovania,(Camellia Remix),Toby Fox,Joshabi & Olaf,2573355,2021-08-01T15:32:38.000Z,2021-08-25T01:20:53.000Z,2021-08-01T21:48:54.000Z,,True,False,False,-1,6.67,9523,False,https://cdn.scoresaber.com/covers/A2EE3D6E6C82B89B10B9395BEBF47CF05F316B10.png,a2ee3d6e6c82b89b10b9395bebf47cf05f316b10,1ad3b,2021-08-01T13:52:25.128Z,4,20.0,0.1,2805,47,659,8.014,1411.75,Standard,17193,False,False,False,False,350.021,6.57,2573355,0,0,7,0.00029250055471861697,0.909421747096689
13,1048378,1048378,0,3.042408276631095e-21,,1,0,9,623,False,2022-09-09T18:04:48.000Z,442358,Who said we are idiots?,,DIALOGUE＋,ImpeccableWolf,1240275,2022-04-22T10:36:30.000Z,,,,False,False,False,-1,0,49,False,https://cdn.scoresaber.com/covers/0D56DF96B206B90B2E614F022E20C82813BB3307.png,0d56df96b206b90b2e614f022e20c82813bb3307,,2022-04-22T10:02:19.781847Z,3,21.0,0.0,1356,56,53,5.241,539.0,Standard,3706,True,False,True,False,258.72,,1240275,0,0,21,0.0,0.8452786680373304
1748,766475,383238,0,2.935923986949007e-21,NF,0.5,24,150,154,False,2022-09-09T17:57:12.000Z,71253,Stamp On The Ground - Nightcore,,,Nuketime,1185075,2018-09-14T01:09:27.000Z,,,,False,False,False,-1,0,3370,False,https://cdn.scoresaber.com/covers/47A5357778F94F6947B7C25C9A440C17DD68176B.png,47a5357778f94f6947b7c25c9a440c17dd68176b,14e7,2018-09-13T23:35:37Z,5,15.0,0.0,1296,16,32,7.418,509.563,Standard,1781,False,False,False,False,174.707,,1185075,56,77,7,0.0,0.6467734109655507
1302,787403,787403,294.6573,0.0100930731619889,,1,2,6,487,False,2022-09-09T17:50:50.000Z,332268,Imprinting,,Sakuzyo,Fnyt,876875,2021-02-17T19:26:48.000Z,2021-03-05T14:18:02.000Z,2021-02-25T17:31:33.000Z,,True,False,False,-1,8.51,4472,False,https://cdn.scoresaber.com/covers/EB650896E07F1F38617B77B980CAFDAFDC7872E7.png,eb650896e07f1f38617b77b980cafdafdc7872e7,142f4,2021-02-17T19:02:33.697Z,6,21.0,-0.5,961,16,32,8.559,327.5,Standard,4643,False,False,False,False,112.286,8.1,876875,0,0,2,2.9739976866141125,0.8979649322879544
1106,1238102,1238102,312.1354,0.1568268046827703,,1,1,5,693,False,2022-09-09T17:44:24.000Z,363257,Ill,,RoughSketch,ThySpoon & Fvrwvrd,1361715,2021-06-19T20:21:06.000Z,2021-06-29T22:49:31.000Z,2021-06-19T22:37:22.000Z,,True,False,False,-1,8.75,3720,False,https://cdn.scoresaber.com/covers/BDEDCCEC6C2F59A55F9D44DE5A54F490D72EC8F4.png,bdedccec6c2f59a55f9d44de5a54f490d72ec8f4,19566,2021-06-19T19:42:10.292Z,5,20.0,-0.105,1488,782,73,8.061,683.0,Standard,8113,False,False,False,False,184.595,8.75,1361715,0,0,17,48.951197410378384,0.9092225612554756
664,825472,825472,296.3932,0.01390841373658661,,1,0,3,433,False,2022-09-09T17:40:40.000Z,347725,I,,Chroma,Mystikmol & Moriik,912755,2021-04-12T04:37:42.000Z,2021-04-25T18:12:48.000Z,2021-04-12T11:53:08.000Z,,True,False,False,-1,8.42,3000,False,https://cdn.scoresaber.com/covers/0B71BA47DEEF78A55C5709058ABDB9B0849486F7.png,0b71ba47deef78a55c5709058abdb9b0849486f7,1695b,2021-04-12T04:13:19.548Z,7,21.0,0.0,1000,8,24,8.681,432.0,Standard,2880,False,False,False,False,115.2,8.31,912755,0,0,0,4.1223592543108625,0.9043741201089011
520,459419,459419,184.0659,3.596967444038391e-11,,1,1,0,529,False,2022-09-09T17:34:15.000Z,380549,MeteorGlow Aftermath,,pan,Mystikmol,495075,2021-09-18T17:41:02.000Z,2022-01-12T15:49:32.000Z,,,True,False,False,-1,4.87,1765,False,https://cdn.scoresaber.com/covers/D9CD7548B6664E54D3A50AD2CD040E18E2541840.png,d9cd7548b6664e54d3a50ad2cd040e18e2541840,,2021-09-18T17:30:17.957595Z,7,18.0,-1.0,546,8,23,5.005,480.0,Standard,5242,False,False,False,False,109.091,3.8,495075,0,0,2,6.620790498576261e-09,0.9279785891026612
347,209269,209269,185.7493,5.515803002855609e-11,,1,0,0,247,True,2022-09-09T17:30:19.000Z,380547,MeteorGlow Aftermath,,pan,Mystikmol,219995,2021-09-18T17:36:30.000Z,2022-01-12T15:49:26.000Z,,,True,False,False,-1,4.37,760,False,https://cdn.scoresaber.com/covers/D9CD7548B6664E54D3A50AD2CD040E18E2541840.png,d9cd7548b6664e54d3a50ad2cd040e18e2541840,,2021-09-18T17:30:17.957595Z,7,12.0,0.5,247,8,40,2.264,480.0,Standard,5242,False,False,False,False,109.091,1.32,219995,4,0,0,1.0245565467183274e-08,0.9512443464624196
619,473949,473949,172.3418,1.509619144096971e-12,,1,0,2,354,False,2022-09-09T17:10:43.000Z,363371,Get Get Down,(Asketa & Natan Chaim Remix),Tom & Jame,ItsVasili,507035,2021-06-20T09:06:25.000Z,2021-06-29T22:50:19.000Z,2021-06-20T11:44:18.000Z,,True,False,False,-1,4.44,1822,False,https://cdn.scoresaber.com/covers/B02DA0A01D4B9E41012327DEF8A28E5B95DDEDD9.png,b02da0a01d4b9e41012327def8a28e5b95ddedd9,195a5,2021-06-20T07:52:57.831Z,4,16.0,-0.5,559,3,143,3.956,292.0,Standard,3792,False,False,False,False,141.29,2.66,507035,0,0,2,2.6017048060813136e-10,0.9347461220625795
1787,466580,466580,176.1438,6.05762206552114e-12,,1,0,0,549,True,2022-09-09T17:03:46.000Z,321372,Climax,,USAO,Timbo,497835,2021-01-14T12:00:28.000Z,2021-01-22T05:29:24.000Z,2021-01-14T22:22:06.000Z,,True,False,False,-1,4.49,6093,False,https://cdn.scoresaber.com/covers/FD34B0279836820254C31552C5753291ACBCBB95.png,fd34b0279836820254c31552c5753291acbcbb95,12b62,2021-01-14T11:56:39.803Z,7,14.0,-0.75,549,0,199,3.622,480.0,Standard,7552,False,False,False,False,151.579,2.64,497835,0,0,0,1.0670125695847426e-09,0.937218154609459
778,326582,326582,162.4705,2.284625405236832e-13,,1,0,1,291,False,2022-09-09T17:00:45.000Z,347370,ADAM,,P*Light,Shan_Man,349715,2021-04-11T03:27:26.000Z,2021-04-22T16:20:59.000Z,2021-04-11T14:31:20.000Z,,True,False,False,-1,4.2,2390,False,https://cdn.scoresaber.com/covers/28ABB0BB8BDB7C7AF3E18D11DBDAA40E56F779C1.png,28abb0bb8bdb7c7af3e18d11dbdaa40e56f779c1,1687f,2021-04-11T00:54:04.820Z,1,16.0,0.75,388,0,17,3.368,384.0,Standard,4415,False,False,False,False,115.2,2.63,349715,2,0,0,3.711842319015307e-11,0.9338518507927884
1925,971274,971274,238.1969,1.273228595753826e-06,,1,42,21,173,False,2022-09-08T18:27:46.000Z,319,Everything will freeze,,,UNDEAD CORPORATION (mapped by Roffle),1441755,2018-05-13T06:26:24.000Z,,,,True,False,False,-1,9.44,11105,False,https://cdn.scoresaber.com/covers/D0B6C6880FC6415CD4839A71691D71E41B2C4D76.png,d0b6c6880fc6415cd4839a71691d71e41b2c4d76,4c,2018-05-12T17:45:06Z,4,10.0,0.0,1575,0,14,8.246,764.0,Standard,427,False,False,False,False,191.0,10.07,1441755,362,107,0,0.0003032791044999145,0.6736747921803635
118,1500011,1500011,0,2.833166647405791e-21,,1,24,45,180,False,2022-09-08T18:18:02.000Z,365186,Halibo,,"Billx, Dr. Peacock",Exeiron,1959715,2021-06-29T01:01:40.000Z,,,,False,False,False,-1,0,271,False,https://cdn.scoresaber.com/covers/D092BDF986B07C41300A16D5CA34309AF074431E.png,d092bdf986b07c41300a16d5ca34309af074431e,19b1e,2021-06-28T17:57:44.212Z,3,21.0,-0.4,2138,995,214,7.797,914.0,Lawless,100158,True,False,False,False,274.2,,1959715,0,0,263,0.0,0.7654230334512927
134,996495,996495,0,6.344819636963977e-22,,1,5,6,225,False,2022-09-08T18:12:56.000Z,391193,God-ish -covered by Sekai-,PinocchioP,sekai,ani vs salami,1140915,2021-10-31T11:09:16.000Z,,,,False,False,False,-1,0,457,False,https://cdn.scoresaber.com/covers/134A2A30E8D77C49F1DBA7EC0E665197803F136C.png,134a2a30e8d77c49f1dba7ec0e665197803f136c,,2021-10-31T10:59:53.324059Z,7,19.0,-0.75,1248,57,281,6.418,460.233,Standard,5652,False,False,False,False,194.465,,1140915,0,3,9,0.0,0.8734173886748794
1283,506412,506412,0,2.734005814746589e-21,,1,15,9,90,False,2022-09-08T17:58:15.000Z,75415,Gokuraku Joudo,,GARNiDELiA,SilentCaay,675395,2018-09-27T00:23:43.000Z,,,,False,False,False,-1,0,3915,False,https://cdn.scoresaber.com/covers/E127F625D462A8A153A2F0A19D7B00A6BA2C2050.png,e127f625d462a8a153a2f0a19d7b00a6ba2c2050,1766,2018-09-26T22:58:50Z,5,12.0,0.0,742,0,4,3.522,460.0,Standard,1948,False,False,False,False,210.687,,675395,70,107,0,0.0,0.7498012274298743
1018,866454,866454,246.8445,3.842020433788984e-06,,1,12,17,106,False,2022-09-08T17:50:43.000Z,131951,Fallen (Short Ver.),,EGOIST,Uninstaller & Saut,1084795,2019-04-10T04:35:13.000Z,2019-04-23T13:42:59.000Z,,,True,False,False,-1,8.54,2791,False,https://cdn.scoresaber.com/covers/F369747C6B54914DEAA163AAE85816BA5A8C1845.png,f369747c6b54914deaa163aae85816ba5a8c1845,449a,2019-04-10T03:00:07Z,8,19.0,0.0,1187,16,10,6.635,575.5,Standard,7058,False,False,False,False,178.912,8.53,1084795,25,60,1,0.0009483816129684248,0.79872602657645
772,381683,190842,0,2.638315611230458e-21,NF,0.5,15,33,152,False,2022-09-08T17:42:10.000Z,499881,nieuwe tune,,gladde paling,unluckyL,507955,2022-08-03T19:25:10.000Z,,,,False,False,False,-1,0,2384,False,https://cdn.scoresaber.com/covers/4DDB6AA5013A4D8F14E669E0CA90BBC15E1848D5.png,4ddb6aa5013a4d8f14e669e0ca90bbc15e1848d5,,2022-08-03T19:19:22.058071Z,3,21.0,-0.5,560,135,168,6.677,251.625,Standard,0,False,False,False,False,83.875,,507955,0,0,9,0.0,0.7514110501914539
204,819564,819564,0,2.545974564837392e-21,,1,5,9,299,False,2022-09-08T17:38:52.000Z,214790,Crystallize,,Lindsey Stirling,pkdan,961515,2020-03-23T22:26:19.000Z,,,,False,False,False,-1,0,2708,False,https://cdn.scoresaber.com/covers/72E063FA04BDAACF3A8DD6934BA9CA839E71A529.png,72e063fa04bdaacf3a8dd6934ba9ca839e71a529,9336,2020-03-23T22:19:30.501Z,5,24.0,0.65,1053,52,254,4.451,552.0,Standard,2847,False,False,False,False,236.571,,961515,9,8,4,0.0,0.8523673577635295
6080,829316,829316,176.7269,8.055336135398931e-12,,1,19,20,115,False,2022-09-08T17:33:37.000Z,137209,Crying for Rain,,Minami,squeaksies,1093995,2019-05-03T10:40:20.000Z,2019-06-02T05:12:08.000Z,,,True,False,False,-1,6.44,13941,False,https://cdn.scoresaber.com/covers/B70AEEF2EE915CED48593422931E8BA2A1F4E973.png,b70aeef2ee915ced48593422931e8ba2a1f4e973,4a2a,2019-05-03T08:08:54Z,4,17.0,0.0,1197,0,52,4.85,563.558,Standard,1914,False,False,False,False,246.814,5.27,1093995,31,48,0,1.4235945836670333e-09,0.7580619655482886
2072,2046101,1023051,51.92029,1.321295845273838e-14,NF,0.5,37,143,152,False,2022-09-06T15:48:54.000Z,288022,Lowermost revolt,"(""Jeremiad"" Long ver.) feat. Kagekiha gakusei",Camellia,DE125 & Schwank,2968955,2020-08-20T11:53:08.000Z,2020-08-20T15:40:30.000Z,,,True,False,False,-1,11.78,3274,False,https://cdn.scoresaber.com/covers/23328A868C4C13C72E191A77EB42622D551EF5AC.png,23328a868c4c13c72e191a77eb42622d551ef5ac,da19,2020-08-20T03:26:03.030Z,6,23.0,-0.2,3235,0,207,11.106,1064.063,Standard,15635,False,False,False,False,291.524,11.79,2968955,0,0,0,6.86020634624128e-13,0.6891653797379886
1903,1826623,913312,52.94474,1.578932276488061e-14,NF,0.5,33,94,175,False,2022-09-06T15:25:41.000Z,322232,Architecture,,DJ Myosuke & Noizenecio,muffn,2493315,2021-01-16T21:11:31.000Z,2021-01-24T18:49:45.000Z,2021-01-17T01:13:30.000Z,,True,False,False,-1,11.3,3028,False,https://cdn.scoresaber.com/covers/E1D69325D605DE36DED9EEE3C980EB216716CD63.png,e1d69325d605de36ded9eee3c980eb216716cd63,12ccf,2021-01-16T20:51:04.940Z,5,23.0,0.255,2718,197,139,11.761,1155.5,Standard,12539,False,False,False,False,231.1,11.3,2493315,0,0,2,8.359615885626851e-13,0.7326081943115892
499,963159,963159,293.5254,0.008150557233766061,,1,2,2,600,False,2022-09-06T15:19:41.000Z,407744,Our Generation,"(Underscore's ""Doomsday"" Remix)",Imil & Sunhiausa,nolan121405,1040635,2022-01-06T22:59:46.000Z,2022-01-16T21:07:59.000Z,,,True,False,False,-1,7.83,2223,False,https://cdn.scoresaber.com/covers/97DEDD1BAC6383E6D299FAA9454A530C02C233BB.png,97dedd1bac6383e6d299faa9454a530c02c233bb,,2022-01-06T22:44:40.782684Z,3,18.0,-0.6,1139,467,19,6.983,869.937,Standard,9757,False,False,False,False,163.113,7.17,1040635,0,0,34,2.3923955722640766,0.925549304030712
1221,1041291,1041291,302.2314,0.03512104700458296,,1,3,14,455,False,2022-09-06T15:16:09.000Z,407743,Our Generation,"(Underscore's ""Doomsday"" Remix)",Imil & Sunhiausa,nolan121405,1181395,2022-01-06T22:57:40.000Z,2022-01-16T21:08:02.000Z,,,True,False,False,-1,9.05,3465,False,https://cdn.scoresaber.com/covers/97DEDD1BAC6383E6D299FAA9454A530C02C233BB.png,97dedd1bac6383e6d299faa9454a530c02c233bb,,2022-01-06T22:44:40.782684Z,3,20.0,-1.2,1292,458,23,7.921,869.937,Standard,9756,False,False,False,False,163.113,8.8,1181395,0,0,34,10.614683205660915,0.8814079964787391
565,1088327,1088327,301.3227,0.02641106785901128,,1,1,8,519,False,2022-09-06T15:08:03.000Z,381250,No Way Out,,Within Destruction,Emilia,1208995,2021-09-23T19:59:51.000Z,2021-10-18T10:35:27.000Z,2021-10-03T13:20:54.000Z,,True,False,False,-1,8.66,1738,False,https://cdn.scoresaber.com/covers/FC03684365D04F38E734ABECE6848E57901D312D.png,fc03684365d04f38e734abece6848e57901d312d,,2021-09-23T17:04:21.073495Z,9,20.0,-1.3,1322,57,146,7.44,947.657,Standard,5932,False,False,False,False,177.686,8.37,1208995,0,0,3,7.958254277160497,0.900191481354348
1238,977398,977398,308.4124,0.102269952444721,,1,0,8,461,False,2022-09-06T14:59:32.000Z,407918,DANGEROOOOUS JUNGLE,,Laur,Jabob,1077435,2022-01-07T16:06:32.000Z,2022-06-14T04:39:29.000Z,2022-03-15T06:45:08.000Z,,True,False,False,-1,8.69,5282,False,https://cdn.scoresaber.com/covers/B77A35FEC3F53AD11E154B67DDD9CD933D37057A.png,b77a35fec3f53ad11e154b67ddd9cd933d37057a,,2022-01-07T15:59:28.886757Z,9,20.0,-1.4,1179,89,421,8.945,703.0,Standard,6394,False,False,False,False,131.813,8.49,1077435,0,0,6,31.541321481362267,0.9071526356578355
504,248263,248263,194.5297,8.881336111541004e-10,,1,0,0,292,True,2022-09-06T14:41:50.000Z,341347,You,,Imil,Emilia,261395,2021-03-20T17:34:08.000Z,2021-04-08T13:48:46.000Z,2021-03-23T05:46:33.000Z,,True,False,False,-1,4.63,983,False,https://cdn.scoresaber.com/covers/5A79F235519F17323538CB9F9730C9040C89E5DE.png,5a79f235519f17323538cb9f9730c9040c89e5de,15aba,2021-03-20T17:31:34.346Z,6,16.0,0.2,292,48,193,2.42,704.0,Standard,4551,False,False,False,False,120.686,1.99,261395,0,0,16,1.727683649377238e-07,0.9497618546643968
830,687362,687362,204.6405,8.380261399133431e-09,,1,0,2,479,False,2022-09-06T14:39:27.000Z,350368,Party People,,Laur,Helloiamdaan & Nolanimations,735195,2021-04-22T12:33:51.000Z,2021-05-03T21:43:53.000Z,2021-04-22T22:38:42.000Z,,True,False,False,-1,5.27,3135,False,https://cdn.scoresaber.com/covers/4BBDAA1004A00EEB9C8D9432640E1C7D490B46D9.png,4bbdaa1004a00eeb9c8d9432640e1c7d490b46d9,1703f,2021-04-22T12:28:56.751Z,7,18.0,-0.6,807,49,112,4.526,1040.0,Standard,6018,False,False,False,False,178.286,4.02,735195,0,0,6,1.714940882849365e-06,0.9349383496895382
172,1424006,1424006,0,2.456865455068083e-21,,1,11,15,323,False,2022-09-05T16:44:48.000Z,365104,Halibo,,"Billx, Dr. Peacock",Exeiron,1677275,2021-06-28T18:09:08.000Z,,,,False,False,False,-1,0,580,False,https://cdn.scoresaber.com/covers/D092BDF986B07C41300A16D5CA34309AF074431E.png,d092bdf986b07c41300a16d5ca34309af074431e,19b1e,2021-06-28T17:57:44.212Z,3,18.0,-0.1,1831,433,223,6.678,914.0,Standard,100158,True,False,False,False,274.2,,1677275,0,0,7,0.0,0.8489997168025517
752,669364,669364,0,2.3708751641407e-21,,1,6,11,174,False,2022-09-05T16:38:11.000Z,290550,Hentai,(Osu Edit),S3RL,MeezoNugget,794995,2020-09-01T15:16:12.000Z,,,,False,False,False,-1,0,3116,False,https://cdn.scoresaber.com/covers/0465A68A0F1F7DA277E33844484CB57CFE139C76.png,0465a68a0f1f7da277e33844484cb57cfe139c76,e1e2,2020-09-01T14:57:49.832Z,3,22.0,-0.3,872,4,2,6.114,416.0,Standard,3769,False,False,False,False,142.629,,794995,0,0,1,0.0,0.841972591022585
128,898498,898498,0,2.287894533395776e-21,,1,13,16,199,False,2022-09-05T16:30:33.000Z,284940,Katyusha ,(Cosmowave Remix),Girl Und Panzer,EpicEwok,1116075,2020-08-07T03:04:01.000Z,,,,False,False,False,-1,0,681,False,https://cdn.scoresaber.com/covers/7FD6E97CC001FE171DF0DBA87F32D3B29A2136DB.png,7fd6e97cc001fe171df0dba87f32d3b29a2136db,d033,2020-08-06T23:22:28.516Z,6,20.0,-0.1,1221,0,35,7.153,469.436,Standard,3453,False,False,False,False,170.704,,1116075,9,16,0,0.0,0.8050516318347781
66,713826,713826,0,2.207818224726923e-21,,1,1,1,420,False,2022-09-05T16:26:33.000Z,351969,KING,Kanaria,鷹宮リオン,xtpn,768315,2021-04-28T12:59:34.000Z,,,,False,False,False,-1,0,509,False,https://cdn.scoresaber.com/covers/FE12B10965B909A60543714BC2F7864882583F32.png,fe12b10965b909a60543714bc2f7864882583f32,1747b,2021-04-28T10:28:49.592Z,5,21.0,-0.4,843,6,75,6.346,367.5,Standard,3184,False,False,False,False,132.831,,768315,0,0,1,0.0,0.9290798695847406
3290,490251,490251,170.6901,9.1674759957362e-13,,1,0,4,195,False,2022-09-05T16:23:12.000Z,186818,Chocolate Planet,,Freezer ft. Kiichigo,Mystikmol,556715,2019-11-19T11:44:03.000Z,2019-11-19T22:04:35.000Z,,,True,False,False,-1,5.12,12412,False,https://cdn.scoresaber.com/covers/176E1549CC6AA8CE28517676C0894F7C16308ED5.png,176e1549cc6aa8ce28517676c0894f7c16308ed5,70d7,2019-11-19T11:04:27.328Z,4,13.0,0.0,613,0,0,5.309,355.999,Standard,2646,False,False,False,False,115.459,4.02,556715,33,21,0,1.5647973944598117e-10,0.8806139586682593
64,963783,963783,0,3.940485391681774e-23,,1,4,6,431,False,2022-09-05T16:19:48.000Z,340623,[Touhou] VENTEN,,暁Records / Akatsuki Records,kingbee,1095835,2021-03-17T16:10:37.000Z,,,,False,False,False,-1,0,624,False,https://cdn.scoresaber.com/covers/8AD1EF4639B79BF80566C2026295AD5252542B00.png,8ad1ef4639b79bf80566c2026295ad5252542b00,158d7,2021-03-17T15:30:51.322Z,4,14.0,0.3,1199,0,0,5.993,583.5,Standard,3585,False,False,False,False,200.057,,1095835,48,52,0,0.0,0.8794964570396091
565,208831,208831,178.125,1.071186672796851e-11,,1,0,0,244,True,2022-09-05T15:11:24.000Z,322990,KORO DISCO!,,Omiya Club,Depito,217235,2021-01-18T22:11:40.000Z,2021-03-15T05:24:05.000Z,2021-03-05T18:51:35.000Z,,True,False,False,-1,3.83,2126,False,https://cdn.scoresaber.com/covers/7A4CDD84F4752F88A7A99414E5959393EC539918.png,7a4cdd84f4752f88a7a99414e5959393ec539918,12df4,2021-01-18T21:59:38.886Z,,14.0,0.0,244,0,9,2.465,198.0,Standard,1573,False,False,False,False,99.0,1.34,217235,0,0,0,1.908051260919391e-09,0.9613137846111354
576,507733,507733,173.4144,2.155729481975861e-12,,1,1,0,495,False,2022-09-05T14:53:26.000Z,379643,Exitium,,Laur,Timbo,538315,2021-09-13T09:29:44.000Z,2021-09-27T12:59:03.000Z,2021-09-16T18:18:06.000Z,,True,False,False,-1,4.29,2163,False,https://cdn.scoresaber.com/covers/DD07758263F650FBA414A316CD21025F88C666EC.png,dd07758263f650fba414a316cd21025f88c666ec,,2021-09-13T09:22:36.097268Z,7,15.0,-0.8,593,16,550,4.341,592.0,Standard,1965,False,False,False,False,136.615,2.69,538315,0,0,0,3.7383453467915476e-10,0.9431893965429163
2211,888580,888580,290.0493,0.004141963380588555,,1,5,3,397,False,2022-08-30T16:48:38.000Z,399854,Unpleasant Sonata,,Igorrr,"Complex, Jabob, & Slimy",992795,2021-11-30T14:01:44.000Z,2021-12-09T12:55:14.000Z,,,True,False,False,-1,8.43,7106,False,https://cdn.scoresaber.com/covers/6423F3A3429D503FA97A1C5282155436D12A9366.png,6423f3a3429d503fa97a1c5282155436d12a9366,,2021-11-30T13:22:32.571570Z,7,19.5,0.0,1087,556,384,8.316,488.0,Standard,6554,False,False,False,False,130.714,8.43,992795,0,0,12,1.201373579165344,0.8950286816512976
1709,1205975,1205975,313.6946,0.1942032143356611,,1,23,50,117,False,2022-08-30T16:32:30.000Z,238755,G4M3-0V3R,(m1dy Remix),Kobaryo,shrado & abcbadq,1662555,2020-05-11T19:14:00.000Z,2020-05-16T01:17:54.000Z,2020-05-11T20:45:34.000Z,,True,False,False,-1,11.84,3115,False,https://cdn.scoresaber.com/covers/3FFA62BD196370D7CD0AD9817EFB11D5633706D9.png,3ffa62bd196370d7cd0ad9817efb11d5633706d9,a544,2020-05-11T18:56:50.975Z,3,23.0,-0.1,1815,19,44,13.761,488.0,Standard,7001,False,False,False,False,131.892,11.84,1662555,1,0,4,60.92049963973947,0.7253744988887586
1058,513752,513752,171.9791,1.26329262676027e-12,,1,0,0,613,True,2022-08-30T16:30:03.000Z,238767,G4M3-0V3R,(m1dy Remix),Kobaryo,shrado & abcbadq,556715,2020-05-11T19:24:41.000Z,2020-05-16T01:17:38.000Z,2020-05-11T20:45:38.000Z,,True,False,False,-1,4.63,5809,False,https://cdn.scoresaber.com/covers/3FFA62BD196370D7CD0AD9817EFB11D5633706D9.png,3ffa62bd196370d7cd0ad9817efb11d5633706d9,a544,2020-05-11T18:56:50.975Z,3,15.0,-0.5,613,5,44,4.648,488.0,Standard,9632,False,False,False,False,131.892,2.95,556715,0,0,0,2.1725992898686715e-10,0.9228276586763424
1709,920815,920815,297.8831,0.01722319509996452,,1,5,13,218,False,2022-08-30T16:22:27.000Z,323963,Extra Credit on the Chromosome Test! VICTORY ROYALE​!​!​!,(feat. Lil Triangle),Schwank,shrado,1075595,2021-01-21T18:56:33.000Z,2021-01-29T23:50:30.000Z,2021-01-22T17:14:58.000Z,,True,False,False,-1,9.37,3507,False,https://cdn.scoresaber.com/covers/BC1EC36D7A78658C0870FB9529F848C034A3D43E.png,bc1ec36d7a78658c0870fb9529f848c034a3d43e,12fae,2021-01-21T03:40:13.529Z,6,21.0,-0.5,1177,147,29,9.431,364.0,Standard,8765,False,False,False,False,124.8,9.08,1075595,0,0,56,5.130498748282241,0.8560982525950753
1434,1063805,1063805,307.516,0.09190306468904855,,1,2,2,532,False,2022-08-30T16:20:00.000Z,328931,Extra Credit on the Chromosome Test! VICTORY ROYALE!!!,(feat. Lil Triangle),Schwank,lobster & FatBeanzoop,1169435,2021-02-07T04:41:03.000Z,2021-02-16T12:30:52.000Z,2021-02-07T16:04:21.000Z,,True,False,False,-1,8.61,5292,False,https://cdn.scoresaber.com/covers/2E887F6CD0FA896A890D2FB8D023A17DB47F0EA9.png,2e887f6cd0fa896a890d2fb8d023a17db47f0ea9,13b2b,2021-02-07T01:34:07.280Z,6,21.0,-0.5,1279,46,8,10.248,364.0,Standard,5928,False,False,False,False,124.8,8.55,1169435,0,0,0,28.261662840917456,0.9096743299114529
323,120342,120342,177.8304,9.975158093752475e-12,,1,0,0,145,True,2022-08-30T16:11:50.000Z,434311,Antithesis,,Takayan,EOP Glacier,126155,2022-04-09T22:42:54.000Z,2022-08-11T05:19:16.000Z,2022-07-10T03:35:05.000Z,,True,False,False,-1,4.1,1074,False,https://cdn.scoresaber.com/covers/E370C49C81AC28F2BF58160A03AA48355E016F89.png,e370c49c81ac28f2bf58160a03aa48355e016f89,,2022-04-09T22:34:12.435068Z,8,12.0,-0.5,145,12,46,1.697,281.943,Standard,1257,False,False,False,False,85.437,1.28,126155,0,0,1,1.77388635387524e-09,0.9539217629107051
1296,280926,280926,184.9773,4.298331834754187e-11,,1,1,0,330,False,2022-08-30T16:09:55.000Z,9,me & u,,succducc,Kami,302795,2018-05-10T13:56:39.000Z,,,,True,False,False,-1,4.9,21016,False,https://cdn.scoresaber.com/covers/FDA568FC27C20D21F8DC6F3709B49B5CC96723BE.png,fda568fc27c20d21f8dc6f3709b49b5cc96723be,1,2018-05-08T14:28:56Z,4,10.0,0.0,337,28,11,2.422,185.5,Standard,81,False,False,False,False,69.563,3.12,302795,45,57,1,7.950938172968758e-09,0.9277762182334582
478,168778,168778,168.7067,6.195127205689395e-13,,1,0,0,201,True,2022-08-30T15:54:04.000Z,287694,Watch Me Dance!,,Jake Kaufman,SlimyBlob & Victonator,177675,2020-08-18T17:06:22.000Z,2020-08-22T20:52:26.000Z,2020-08-18T20:44:09.000Z,,True,False,False,-1,4.01,1924,False,https://cdn.scoresaber.com/covers/4BCE6DA72AD5D299CF1E8F940975FCAD73DA1C7D.png,4bce6da72ad5d299cf1e8f940975fcad73da1c7d,d90a,2020-08-18T16:44:19.347Z,5,14.0,1.0,201,24,0,3.007,191.0,Standard,1369,False,False,False,False,67.018,1.62,177675,0,0,15,1.045159466952079e-10,0.9499254256366962
1428,661046,661046,285.7802,0.001891503496812825,,1,0,1,469,False,2022-08-28T18:05:19.000Z,409465,Tribal Trial,,Yooh,CoolingCloset & Nolanimations,706675,2022-01-12T13:50:38.000Z,2022-04-15T15:38:37.000Z,2022-01-16T10:30:55.000Z,,True,False,False,-1,7.34,8335,False,https://cdn.scoresaber.com/covers/3C37D1264FC2754051B4045AC84909CDF0703D62.png,3c37d1264fc2754051b4045ac84909cdf0703d62,,2022-01-12T13:44:52.182819Z,7,17.0,-0.3,776,0,81,6.929,308.0,Standard,2999,False,False,False,False,112.0,7.59,706675,0,0,0,0.5405542476198685,0.9354314217992712
647,572862,572862,277.0499,0.0003806591285059001,,1,0,0,666,True,2022-08-28T17:51:23.000Z,355681,Opa,,MORGENSHTERN,Fatalution,605475,2021-05-13T19:14:18.000Z,2021-06-20T11:09:25.000Z,2021-06-08T21:27:19.000Z,,True,False,False,-1,6.73,6661,False,https://cdn.scoresaber.com/covers/A16B8A66EDBE7CA1F6EF8204BA935404153191C3.png,a16b8a66edbe7ca1f6ef8204ba935404153191c3,17dc4,2021-05-13T19:07:18.603Z,8,20.0,-0.8,666,12,115,5.658,280.542,Standard,6690,True,False,False,False,117.71,6.64,605475,0,4,4,0.10546157348664675,0.946136504397374
3790,998218,998218,277.2043,0.0003944654181408292,,1,6,10,227,False,2022-08-28T17:41:43.000Z,295995,Avalanche,,Memme,That_Narwhal,1150115,2020-09-24T04:02:00.000Z,2020-09-29T03:16:54.000Z,2020-09-24T17:41:42.000Z,,True,False,False,-1,8.53,12253,False,https://cdn.scoresaber.com/covers/83036B233F5429A85AEDB0CF1AE9C554498B50B6.png,83036b233f5429a85aedb0cf1ae9c554498b50b6,f124,2020-09-24T03:43:55.673Z,6,21.0,-0.5,1258,25,115,11.019,333.0,Standard,4813,False,False,False,False,114.171,8.53,1150115,0,0,3,0.10934751010993585,0.8679288592879842
942,796702,796702,263.7709,4.995662720988067e-05,BE,1,1,0,764,False,2022-08-28T17:38:23.000Z,295989,Avalanche,,Memme,That_Narwhal,854795,2020-09-24T03:48:20.000Z,2020-09-29T03:16:50.000Z,2020-09-24T17:41:44.000Z,,True,False,False,-1,6.87,11087,False,https://cdn.scoresaber.com/covers/83036B233F5429A85AEDB0CF1AE9C554498B50B6.png,83036b233f5429a85aedb0cf1ae9c554498b50b6,f124,2020-09-24T03:43:55.673Z,6,19.0,-0.2,937,4,32,8.207,333.0,Standard,2882,False,False,False,False,114.171,6.82,854795,0,0,1,0.013177104520114714,0.9320386759398452
344,867957,867957,282.6234,0.00106965607491989,,1,2,0,708,False,2022-08-28T17:30:21.000Z,418308,T+ VS SHARK,,t+pazolite,Shark & Elecast,926555,2022-02-12T00:16:34.000Z,2022-06-14T05:00:17.000Z,2022-05-12T08:18:28.000Z,,True,False,False,-1,7.22,2227,False,https://cdn.scoresaber.com/covers/0080B7154FFCB08B6D4E9253C46C7484F69DBA94.png,0080b7154ffcb08b6d4e9253c46c7484f69dba94,,2022-02-12T00:10:01.169713Z,6,18.0,-0.05,1015,159,306,6.608,512.0,Standard,5424,False,False,False,True,153.6,6.76,926555,0,2,46,0.302309836724514,0.936757127207775
696,81655,81655,159.1184,1.6579095071163e-13,,1,0,0,101,True,2022-08-28T17:18:14.000Z,287414,The Clear Blue Sky,(feat. Misawa),Tsukasa,Mystikmol,85675,2020-08-16T19:48:35.000Z,2020-08-21T23:20:27.000Z,2020-08-17T21:15:25.000Z,,True,False,False,-1,3.69,1481,False,https://cdn.scoresaber.com/covers/9EC4BBF552797685DF73033C04CF487737097A7D.png,9ec4bbf552797685df73033c04cf487737097a7d,d7c9,2020-08-16T16:40:57.925Z,7,11.0,0.0,101,0,1,1.191,251.5,Standard,2522,False,False,False,False,84.775,1.64,85675,19,0,0,2.6380390811713426e-11,0.953078494309892
1326,4143,4143,56.54565,2.175793537903879e-14,,1,0,0,12,True,2022-08-28T17:09:20.000Z,201498,Delightful Introduction,,Deathpact,xScaramouche,4255,2020-02-05T22:32:36.000Z,2020-05-09T21:41:57.000Z,,,True,False,False,-1,1,13301,False,https://cdn.scoresaber.com/covers/567859C06D0D010987875E2579E08899331F73CC.png,567859c06d0d010987875e2579e08899331f73cc,847b,2020-02-05T22:31:34.124Z,5,18.0,-0.5,12,0,1,7.25,4.0,Standard,21,False,False,False,False,1.655,1.63,4255,0,0,0,1.230316598665745e-12,0.9736780258519389
959,2352,2352,56.8294,2.254708329434072e-14,,1,0,0,8,True,2022-08-28T17:08:06.000Z,216587,Delightful Introduction,,Deathpact,xScaramouche,2415,2020-03-31T08:15:23.000Z,2020-05-09T21:41:59.000Z,,,True,False,False,-1,1,5727,False,https://cdn.scoresaber.com/covers/567859C06D0D010987875E2579E08899331F73CC.png,567859c06d0d010987875e2579e08899331f73cc,847b,2020-02-05T22:31:34.124Z,5,16.0,0.2,8,0,2,4.833,4.0,Standard,21,False,False,False,False,1.655,1.19,2415,0,0,0,1.2813372153674065e-12,0.9739130434782609
1117,1463,1463,54.12732,1.695543264504348e-14,,1,0,0,6,True,2022-08-28T17:07:04.000Z,218477,Delightful Introduction,,Deathpact,xScaramouche,1495,2020-04-06T20:05:51.000Z,2020-05-09T21:42:00.000Z,,,True,False,False,-1,0.85,4927,False,https://cdn.scoresaber.com/covers/567859C06D0D010987875E2579E08899331F73CC.png,567859c06d0d010987875e2579e08899331f73cc,847b,2020-02-05T22:31:34.124Z,5,14.0,0.5,6,0,3,3.625,4.0,Standard,21,False,False,False,False,1.655,0.85,1495,0,0,0,9.177521285167148e-13,0.9785953177257525
932,1019,1019,52.33179,1.418879266851554e-14,,1,0,0,5,True,2022-08-28T17:06:01.000Z,217972,Delightful Introduction,,Deathpact,xScaramouche,1035,2020-04-05T05:18:45.000Z,2020-05-09T21:42:01.000Z,,,True,False,False,-1,0.68,4867,False,https://cdn.scoresaber.com/covers/567859C06D0D010987875E2579E08899331F73CC.png,567859c06d0d010987875e2579e08899331f73cc,847b,2020-02-05T22:31:34.124Z,5,12.0,1.0,5,0,3,3.021,4.0,Standard,21,False,False,False,False,1.655,0.68,1035,0,0,0,7.425249182822949e-13,0.9845410628019323
1408,573,573,47.65823,6.958116719325042e-15,,1,0,0,3,True,2022-08-28T17:04:50.000Z,219995,Delightful Introduction,,Deathpact,xScaramouche,575,2020-04-12T08:04:06.000Z,2020-05-09T21:42:04.000Z,,,True,False,False,-1,0.31,7663,False,https://cdn.scoresaber.com/covers/567859C06D0D010987875E2579E08899331F73CC.png,567859c06d0d010987875e2579e08899331f73cc,847b,2020-02-05T22:31:34.124Z,5,12.0,1.0,3,0,3,1.813,4.0,Standard,21,False,False,False,False,1.655,0.31,575,1,0,0,3.316115269764383e-13,0.9965217391304347
327,269811,269811,170.8584,9.844533808409568e-13,,1,0,1,206,False,2022-08-28T17:03:58.000Z,486268,Welcome to the Mosh Pit,,lapix,TheWildDash & ThySpoon,287155,2022-07-09T04:58:40.000Z,2022-08-11T05:18:07.000Z,2022-07-10T03:33:02.000Z,,True,False,False,-1,4.31,716,False,https://cdn.scoresaber.com/covers/8E840D8E6106479B7DCDEC051D3BAFD2A016530E.png,8e840d8e6106479b7dcdec051d3bafd2a016530e,,2022-07-09T04:50:07.726198Z,5,13.0,0.7,320,16,476,2.722,337.0,Standard,1068,False,False,False,False,117.558,1.59,287155,0,0,1,1.6820212952507653e-10,0.9396005641552472
1065,857541,857541,267.3416,0.0001055648972572648,,1,33,28,106,False,2022-08-26T14:03:40.000Z,380672,Vertex Gamma,,Silvia,dibl & Cobayo,1218195,2021-09-19T07:56:52.000Z,2021-09-27T13:00:29.000Z,2021-09-19T22:43:40.000Z,,True,False,False,-1,10.32,1906,False,https://cdn.scoresaber.com/covers/7494C06408B8532D62D516892FE57FD0FFD53330.png,7494c06408b8532d62d516892fe57fd0ffd53330,,2021-09-19T02:04:38.112644Z,8,22.0,-1.8,1332,0,111,11.485,579.875,Standard,5341,False,False,False,False,115.975,9.91,1218195,0,0,0,0.028221888536592788,0.703943949860244
1316,654007,654007,266.8191,8.833973580109933e-05,,1,5,11,187,False,2022-08-26T14:00:39.000Z,380674,Vertex Gamma,,Silvia,dibl & Cobayo,783955,2021-09-19T07:58:22.000Z,2021-09-27T13:00:27.000Z,2021-09-19T22:43:42.000Z,,True,False,False,-1,8.72,2948,False,https://cdn.scoresaber.com/covers/7494C06408B8532D62D516892FE57FD0FFD53330.png,7494c06408b8532d62d516892fe57fd0ffd53330,,2021-09-19T02:04:38.112644Z,8,19.0,-1.52,860,0,138,7.415,579.875,Standard,5345,False,False,False,False,115.975,8.28,783955,0,0,0,0.0235707288006871,0.8342404857421664
503,504594,504594,190.1461,2.06109568088851e-10,,1,0,0,589,True,2022-08-26T13:55:22.000Z,399852,Unpleasant Sonata,,Igorrr,"Complex, Jabob, & Slimy",534635,2021-11-30T13:56:21.000Z,2021-12-09T12:55:08.000Z,,,True,False,False,-1,4.68,2682,False,https://cdn.scoresaber.com/covers/6423F3A3429D503FA97A1C5282155436D12A9366.png,6423f3a3429d503fa97a1c5282155436d12a9366,,2021-11-30T13:22:32.571570Z,7,15.5,-1.25,589,253,518,4.62,476.0,Standard,6554,False,False,False,False,127.5,3.22,534635,0,0,22,3.9190930544779465e-08,0.9438102630766785
637,318111,318111,189.2271,1.664416579740662e-10,,1,0,0,372,True,2022-08-26T13:53:02.000Z,399851,Unpleasant Sonata,,Igorrr,"Complex, Jabob, & Slimy",334995,2021-11-30T13:54:01.000Z,2021-12-09T12:55:05.000Z,,,True,False,False,-1,4.5,1788,False,https://cdn.scoresaber.com/covers/6423F3A3429D503FA97A1C5282155436D12A9366.png,6423f3a3429d503fa97a1c5282155436d12a9366,,2021-11-30T13:22:32.571570Z,7,13.0,-0.55,372,29,528,2.918,476.0,Standard,6554,False,False,False,False,127.5,2.54,334995,0,0,7,3.149527225762442e-08,0.9495992477499664
843,345394,345394,188.991,1.443348770659768e-10,,1,0,0,403,True,2022-08-26T13:38:22.000Z,369379,cold weather,(GWIZ '180mph on the 405' Remix),glass beach,foxy boi,363515,2021-07-18T20:43:21.000Z,2021-08-01T03:27:47.000Z,2021-07-23T17:10:44.000Z,,True,False,False,-1,4.48,1920,False,https://cdn.scoresaber.com/covers/A043595F41E8B23CE5DB900218C4B13C74149BCA.png,a043595f41e8b23ce5db900218c4b13c74149bca,1a67e,2021-07-18T20:25:38.183Z,6,12.0,-0.25,403,0,59,2.623,460.875,Standard,6997,False,False,False,False,153.625,1.53,363515,55,0,0,2.7277992751576025e-08,0.950150612767011
1385,1156044,1156044,308.4052,0.09869050410915574,,1,16,64,116,False,2022-08-26T13:32:56.000Z,288668,Exitium,,Laur,Bush,1602755,2020-08-23T15:54:52.000Z,2020-08-31T07:37:25.000Z,2020-08-27T02:15:48.000Z,,True,False,False,-1,11.69,2450,False,https://cdn.scoresaber.com/covers/AE0706E02F26C6B23164A5A4A814B6F704F6C84A.png,ae0706e02f26c6b23164a5a4a814b6f704f6c84a,dc92,2020-08-23T15:47:39.042Z,4,23.0,-0.05,1750,0,0,12.81,592.0,Standard,5146,False,False,False,False,136.615,11.69,1602755,0,0,0,30.436664657884997,0.7212855364668961
474,653152,653152,216.0958,4.976132069510565e-08,,1,0,0,770,True,2022-08-26T13:30:06.000Z,288666,Exitium,,Laur,Bush,701155,2020-08-23T15:50:38.000Z,2020-08-31T07:37:18.000Z,2020-08-27T02:15:55.000Z,,True,False,False,-1,5.64,3224,False,https://cdn.scoresaber.com/covers/AE0706E02F26C6B23164A5A4A814B6F704F6C84A.png,ae0706e02f26c6b23164a5a4a814b6f704f6c84a,dc92,2020-08-23T15:47:39.042Z,4,16.0,-0.2,770,0,13,5.636,592.0,Standard,5114,False,False,False,False,136.615,4.68,701155,0,0,0,1.0753212404665412e-05,0.9315372492530183
818,503820,503820,208.7798,1.97061618412511e-08,,1,0,2,393,False,2022-08-26T13:27:29.000Z,371609,Venomous Firefly,,Camellia,ComplexFrequency,546595,2021-07-31T19:25:24.000Z,2021-08-25T01:22:12.000Z,2021-08-04T07:08:24.000Z,,True,False,False,-1,5.64,4152,False,https://cdn.scoresaber.com/covers/61CAADA06A65088BD514E00D88397CCDEF8C7714.png,61caada06a65088bd514e00d88397ccdef8c7714,1ace5,2021-07-31T19:17:50.528Z,6,15.0,-0.5,602,72,151,5.06,523.5,Standard,7185,False,False,False,False,118.977,4.48,546595,0,0,4,4.114248527984036e-06,0.921742789451056
625,323592,323592,174.7088,3.305723316938619e-12,,1,0,0,378,True,2022-08-26T13:21:23.000Z,371607,Venomous Firefly,,Camellia,ComplexFrequency,340515,2021-07-31T19:23:56.000Z,2021-08-25T01:22:07.000Z,2021-08-04T07:08:26.000Z,,True,False,False,-1,4.14,2730,False,https://cdn.scoresaber.com/covers/61CAADA06A65088BD514E00D88397CCDEF8C7714.png,61caada06a65088bd514e00d88397ccdef8c7714,1ace5,2021-07-31T19:17:50.528Z,6,12.0,0.5,378,348,157,3.277,507.5,Standard,7183,False,False,False,False,115.341,2.86,340515,4,0,10,5.775389538343658e-10,0.9503017488216378
439,284505,284505,172.6561,1.621111057045259e-12,,1,0,0,336,True,2022-08-26T11:10:26.000Z,475082,Crazy banger,,Kagetora,Aquaflee,301875,2022-06-17T16:06:34.000Z,2022-08-11T05:20:06.000Z,2022-06-30T20:00:27.000Z,,True,False,False,-1,4.29,988,False,https://cdn.scoresaber.com/covers/F7E24AFB4A3D199C68B824C2428FF08C78CEE707.png,f7e24afb4a3d199c68b824c2428ff08c78cee707,,2022-06-17T15:16:10.326729Z,3,14.0,0.2,336,55,154,3.111,576.0,Standard,4069,False,False,False,False,108.0,2.14,301875,0,0,6,2.7989471277631193e-10,0.9424596273291925
1649,2224457,1112229,54.41966,1.820766479104779e-14,NF,0.5,35,63,221,False,2022-08-25T16:53:36.000Z,378274,Berserkerz' Warfare 345,,Camellia,cerret & ComplexFrequency,2917435,2021-09-05T21:43:31.000Z,2021-09-14T12:37:25.000Z,2021-09-06T05:40:14.000Z,,True,False,False,-1,11.16,3747,False,https://cdn.scoresaber.com/covers/E98098BE1E61AC86D75EB3ABBF16230E05A97208.png,e98098be1e61ac86d75eb3abbf16230e05a97208,,2021-09-02T01:50:49.732033Z,4,22.5,-1.5,3179,806,1402,11.642,1570.063,Standard,15768,False,False,False,False,273.054,11.16,2917435,0,0,9,9.908549273227918e-13,0.762470115015416
4520,108103,108103,167.7304,5.567140325493972e-13,,1,0,0,134,True,2022-08-25T16:37:57.000Z,321272,Villain Virus,(EKU's Comfy Music Box Cover),Kobaryo [feat. Camellia],Denyah_ & Rusty,116035,2021-01-14T02:36:32.000Z,2021-01-22T05:30:05.000Z,2021-01-14T23:46:48.000Z,,True,False,False,-1,4.38,10288,False,https://cdn.scoresaber.com/covers/F359C7B50C7174F45EE48744BE0F396BCC93C905.png,f359c7b50c7174f45ee48744be0f396bcc93c905,12b27,2021-01-14T02:34:23.345Z,4,16.0,-0.6,134,0,2,3.933,79.5,Standard,305,False,False,False,False,34.071,2.58,116035,0,0,0,9.337786736512341e-11,0.9316413151204378
3107,815775,815775,255.9077,1.909108317948968e-05,,1,5,8,386,False,2022-08-25T16:20:03.000Z,293604,Holdin' On,(Skrillex and Nero Remix) (Short Ver.),I SEE MONSTAS,Hoppaw,944035,2020-09-14T19:29:47.000Z,2020-10-06T06:26:11.000Z,2020-10-01T02:52:41.000Z,,True,False,False,-1,7.93,6872,False,https://cdn.scoresaber.com/covers/CC0A109EEC7B99327A9221E7189642C7D2021AC1.png,cc0a109eec7b99327a9221e7189642c7d2021ac1,eb28,2020-09-14T19:27:00.826Z,6,21.0,-0.3,1034,0,16,8.148,368.0,Standard,4387,False,False,False,False,126.897,7.77,944035,0,0,0,0.004885555186971892,0.8641363932481317
3657,1662796,1662796,249.1835,5.29436465186855e-06,,1,5,9,488,False,2022-08-25T16:14:02.000Z,273126,Big Daddy,,USAO,VRMasked,1842875,2020-06-18T22:11:12.000Z,2020-07-07T03:23:37.000Z,2020-07-02T22:21:25.000Z,,True,False,False,-1,7.12,12274,False,https://cdn.scoresaber.com/covers/09289F43417A88B5AF6F7B53F5A9771FC9C22489.png,09289f43417a88b5af6f7b53f5a9771fc9c22489,b3cf,2020-06-18T21:29:32.138Z,5,22.0,-0.25,2011,53,71,7.51,848.0,Standard,5878,False,False,False,False,267.789,6.77,1842875,5,0,6,0.001319268314228887,0.9022836600420538
1254,425525,425525,138.7237,3.847518077804736e-14,,1,0,0,499,True,2022-08-25T15:53:44.000Z,406863,p.h.,feat. Nekomata Okayu,SEVENTHLINKS,TOFU,451835,2022-01-03T20:17:25.000Z,2022-01-12T15:55:50.000Z,,,True,False,False,-1,3.46,5776,False,https://cdn.scoresaber.com/covers/84BCFF4756AC66BF1746824B0B221EB1E6A4AFF2.png,84bcff4756ac66bf1746824b0b221eb1e6a4aff2,,2022-01-03T17:53:29.189678Z,6,13.0,0.0,499,4,41,3.319,330.75,Standard,4252,False,False,False,False,150.341,2.28,451835,0,0,1,5.337419435699609e-12,0.9417707791561079
760,679707,679707,302.3531,0.03771488845830273,,1,0,3,540,False,2022-08-23T20:27:47.000Z,368040,Oyasumi,,Shiggy Jr.,Alice,748075,2021-07-12T07:37:37.000Z,2021-07-23T20:46:16.000Z,2021-07-12T07:43:04.000Z,,True,False,False,-1,8.49,4910,False,https://cdn.scoresaber.com/covers/8B7FC7B898AECE2967690846DA7889048C0880FF.png,8b7fc7b898aece2967690846da7889048c0880ff,1a32a,2021-07-12T07:33:40.363Z,6,20.0,-0.15,821,86,273,6.22,440.0,Standard,4005,True,False,False,False,132.0,8.49,748075,0,0,32,11.40321344152205,0.9086080941082111
3575,485586,485586,203.7245,7.012843257351354e-09,,1,1,2,296,False,2022-08-23T20:10:40.000Z,192586,SEITEN NO TERIYAKI,,Kobaryo,fraies & Souk,537395,2019-12-22T22:21:39.000Z,2019-12-31T18:55:47.000Z,2019-12-27T14:33:40.000Z,,True,False,False,-1,5.8,10185,False,https://cdn.scoresaber.com/covers/97F3EC9CF48316CB1060CABA1029A0EEC0B402D4.png,97f3ec9cf48316cb1060caba1029a0eec0b402d4,78a8,2019-12-22T22:14:17.086Z,5,20.5,0.5,592,44,53,5.531,487.0,Standard,6011,False,False,False,False,107.033,4.83,537395,0,0,8,1.4286879861822758e-06,0.9035923296643995
370,574665,574665,192.0172,4.202927381898925e-10,,1,1,0,382,False,2022-08-23T20:04:30.000Z,194621,Reach The Core,,Khenab,Khenab,615595,2020-01-01T03:47:35.000Z,2020-02-19T22:40:44.000Z,2020-02-15T22:18:02.000Z,,True,False,False,-1,4.97,2044,False,https://cdn.scoresaber.com/covers/A621C1612B7201E67813839CE636E50D276B4816.png,a621c1612b7201e67813839ce636e50d276b4816,7b61,2020-01-01T02:48:25.307Z,4,12.0,0.0,677,0,86,4.35,415.0,Standard,2000,False,False,False,False,155.625,3.73,615595,2,4,0,8.070343476755623e-08,0.9335114807625143
2136,1460934,730467,50.04713,1.066998845326865e-14,NF,0.5,24,57,168,False,2022-08-23T18:23:58.000Z,297695,Paranoid Mirage,,Kobaryo,Soba`s,1924755,2020-09-30T23:15:34.000Z,2020-10-06T06:26:43.000Z,2020-10-01T16:11:38.000Z,,True,False,False,-1,10.31,2860,False,https://cdn.scoresaber.com/covers/67935D25CAF0996A282E87AC7A21738812B629DD.png,67935d25caf0996a282e87ac7a21738812b629dd,f621,2020-09-30T23:00:15.005Z,5,24.0,0.0,2100,132,8,10.179,894.0,Standard,2336,False,False,False,False,206.308,10.02,1924755,0,0,0,5.340022992192351e-13,0.759023356219363
1533,1037404,1037404,231.7431,5.610926644265371e-07,,1,3,4,377,False,2022-08-23T18:20:18.000Z,297698,Paranoid Mirage,,Kobaryo,Soba`s,1163915,2020-09-30T23:22:55.000Z,2020-10-06T06:26:40.000Z,2020-10-01T16:11:33.000Z,,True,False,False,-1,6.79,4956,False,https://cdn.scoresaber.com/covers/67935D25CAF0996A282E87AC7A21738812B629DD.png,67935d25caf0996a282e87ac7a21738812b629dd,f621,2020-09-30T23:00:15.005Z,5,21.0,0.35,1273,213,26,6.17,894.0,Standard,2336,False,False,False,False,206.308,5.99,1163915,0,0,0,0.00013002935344146542,0.8913056365799908
150,1507191,753596,0,2.130544586861481e-21,NF,0.5,162,264,107,False,2022-08-23T18:16:33.000Z,502288,Last Wish,feat. Ice,Kry.exe,BSWC Team,2924795,2022-08-08T00:14:04.000Z,,,,False,False,False,-1,0,300,False,https://cdn.scoresaber.com/covers/FCA2AEB839782647C55ADE5E1D577EDE33831967.png,fca2aeb839782647c55ade5e1d577ede33831967,,2022-08-08T00:01:47.003787Z,5,20.0,-0.33,3187,494,738,9.722,1147.38,Standard,97999,True,False,False,False,327.823,,2924795,9,84,17,0.0,0.5153150904593313
1415,187407,187407,264.518,5.760814037901657e-05,,1,0,0,228,True,2022-08-18T17:43:23.000Z,301817,Haachama Channel,[Theme Song] feat. Akai Haato,REDALiCE,Light Ai & xtpn,202515,2020-10-22T20:50:35.000Z,2020-10-28T20:37:32.000Z,2020-10-23T21:35:02.000Z,,True,False,False,-1,7.06,8729,False,https://cdn.scoresaber.com/covers/B4F3F4E5CACD3422EDA0EF199A24EE5D957AB53F.png,b4f3f4e5cacd3422eda0ef199a24ee5d957ab53f,101a0,2020-10-22T20:44:06.431Z,1,20.0,0.3,228,0,6,7.719,64.0,Standard,1101,False,False,False,False,29.538,5.65,202515,0,0,0,0.015238390076776704,0.9253981186578772
2509,378894,378894,230.6641,4.695384452900042e-07,,1,1,3,250,False,2022-08-08T18:09:16.000Z,376660,Toilet,,Clown Core,Fatalution,425155,2021-08-27T11:26:09.000Z,2021-09-09T03:41:22.000Z,2021-08-27T21:54:42.000Z,,True,False,False,-1,6.76,6937,False,https://cdn.scoresaber.com/covers/E4423C51F7B3E4771A850EBE43E6F991464105CF.png,e4423c51f7b3e4771a850ebe43e6f991464105cf,,2021-08-27T11:09:55.435551Z,6,21.0,-0.75,470,25,15,6.138,193.994,Standard,7879,True,False,False,False,76.577,6.62,425155,0,0,7,0.00010830566289821805,0.891190271783232
514,307828,307828,193.7304,6.92101036306499e-10,,1,0,0,369,True,2022-08-08T18:04:45.000Z,376659,Toilet,,Clown Core,Fatalution,332235,2021-08-27T11:24:41.000Z,2021-09-09T03:41:20.000Z,2021-08-27T21:54:44.000Z,,True,False,False,-1,5.15,2431,False,https://cdn.scoresaber.com/covers/E4423C51F7B3E4771A850EBE43E6F991464105CF.png,e4423c51f7b3e4771a850ebe43e6f991464105cf,,2021-08-27T11:09:55.435551Z,6,19.0,-0.5,369,4,102,4.819,193.994,Standard,7879,True,False,False,False,76.577,4.33,332235,0,0,1,1.3408101060407256e-07,0.9265369392147125
127,1830039,1830039,0,2.055975526321329e-21,,1,19,53,178,False,2022-08-08T17:59:03.000Z,495780,Mo-no/liTH,,Reek,Shan_Man,2398555,2022-07-27T04:40:53.000Z,,,,False,False,False,-1,0,254,False,https://cdn.scoresaber.com/covers/E19BC60BC704EC67F91985680B532131B583D50F.png,e19bc60bc704ec67f91985680b532131b583d50f,,2022-07-27T04:08:07.640445Z,4,21.0,0.0,2615,125,100,9.294,1224.0,Standard,10361,False,False,False,False,281.379,,2398555,0,0,12,0.0,0.7629756249074964
2226,977724,977724,239.9464,1.633861316847866e-06,,1,10,6,349,False,2022-08-08T17:47:45.000Z,265686,Daijoubu,,Kotori,Skeelie,1183235,2020-06-08T18:30:23.000Z,2020-08-06T05:17:28.000Z,2020-08-01T16:36:59.000Z,,True,False,False,-1,7.95,3494,False,https://cdn.scoresaber.com/covers/82A5317A5C193F491272CC1B530CEF985D766A65.png,82a5317a5c193f491272cc1b530cef985d766a65,b002,2020-06-08T18:12:35.507Z,3,18.0,-0.5,1294,8,0,6.636,416.0,Standard,12605,False,False,False,False,195.0,7.49,1183235,2,0,2,0.00039203914107690483,0.8263142993572705
1501,635545,635545,201.9248,4.910969824537341e-09,,1,6,3,378,False,2022-08-08T17:35:59.000Z,212026,Carol of the Bells,,August Burns Red,Skeelie,730595,2020-03-14T17:04:00.000Z,2020-03-25T23:21:46.000Z,2020-03-21T19:45:31.000Z,,True,False,False,-1,6.19,4370,False,https://cdn.scoresaber.com/covers/C802AEC7EA699A24800712DCE2486791AC0880E3.png,c802aec7ea699a24800712dce2486791ac0880e3,8fe5,2020-03-14T08:03:51.654Z,7,17.0,0.25,802,0,53,6.041,398.305,Standard,8012,False,False,False,False,132.768,5.06,730595,0,0,0,9.916465996257377e-07,0.8699005605020566
2256,821306,821306,227.0215,2.655266835399318e-07,,1,0,1,526,False,2022-08-08T17:32:20.000Z,278239,Antithese,,Blacklolita,That_Narwhal,919195,2020-07-11T05:08:10.000Z,2020-07-15T12:48:42.000Z,2020-07-11T07:33:36.000Z,,True,False,False,-1,6.62,7401,False,https://cdn.scoresaber.com/covers/228B9E3EDC52B7F6B35FE8D47DAFA126E6D62D32.png,228b9e3edc52b7f6b35fe8d47dafa126e6d62d32,bd6a,2020-07-11T05:00:52.813Z,6,20.0,-0.3,1007,12,35,7.537,383.0,Standard,3720,False,False,False,False,133.605,6.12,919195,0,0,3,6.0280265987260624e-05,0.8935057305577163
1337,583039,583039,175.4453,3.950298686644107e-12,,1,0,1,367,False,2022-08-08T17:19:35.000Z,275295,* Crow Solace *,,m108,EpicTroller,632155,2020-06-28T20:48:45.000Z,2020-07-11T20:52:24.000Z,2020-07-06T16:37:23.000Z,,True,False,False,-1,4.73,4949,False,https://cdn.scoresaber.com/covers/321AE03C2A7CC981BE02206ACFEB855426E20973.png,321ae03c2a7cc981be02206acfeb855426e20973,b749,2020-06-28T20:30:19.527Z,4,16.0,0.0,695,45,11,5.136,423.999,Standard,2656,False,False,False,False,135.319,3.8,632155,0,0,8,6.930613381678813e-10,0.9223038653494792
1526,966651,966651,255.5977,1.777809393382028e-05,,1,4,7,339,False,2022-08-06T17:31:07.000Z,292949,Valhalla:0,,Juggernaut.,That_Narwhal,1112395,2020-09-12T05:19:21.000Z,2020-09-18T06:20:25.000Z,2020-09-13T22:50:26.000Z,,True,False,False,-1,7.85,4663,False,https://cdn.scoresaber.com/covers/115D10630CA566010E6548ED0A6DF0CA3267A3F9.png,115d10630ca566010e6548ed0a6df0ca3267a3f9,e8c8,2020-09-12T04:57:22.211Z,6,21.0,-0.1,1217,48,164,8.953,453.125,Standard,4662,False,False,False,False,135.938,7.25,1112395,0,0,0,0.004544039919868416,0.8689817915398756
365,1559114,779557,0,1.91457580949858e-21,NF,0.5,38,59,202,False,2022-08-06T17:18:51.000Z,389669,Sendan Life,(katagiri Bootleg),CHUKKA,cerret,2125315,2021-10-26T21:47:14.000Z,,,,False,False,False,-1,0,596,False,https://cdn.scoresaber.com/covers/9E0A594123BCF929FDB928E9D59CD7719F034D4B.png,9e0a594123bcf929fdb928e9d59cd7719f034d4b,,2021-10-26T01:28:29.953035Z,7,21.5,0.0,2318,42,38,11.504,873.125,Standard,9181,False,False,False,False,201.49,,2125315,0,0,2,0.0,0.7335919616621536
156,862163,431082,0,1.847565656166129e-21,NF,0.5,27,39,107,False,2022-08-06T17:14:42.000Z,398842,Schadenfreude,,ZxNX,fraies,1214515,2021-11-26T18:13:11.000Z,,,,False,False,False,-1,0,214,False,https://cdn.scoresaber.com/covers/63D20AD4C7368448073D607C8233847236275D0A.png,63d20ad4c7368448073d607c8233847236275d0a,,2021-11-26T15:10:50.285288Z,4,21.0,-0.5,1328,157,232,8.862,494.5,Standard,5301,False,False,False,False,149.849,,1214515,1,3,67,0.0,0.7098825457075458
151,1346340,673170,0,1.782900858200314e-21,NF,0.5,17,69,140,False,2022-08-06T17:11:23.000Z,194232,Retaliation,,Juggernaut,Tseska,1903595,2019-12-30T15:27:47.000Z,,,,False,False,False,-1,0,181,False,https://cdn.scoresaber.com/covers/B7EFE54AFA2C9AC1D6A4D9A2D31B9BCD2A9E26DC.png,b7efe54afa2c9ac1d6a4d9a2d31b9bcd2a9e26dc,7af0,2019-12-30T15:12:20.086Z,4,22.0,-0.2,2077,0,0,12.657,547.0,Standard,2217,False,False,False,False,164.1,,1903595,0,0,0,0.0,0.7072617862518025
1436,1194308,597154,49.11702,9.252800593574249e-15,NF,0.5,39,72,97,False,2022-08-06T17:04:26.000Z,220780,Nisemono Chuuihou,(CV: Touyama Nao),B-ko,Rune & TheRealZeroz,1806995,2020-04-14T22:14:38.000Z,2020-04-19T17:53:29.000Z,2020-04-15T01:10:43.000Z,,True,False,False,-1,11.62,2529,False,https://cdn.scoresaber.com/covers/F102C77F848203C7A5F472B96B177A13CD09B886.png,f102c77f848203c7a5f472b96b177a13cd09b886,9b0e,2020-04-14T22:06:42.989Z,8,24.0,0.0,1972,8,9,9.759,875.676,Standard,16411,False,False,False,False,202.079,11.62,1806995,0,0,3,4.5446999181059824e-13,0.6609359738128772
1968,1244389,1244389,271.1943,0.0001618794682873283,,1,3,14,276,False,2022-08-06T16:52:01.000Z,350369,Party People,,Laur,Helloiamdaan & Nolanimations,1420595,2021-04-22T12:34:07.000Z,2021-05-03T21:43:55.000Z,2021-04-22T22:38:40.000Z,,True,False,False,-1,8.22,4917,False,https://cdn.scoresaber.com/covers/4BBDAA1004A00EEB9C8D9432640E1C7D490B46D9.png,4bbdaa1004a00eeb9c8d9432640e1c7d490b46d9,1703f,2021-04-22T12:28:56.751Z,7,20.0,-0.9,1552,27,103,8.697,1041.0,Standard,6010,False,False,False,False,178.457,8.12,1420595,0,0,7,0.0439007890865542,0.8759632407547542
607,478306,478306,182.1458,2.345655707205969e-11,,1,0,0,559,True,2022-08-06T16:32:45.000Z,348313,Envy Baby,(Will Stetson Cover),Kanaria,CoolingCloset & Nolanimations,507035,2021-04-14T16:26:38.000Z,2021-04-29T19:04:14.000Z,2021-04-15T00:25:14.000Z,,True,False,False,-1,4.5,3408,False,https://cdn.scoresaber.com/covers/4529498DAB9D920C1E7A3BA46507B677655B3AD7.png,4529498dab9d920c1e7a3ba46507b677655b3ad7,16ac1,2021-04-14T14:17:26.597Z,4,14.0,-0.1,559,0,16,4.329,368.0,Standard,3158,False,False,False,False,129.123,2.88,507035,0,0,0,4.27251335313597e-09,0.9433392172138018
1781,1072185,1072185,281.6248,0.0008043826021708986,,1,8,16,250,False,2022-08-04T17:20:45.000Z,353770,Feast Ov Goreglutton,,Infant Annihilator,Emilia,1310195,2021-05-05T16:56:59.000Z,2021-05-14T12:39:33.000Z,2021-05-06T01:00:41.000Z,,True,False,False,-1,9.45,4611,False,https://cdn.scoresaber.com/covers/435F2461AA0F4347D55944F2FFE39F9A68D6D030.png,435f2461aa0f4347d55944f2ffe39f9a68d6d030,17914,2021-05-05T16:35:40.280Z,6,21.0,-1.1,1432,48,73,10.351,807.0,Standard,6638,False,False,False,False,138.343,9.28,1310195,0,0,8,0.2265340894598589,0.8183400180889104
2379,642173,642173,250.3597,5.685376414796155e-06,,1,0,1,561,False,2022-08-04T17:13:08.000Z,348299,Envy Baby,(Will Stetson Cover),Kanaria,CoolingCloset & Nolanimations,698395,2021-04-14T14:43:44.000Z,2021-04-29T19:04:19.000Z,2021-04-15T00:25:09.000Z,,True,False,False,-1,6.82,11305,False,https://cdn.scoresaber.com/covers/4529498DAB9D920C1E7A3BA46507B677655B3AD7.png,4529498dab9d920c1e7a3ba46507b677655b3ad7,16ac1,2021-04-14T14:17:26.597Z,4,18.0,-0.5,767,0,26,5.94,368.0,Standard,3231,False,False,False,False,129.123,6.82,698395,0,4,0,0.0014233891335954409,0.9194982781950043
124,1828073,1828073,0,1.720499328163303e-21,,1,7,43,192,False,2022-08-04T16:59:15.000Z,367615,Embraced By The Flame,,UNDEAD CORPORATION,Slayx,2278955,2021-07-10T19:01:01.000Z,,,,False,False,False,-1,0,191,False,https://cdn.scoresaber.com/covers/1194F4CA95B0369309FE5594C7BA39BA8AED4E48.png,1194f4ca95b0369309fe5594c7ba39ba8aed4e48,1a1dd,2021-07-10T18:50:42.819Z,3,23.0,-0.45,2485,15,47,10.253,868.5,Standard,1289,False,False,False,False,242.372,,2278955,0,0,7,0.0,0.8021540574517707
130,651864,651864,0,1.232184367878427e-22,,1,3,15,179,False,2022-08-04T16:53:31.000Z,127438,"Daisuki, Evolution",,Minazuki Airi with Atsushi,Hexagonial,817995,2019-03-24T02:01:35.000Z,,,,False,False,False,-1,0,408,False,https://cdn.scoresaber.com/covers/DEA2E443AA08A96ED22F79C86EA1E5DC930E9154.png,dea2e443aa08a96ed22f79c86ea1e5dc930e9154,4032,2019-03-24T01:53:16Z,2,20.0,0.0,897,0,13,9.899,377.553,Standard,2752,False,False,False,False,90.613,,817995,6,1,0,0.0,0.796904626556397
278,540275,540275,0,9.820078109817658e-24,,1,2,2,272,False,2022-08-04T16:44:34.000Z,180896,CENSORED!!,,t+pazolite,Hexagonial,615595,2019-10-13T00:59:08.000Z,,,,False,False,False,-1,0,1303,False,https://cdn.scoresaber.com/covers/21FB4C015ABEB60B7DCF612057B3A258D386E4CD.png,21fb4c015abeb60b7dcf612057b3a258d386e4cd,6974,2019-10-12T22:00:37.353Z,8,16.0,0.0,677,39,58,6.012,366.0,Standard,1227,False,False,False,False,112.615,,615595,1,0,9,0.0,0.877646829490168
2498,865340,865340,278.351,0.0004548829745341537,,1,4,4,234,False,2022-08-03T17:22:09.000Z,292782,La Lune ,(the sky remix),Madeon,MaNaB,982675,2020-09-11T09:13:36.000Z,2020-09-18T18:48:48.000Z,2020-09-14T14:39:56.000Z,,True,False,False,-1,8.35,8121,False,https://cdn.scoresaber.com/covers/E5C179CD6D5D1D8206093AFC100A63F2C22D6CC2.png,e5c179cd6d5d1d8206093afc100a63f2c22d6cc2,e829,2020-09-11T06:20:01.577Z,7,22.0,-0.5,1076,12,42,6.941,478.0,Standard,5875,False,False,False,False,155.027,7.98,982675,0,0,1,0.12661713084455622,0.8805963314422367
1114,1015368,507684,44.23642,4.077569853339841e-15,NF,0.5,46,63,165,False,2022-08-03T17:18:59.000Z,373476,Kill Kill Kill Kill Kill,,Laur,Helloiamdaan & cerret,1560435,2021-08-10T20:50:55.000Z,2021-08-25T01:29:57.000Z,2021-08-12T13:18:20.000Z,,True,False,False,-1,10.63,2308,False,https://cdn.scoresaber.com/covers/2F114018ABD0E2FABB43541A6E32BF6EF82DE0C0.png,2f114018abd0e2fabb43541a6e32bf6ef82de0c0,,2021-08-10T20:32:30.561993Z,5,23.0,-0.05,1704,109,55,9.999,795.255,Standard,6109,False,False,False,False,170.412,10.46,1560435,0,0,7,1.8037709261167962e-13,0.6506954791452384
898,654752,327376,38.57185,2.147301610931773e-15,NF,0.5,27,85,54,False,2022-08-03T17:15:19.000Z,386669,Home Haruka no Undoukai,,DJ-Technetium,Alice,1176795,2021-10-17T16:36:27.000Z,2022-01-16T21:07:36.000Z,,,True,False,False,-1,10.84,1814,False,https://cdn.scoresaber.com/covers/C0BF806E39E3AE5C025C620BE664B7A3C81B4B78.png,c0bf806e39e3ae5c025c620be664b7a3c81b4b78,,2021-10-17T16:21:54.639583Z,1,20.0,-0.25,1287,16,103,9.931,432.0,Standard,33048,True,False,False,False,129.6,10.79,1176795,8,29,8,8.28253956416187e-14,0.5563857766220964
987,1461549,1461549,0,1.546095967328462e-21,,1,12,22,340,False,2022-08-03T17:02:40.000Z,96212,Great Nano Desu,,REDALiCE,Hexagonial,1873235,2018-12-12T14:23:42.000Z,,,,False,False,False,-1,0,2199,False,https://cdn.scoresaber.com/covers/2CA852C10BDC6B76767D8781871D65770C395D84.png,2ca852c10bdc6b76767d8781871d65770c395d84,254b,2018-12-12T13:14:28Z,6,15.0,0.0,2044,12,75,6.912,847.75,Standard,2058,False,False,False,False,295.727,,1873235,79,5,0,0.0,0.7802272539216916
50,548183,274092,0,1.491982608471965e-21,NF,0.5,17,51,74,False,2022-08-03T16:44:10.000Z,256347,Chemical Cookie,,YUC'e,cerret & BigKitten,892515,2020-05-29T01:32:49.000Z,,,,False,False,False,-1,0,81,False,https://cdn.scoresaber.com/covers/7AABBF661A1634A643C8BAE108560E8600B8DCC1.png,7aabbf661a1634a643c8bae108560e8600b8dcc1,abb9,2020-05-28T23:45:51.500Z,4,23.0,-0.3,978,2,13,10.014,293.0,Standard,1148,False,False,False,False,97.667,,892515,1,0,2,0.0,0.614200321563223
119,760201,760201,0,1.102951519998634e-25,,1,3,3,378,False,2022-08-03T16:40:42.000Z,180898,CENSORED!!,,t+pazolite,Hexagonial,880555,2019-10-13T01:01:17.000Z,,,,False,False,False,-1,0,713,False,https://cdn.scoresaber.com/covers/21FB4C015ABEB60B7DCF612057B3A258D386E4CD.png,21fb4c015abeb60b7dcf612057b3a258d386e4cd,6974,2019-10-12T22:00:37.353Z,8,19.0,0.0,965,43,47,8.569,366.0,Standard,1227,False,False,False,False,112.615,,880555,0,0,12,0.0,0.8633202923156419
324,1312158,656079,0,1.004298921294497e-24,NF,0.5,25,93,148,False,2022-08-01T17:21:58.000Z,301790,Sendan Life,(katagiri Bootleg),CHUKKA,abcbadq,1988235,2020-10-22T17:25:59.000Z,,,,False,False,False,-1,0,498,False,https://cdn.scoresaber.com/covers/D23BECA4441494F89D75F52A44924BA68DB0BE81.png,d23beca4441494f89d75f52a44924ba68db0be81,10179,2020-10-22T13:25:46.758Z,4,23.0,0.0,2169,0,107,10.765,873.125,Standard,0,False,False,False,False,201.49,,1988235,0,0,0,0.0,0.6599612218877547
1100,672488,672488,186.1661,6.137998909014754e-11,,1,2,4,257,False,2022-08-01T17:04:03.000Z,353768,Feast Ov Goreglutton,,Infant Annihilator,Emilia,753595,2021-05-05T16:53:17.000Z,2021-05-14T12:39:28.000Z,2021-05-06T01:00:45.000Z,,True,False,False,-1,5.44,2617,False,https://cdn.scoresaber.com/covers/435F2461AA0F4347D55944F2FFE39F9A68D6D030.png,435f2461aa0f4347d55944f2ffe39f9a68d6d030,17914,2021-05-05T16:35:40.280Z,6,16.0,0.2,827,57,72,5.978,807.0,Standard,6637,False,False,False,False,138.343,3.61,753595,0,0,4,1.1426873186955315e-08,0.8923732243446414
189,1212160,1212160,0,1.389371504574306e-21,,1,1,1,869,False,2022-08-01T17:01:05.000Z,414760,Everytime We Touch,[Fvrwvrd's 700 BPM Speedcore Edit],Cascada,Dailyy,1338715,2022-01-30T03:56:43.000Z,,,,False,False,False,-1,0,733,False,https://cdn.scoresaber.com/covers/DDD2BDF486C305DD8CCF4F8E808CEA687C42DC82.png,ddd2bdf486c305dd8ccf4f8e808cea687c42dc82,,2022-01-30T03:42:03.008638Z,6,20.0,-1.2,1463,15,204,9.414,906.5,Standard,7536,False,False,False,False,155.4,,1338715,0,0,2,0.0,0.9054653156198295
615,532892,532892,210.0788,2.440271597403888e-08,,1,0,0,629,True,2022-08-01T16:57:38.000Z,348312,Envy Baby,(Will Stetson Cover),Kanaria,CoolingCloset & Nolanimations,571435,2021-04-14T16:24:06.000Z,2021-04-29T19:04:17.000Z,2021-04-15T00:25:12.000Z,,True,False,False,-1,5.46,5198,False,https://cdn.scoresaber.com/covers/4529498DAB9D920C1E7A3BA46507B677655B3AD7.png,4529498dab9d920c1e7a3ba46507b677655b3ad7,16ac1,2021-04-14T14:17:26.597Z,4,16.0,-0.25,629,4,15,4.871,368.0,Standard,3231,False,False,False,False,129.123,3.96,571435,0,1,2,5.126493288566919e-06,0.9325505088067759
52,748848,748848,0,1.340743501914205e-21,,1,2,21,170,False,2022-07-30T17:59:56.000Z,259618,666,,RoughSketch,Soba`s,955075,2020-06-01T15:43:20.000Z,,,,False,False,False,-1,0,196,False,https://cdn.scoresaber.com/covers/5C8BD339D0FE3AF5C4131DDBE5CAD73CA0118215.png,5c8bd339d0fe3af5c4131ddbe5cad73ca0118215,ad31,2020-06-01T14:51:03.997Z,4,24.0,0.4,1046,8,20,8.959,648.0,Standard,1220,False,False,False,False,116.757,,955075,1,0,2,0.0,0.7840724550427977
1421,569699,569699,224.5996,1.859436297976778e-07,,1,2,1,410,False,2022-07-08T14:54:12.000Z,406898,Lotus,,Mr Bill & Bandoum,Checkthepan,630315,2022-01-03T22:12:57.000Z,2022-01-12T15:56:11.000Z,,,True,False,False,-1,6.39,4105,False,https://cdn.scoresaber.com/covers/487219D2A9B4694DB8BA2A2AFFDE87BA1415C733.png,487219d2a9b4694db8ba2a2affde87ba1415c733,,2022-01-03T12:36:58.112678Z,5,18.0,-0.4,693,65,0,5.295,349.0,Standard,15167,True,False,False,False,130.875,6.39,630315,0,0,0,4.176286487510652e-05,0.9038322108786876
578,451425,451425,170.4408,8.536982834129442e-13,,1,1,3,204,False,2022-07-08T14:50:19.000Z,406920,Lotus,,Mr Bill & Bandoum,Checkthepan,502435,2022-01-03T23:34:52.000Z,2022-01-12T15:56:06.000Z,,,True,False,False,-1,4.92,1382,False,https://cdn.scoresaber.com/covers/487219D2A9B4694DB8BA2A2AFFDE87BA1415C733.png,487219d2a9b4694db8ba2a2affde87ba1415c733,,2022-01-03T12:36:58.112678Z,5,15.0,0.0,554,133,0,4.233,349.0,Standard,15167,True,False,False,False,130.875,3.06,502435,0,0,3,1.4550501838352894e-10,0.8984744295281977
1362,1302786,1302786,216.6641,5.738292010798373e-08,,1,3,6,515,False,2022-07-08T14:43:33.000Z,407877,YoiYoi Kokon,,Reol,Joshabi,1434395,2022-01-07T13:06:44.000Z,2022-01-16T21:10:26.000Z,,,True,False,False,-1,6.09,7730,False,https://cdn.scoresaber.com/covers/C21CAA4DBDC45CE369F2C94D8646964D2113080D.png,c21caa4dbdc45ce369f2c94d8646964d2113080d,,2022-01-07T12:53:29.121784Z,4,18.0,-0.542,1567,112,60,6.208,631.0,Standard,6855,False,False,False,False,252.4,6.04,1434395,0,3,40,1.2432818740568197e-05,0.9082477281362525
1287,637862,637862,191.0826,3.049985020825465e-10,,1,0,3,374,False,2022-07-08T14:28:53.000Z,408618,Chou*Chou*Kou*Soku*De*Mae*Sai*Soku!!! Speed*Star*Kanade,(feat. Nanahira),Camellia,spectre158,697475,2022-01-09T18:46:03.000Z,2022-01-21T09:07:21.000Z,,,True,False,False,-1,5.28,5151,False,https://cdn.scoresaber.com/covers/1D0ED8A10ECFCBCA37ADF30169A2EF7ED7B7BA7E.png,1d0ed8a10ecfcbca37adf30169a2ef7ed7b7ba7e,,2022-01-09T18:37:41.134436Z,6,19.0,0.53,766,20,85,6.622,481.99,Standard,2274,False,False,False,False,115.678,4.42,697475,0,0,1,5.82799067740384e-08,0.914530269902147
372,538723,538723,177.6511,9.289116595854647e-12,,1,0,1,567,False,2022-07-04T18:23:39.000Z,386667,Home Haruka no Undoukai,,DJ-Technetium,Alice,578795,2021-10-17T16:35:24.000Z,2022-01-16T21:07:31.000Z,,,True,False,False,-1,4.65,1770,False,https://cdn.scoresaber.com/covers/C0BF806E39E3AE5C025C620BE664B7A3C81B4B78.png,c0bf806e39e3ae5c025c620be664b7a3c81b4b78,,2021-10-17T16:21:54.639583Z,1,16.0,0.25,637,0,264,4.967,427.5,Standard,33048,True,False,False,False,128.25,3.64,578795,0,0,0,1.6502217812818336e-09,0.9307665062759699
1903,988370,988370,259.599,2.927539811452112e-05,,1,1,4,623,False,2022-07-04T18:17:06.000Z,284755,NOTHING PERSONAL,,MATT DOE,Khenab,1073755,2020-08-06T04:37:10.000Z,2020-08-20T15:05:24.000Z,2020-08-16T06:17:33.000Z,,True,False,False,-1,7.05,7435,False,https://cdn.scoresaber.com/covers/ED90CC573FB9AC5FB86FF63CA9BCB723BBB01BC3.png,ed90cc573fb9ac5fb86ff63ca9bcb723bbb01bc3,cfd5,2020-08-06T04:23:56.492Z,4,19.0,-0.6,1175,23,152,5.782,508.0,Standard,2308,False,False,False,False,203.2,7.05,1073755,0,0,4,0.007599864075131568,0.9204799977648532
2136,1110354,1110354,266.8844,9.830467144839645e-05,,1,14,19,155,False,2022-07-04T18:05:11.000Z,320370,Nibelungen,,Gram,ComplexFrequency,1356195,2021-01-11T02:18:13.000Z,2021-01-22T05:08:53.000Z,2021-01-11T02:57:54.000Z,,True,False,False,-1,8.95,4233,False,https://cdn.scoresaber.com/covers/62128DFDD39DB6A2CC380C254031A9D4367B87A1.png,62128dfdd39db6a2cc380c254031a9d4367b87a1,127ec,2021-01-11T02:03:36.770Z,8,21.0,0.0,1482,39,46,8.276,662.596,Standard,9773,False,False,False,False,179.08,8.88,1356195,0,0,3,0.02623598325670242,0.8187273953966797
1598,735618,735618,266.6262,7.938492450488044e-05,,1,1,3,405,False,2022-07-04T17:36:21.000Z,204214,Fire Blazing,,Dropgun,Teuflum,804195,2020-02-15T16:35:02.000Z,2020-04-23T17:15:03.000Z,,,True,False,False,-1,7.36,9610,False,https://cdn.scoresaber.com/covers/714F0C1CDF53C41083FCD357B6E995C2F6A8FA6C.png,714f0c1cdf53c41083fcd357b6e995c2f6a8fa6c,873f,2020-02-15T16:00:10.680Z,5,19.0,-0.4,882,0,3,6.431,320.0,Standard,4401,False,False,False,False,137.143,7.36,804195,1,0,0,0.02116610075802315,0.9147259060302538
865,628190,628190,198.517,2.242684384750574e-09,,1,0,1,632,False,2022-07-04T17:33:26.000Z,204209,Fire Blazing,,Dropgun,Teuflum,675395,2020-02-15T16:20:04.000Z,2020-04-23T17:15:06.000Z,,,True,False,False,-1,5.21,6570,False,https://cdn.scoresaber.com/covers/714F0C1CDF53C41083FCD357B6E995C2F6A8FA6C.png,714f0c1cdf53c41083fcd357b6e995c2f6a8fa6c,873f,2020-02-15T16:00:10.680Z,5,16.0,0.0,742,0,3,5.41,320.0,Standard,4401,False,False,False,False,137.143,3.55,675395,1,0,0,4.452109760075297e-07,0.9301075666832002
933,157930,157930,187.9968,1.207835676268331e-10,,1,0,0,190,True,2022-07-04T17:27:59.000Z,271875,Fellow Feeling,(Isqa Remix) (Short Ver.),Porter Robinson,FatBeanzoop & TheRealZeroz,167555,2020-06-15T09:19:04.000Z,2020-06-20T01:40:57.000Z,2020-06-16T01:12:10.000Z,,True,False,False,-1,4.67,3535,False,https://cdn.scoresaber.com/covers/06DDBE99BC8AF1EC819CE1A6D5F4760C9EDE6697.png,06ddbe99bc8af1ec819ce1a6d5f4760c9ede6697,b2c0,2020-06-15T08:09:37.963Z,7,16.0,-0.1,190,268,49,3.941,139.808,Standard,11747,False,False,False,False,48.21,3.06,167555,0,0,0,2.2706924206428218e-08,0.9425561755841365
978,342522,342522,237.0128,1.028182633257976e-06,,1,3,0,204,False,2022-07-04T17:12:17.000Z,272381,epimerization,(Short Ver.),Camellia,CoolingCloset,385595,2020-06-15T22:48:32.000Z,2020-06-19T23:59:39.000Z,2020-06-15T23:35:50.000Z,,True,False,False,-1,6.99,4236,False,https://cdn.scoresaber.com/covers/380B9810A771B57D29DB44F8E2217502D76D6094.png,380b9810a771b57d29db44f8e2217502d76d6094,b2f2,2020-06-15T22:44:38.905Z,7,18.0,0.25,427,0,106,5.417,268.0,Standard,2009,False,False,False,False,78.824,5.86,385595,0,0,0,0.000243692444819846,0.8882947133650592
714,261947,261947,186.7038,7.078114007000776e-11,,1,0,0,314,True,2022-07-04T17:10:33.000Z,272383,epimerization,(Short Ver.),Camellia,CoolingCloset,281635,2020-06-15T22:50:10.000Z,2020-06-19T23:59:20.000Z,2020-06-15T23:35:39.000Z,,True,False,False,-1,4.9,2535,False,https://cdn.scoresaber.com/covers/380B9810A771B57D29DB44F8E2217502D76D6094.png,380b9810a771b57d29db44f8e2217502d76d6094,b2f2,2020-06-15T22:44:38.905Z,7,16.0,0.5,314,0,137,3.984,268.0,Standard,2009,False,False,False,False,78.824,2.76,281635,0,0,0,1.3215107819402715e-08,0.9300939158840343
228,150740,150740,183.304,2.704923666961175e-11,,1,0,0,180,True,2022-07-04T17:07:26.000Z,417151,My War,(TV Size),Shinsei Kamattechan,Alice,158355,2022-02-07T12:47:35.000Z,2022-06-14T04:57:59.000Z,2022-04-19T13:36:08.000Z,,True,False,False,-1,4.29,1251,False,https://cdn.scoresaber.com/covers/7DF05BEEBE378E3202E6DB2C2EE975A111924F62.png,7df05beebe378e3202e6db2c2ee975a111924f62,,2022-02-07T12:44:46.692107Z,5,13.0,0.25,180,0,39,2.087,207.0,Standard,8101,True,False,False,True,86.25,1.31,158355,20,0,0,4.9582332784865125e-09,0.951911843642449
760,2476071,2476071,267.5908,0.0001093936759142641,,1,43,77,165,False,2022-07-03T21:06:49.000Z,398713,Invasion of Amorphous Trepidation,,Diabolic Phantasma,dibl & Burchase,3422515,2021-11-26T05:24:57.000Z,2021-12-09T12:54:43.000Z,,,True,False,False,-1,10.12,1080,False,https://cdn.scoresaber.com/covers/98F73BD330852EAAEBDC695140EAC8F2027AEEC8.png,98f73bd330852eaaebdc695140eac8f2027aeec8,,2021-11-26T01:57:14.428482Z,5,21.25,-1.75,3728,28,95,11.823,1576.567,Standard,13827,False,False,False,False,315.313,10.06,3422515,0,0,8,0.02927274125283866,0.7234653463900085
589,410127,410127,191.5857,3.51713025972377e-10,,1,0,0,482,True,2022-07-03T21:01:08.000Z,322987,KORO DISCO!,,Omiya Club,Depito,436195,2021-01-18T22:07:29.000Z,2021-03-15T05:24:09.000Z,2021-03-05T18:51:32.000Z,,True,False,False,-1,4.82,3399,False,https://cdn.scoresaber.com/covers/7A4CDD84F4752F88A7A99414E5959393EC539918.png,7a4cdd84f4752f88a7a99414e5959393ec539918,12df4,2021-01-18T21:59:38.886Z,,18.0,-0.6,482,0,10,4.869,198.0,Standard,1573,False,False,False,False,99.0,3.33,436195,0,0,0,6.738318628003603e-08,0.9402377377090522
886,583711,583711,203.5533,6.530534962327015e-09,,1,1,6,301,False,2022-07-03T20:54:46.000Z,293605,Holdin' On,(Skrillex and Nero Remix) (Short Ver.),I SEE MONSTAS,Hoppaw,665275,2020-09-14T19:31:52.000Z,2020-10-06T06:26:08.000Z,2020-10-01T02:52:43.000Z,,True,False,False,-1,6.15,2782,False,https://cdn.scoresaber.com/covers/CC0A109EEC7B99327A9221E7189642C7D2021AC1.png,cc0a109eec7b99327a9221e7189642c7d2021ac1,eb28,2020-09-14T19:27:00.826Z,6,18.0,0.0,731,0,16,5.761,368.0,Standard,4383,False,False,False,False,126.897,5.5,665275,0,0,0,1.3293119423470396e-06,0.8773980684679268
729,541952,541952,171.2943,1.095502100863528e-12,,1,0,1,342,False,2022-07-03T20:51:14.000Z,282943,Chikatto Chika Chika,,Chika Fujiwara (CV: Konomi Kohara),abcbadq,580635,2020-07-30T02:09:09.000Z,2020-08-05T03:43:21.000Z,2020-07-31T16:34:37.000Z,,True,False,False,-1,4.44,8194,False,https://cdn.scoresaber.com/covers/A868C5F6223DE645CFF4F74F87D081D1756F8FEF.png,a868c5f6223de645cff4f74f87d081d1756f8fef,ca62,2020-07-30T01:59:52.666Z,7,18.0,0.0,639,0,184,3.787,500.625,Standard,4648,False,False,False,False,168.75,3.18,580635,0,0,0,1.8765326551594743e-10,0.933378111894736
1388,483766,483766,191.2733,3.275239626111268e-10,,1,0,2,513,False,2022-07-03T20:45:16.000Z,295994,Avalanche,,Memme,That_Narwhal,524515,2020-09-24T03:59:40.000Z,2020-09-29T03:16:48.000Z,2020-09-24T17:41:46.000Z,,True,False,False,-1,5.16,8425,False,https://cdn.scoresaber.com/covers/83036B233F5429A85AEDB0CF1AE9C554498B50B6.png,83036b233f5429a85aedb0cf1ae9c554498b50b6,f124,2020-09-24T03:43:55.673Z,6,15.0,0.4,578,18,39,5.063,333.0,Standard,2864,False,False,False,False,114.171,3.59,524515,2,0,4,6.264658915770684e-08,0.9223110873854895
949,342015,342015,192.7389,5.022446504128936e-10,,1,0,0,400,True,2022-07-03T20:40:41.000Z,364319,astrid,,glaive,nolan121405,360755,2021-06-24T17:40:25.000Z,2021-07-06T15:32:00.000Z,2021-06-25T03:34:09.000Z,,True,False,False,-1,4.63,5327,False,https://cdn.scoresaber.com/covers/47D574D2274C36B45A63A7B808BCF74B49A0A3BA.png,47d574d2274c36b45a63a7b808bcf74b49a0a3ba,19854,2021-06-24T17:17:02.356Z,3,17.0,-0.2,400,25,61,4.162,271.5,Standard,3469,False,False,False,False,96.1,3.33,360755,0,0,5,9.680208145146565e-08,0.9480533880334299
2293,92101,92101,155.0467,9.375573341220623e-14,,1,0,0,115,True,2022-07-03T20:38:08.000Z,373484,Start menu,,Toby Fox,D7oomyAli,98555,2021-08-10T21:10:46.000Z,2022-01-04T12:11:16.000Z,,,True,False,False,-1,4,5924,False,https://cdn.scoresaber.com/covers/FE966F1274A54CA2E6FCF25B5C439C5E0B431C9F.png,fe966f1274a54ca2e6fcf25b5c439c5e0b431c9f,,2021-08-10T20:58:29.271913Z,2,16.0,0.0,115,0,0,3.77,45.75,Standard,223,False,False,False,False,30.5,2.4,98555,0,0,0,1.4536517071642315e-11,0.9345137233017097
670,61360,61360,155.4626,9.715620042715671e-14,,1,0,0,79,True,2022-07-03T20:37:28.000Z,373485,Start menu,,Toby Fox,D7oomyAli,65435,2021-08-10T21:11:28.000Z,2022-01-04T12:11:15.000Z,,,True,False,False,-1,3.96,1614,False,https://cdn.scoresaber.com/covers/FE966F1274A54CA2E6FCF25B5C439C5E0B431C9F.png,fe966f1274a54ca2e6fcf25b5c439c5e0b431c9f,,2021-08-10T20:58:29.271913Z,2,15.0,0.1,79,0,0,2.59,45.75,Standard,221,False,False,False,False,30.5,1.31,65435,0,0,0,1.5104155524526893e-11,0.9377244593871781
2137,398676,398676,197.4832,1.747669683142932e-09,,1,1,6,176,False,2022-07-03T20:36:09.000Z,404984,Say So,(Short Version),Doja Cat,Hoppaw,461955,2021-12-26T19:55:07.000Z,2022-01-05T07:20:24.000Z,,,True,False,False,-1,6.13,6305,False,https://cdn.scoresaber.com/covers/4A716D59AB416D73461590D2F43D552EA4AA00F8.png,4a716d59ab416d73461590d2f43d552ea4aa00f8,,2021-12-26T19:04:28.520121Z,6,18.0,0.1,510,0,25,4.966,190.0,Standard,2095,False,False,False,False,102.703,5.72,461955,0,2,0,3.451354015700523e-07,0.8630191252394713
2286,502461,502461,208.7473,1.901644617680731e-08,,1,3,4,301,False,2022-07-03T20:33:22.000Z,406841,Mii Channel,(VGR Remix),Kazumi Totaka,Elecast,572355,2022-01-03T18:28:49.000Z,2022-01-12T15:51:07.000Z,,,True,False,False,-1,6.3,6567,False,https://cdn.scoresaber.com/covers/E75E72906A556F308323338ECD2BB9B85BFEDB86.png,e75e72906a556f308323338ecd2bb9b85bfedb86,,2022-01-03T17:43:45.929776Z,4,19.0,-0.82,630,44,120,5.091,264.0,Standard,1218,False,False,False,False,123.75,6.3,572355,0,0,14,3.969631795003848e-06,0.8778834814057709
508,448473,448473,185.4354,5.322749897755662e-11,,1,3,0,284,False,2022-07-03T20:31:03.000Z,406840,Mii Channel,(VGR Remix),Kazumi Totaka,Elecast,495075,2022-01-03T18:27:17.000Z,2022-01-12T15:51:05.000Z,,,True,False,False,-1,5.25,1975,False,https://cdn.scoresaber.com/covers/E75E72906A556F308323338ECD2BB9B85BFEDB86.png,e75e72906a556f308323338ecd2bb9b85bfedb86,,2022-01-03T17:43:45.929776Z,4,16.0,-0.5,546,8,44,4.412,264.0,Standard,1223,False,False,False,False,123.75,3.9,495075,0,0,2,9.870262563902802e-09,0.9058688077564006
1652,411861,411861,258.7241,2.449849336381388e-05,,1,0,0,490,True,2022-07-03T20:24:01.000Z,287380,The Clear Blue Sky,(feat. Misawa),Tsukasa,Mystikmol,443555,2020-08-16T16:55:52.000Z,2020-08-21T23:20:38.000Z,2020-08-17T21:15:16.000Z,,True,False,False,-1,6.83,8397,False,https://cdn.scoresaber.com/covers/9EC4BBF552797685DF73033C04CF487737097A7D.png,9ec4bbf552797685df73033c04cf487737097a7d,d7c9,2020-08-16T16:40:57.925Z,7,20.0,-0.25,490,0,4,5.78,251.5,Standard,2522,False,False,False,False,84.775,6.83,443555,0,0,0,0.00633835064690872,0.9285455016852476
603,310710,310710,195.7618,1.268250881015322e-09,,1,0,0,369,True,2022-07-03T20:20:43.000Z,287413,The Clear Blue Sky,(feat. Misawa),Tsukasa,Mystikmol,332235,2020-08-16T19:47:36.000Z,2020-08-21T23:20:35.000Z,2020-08-17T21:15:18.000Z,,True,False,False,-1,5.03,3551,False,https://cdn.scoresaber.com/covers/9EC4BBF552797685DF73033C04CF487737097A7D.png,9ec4bbf552797685df73033c04cf487737097a7d,d7c9,2020-08-16T16:40:57.925Z,7,17.0,0.25,369,0,14,4.353,251.5,Standard,2522,False,False,False,False,84.775,3.57,332235,0,0,0,2.4827507531914526e-07,0.9352115219648742
529,229283,229283,157.0649,1.161004639983471e-13,,1,0,0,273,True,2022-07-03T20:19:03.000Z,287396,The Clear Blue Sky,(feat. Misawa),Tsukasa,Mystikmol,243915,2020-08-16T17:50:30.000Z,2020-08-21T23:20:32.000Z,2020-08-17T21:15:20.000Z,,True,False,False,-1,3.96,1806,False,https://cdn.scoresaber.com/covers/9EC4BBF552797685DF73033C04CF487737097A7D.png,9ec4bbf552797685df73033c04cf487737097a7d,d7c9,2020-08-16T16:40:57.925Z,7,16.0,0.5,273,0,6,3.22,251.5,Standard,2522,False,False,False,False,84.775,1.91,243915,0,0,0,1.8235307767853986e-11,0.9400118893876965
310,797052,797052,187.908,1.165561427598939e-10,,1,0,0,924,True,2022-07-03T20:13:29.000Z,410370,Clip it Bro,,P*Light,Timbo & abcbadq,842835,2022-01-15T13:16:15.000Z,2022-06-14T04:58:28.000Z,2022-04-19T13:36:31.000Z,,True,False,False,-1,4.58,1314,False,https://cdn.scoresaber.com/covers/EE0D6AE04DF858C20A12B6E817C6E2BD23336196.png,ee0d6ae04df858c20a12b6e817c6e2bd23336196,,2022-01-15T11:43:17.828049Z,6,17.0,0.05,924,0,749,3.845,801.0,Standard,4388,False,False,False,False,240.3,3.03,842835,0,0,0,2.1901831673726144e-08,0.9456797593835092
798,662198,662198,180.4933,1.476112101365209e-11,,1,1,2,372,False,2022-07-02T18:38:46.000Z,347063,Memento Mori,(Extended Ver.),Massive New Krew,abcbadq,732435,2021-04-10T03:00:33.000Z,2021-04-18T16:13:13.000Z,2021-04-10T03:41:27.000Z,,True,False,False,-1,5.13,2426,False,https://cdn.scoresaber.com/covers/D1F62A2CC48925B51C0EAFC9B7C813573E7CFADA.png,d1f62a2cc48925b51c0eafc9b7c813573e7cfada,167ef,2021-04-10T02:49:45.604Z,5,17.0,0.5,804,7,409,4.324,681.813,Standard,2438,False,False,False,False,185.949,4.38,732435,0,0,1,2.6642834434534107e-09,0.9041048011086308
940,610434,610434,190.5293,2.462983976772096e-10,,1,0,0,730,True,2022-07-02T18:24:09.000Z,348883,Dyscontrolled Galaxy,,Camellia,That_Narwhal,664355,2021-04-16T22:48:35.000Z,2021-04-29T19:06:53.000Z,2021-04-18T12:57:27.000Z,,True,False,False,-1,5.2,4233,False,https://cdn.scoresaber.com/covers/A3E5691076181E88776A41E9FF112D3C33576782.png,a3e5691076181e88776a41e9ff112d3c33576782,16c56,2021-04-16T22:38:21.017Z,7,16.0,-0.2,730,129,211,5.891,332.5,Standard,4192,False,False,False,False,123.913,4.43,664355,0,0,6,4.6927061300560374e-08,0.918837067531666
1214,718789,718789,281.2168,0.0007228440471018641,,1,7,15,175,False,2022-07-02T18:09:27.000Z,378962,GIMME DA BLOOD,,C-Show,Narwhal & Alice,871355,2021-09-09T22:20:58.000Z,2021-09-19T16:57:15.000Z,2021-09-11T16:28:12.000Z,,True,False,False,-1,9.34,3100,False,https://cdn.scoresaber.com/covers/39C57A98472E376ADA8F8573C5F4FB4AB5AF51D9.png,39c57a98472e376ada8f8573c5f4fb4ab5af51d9,,2021-09-09T21:46:50.332232Z,8,18.5,0.0,955,47,218,7.399,473.276,Standard,14337,True,False,False,False,129.075,9.21,871355,0,2,14,0.2032758898250355,0.8249094800626611
938,422226,422226,176.5481,7.238783828942828e-12,,1,0,1,365,False,2022-07-02T17:44:38.000Z,409466,Tribal Trial,,Yooh,CoolingCloset & Nolanimations,461955,2022-01-12T13:50:46.000Z,2022-04-15T15:38:32.000Z,2022-01-16T10:30:55.000Z,,True,False,False,-1,4.88,2697,False,https://cdn.scoresaber.com/covers/3C37D1264FC2754051B4045AC84909CDF0703D62.png,3c37d1264fc2754051b4045ac84909cdf0703d62,,2022-01-12T13:44:52.182819Z,7,15.0,0.0,510,0,60,4.554,308.0,Standard,2999,False,False,False,False,112.0,3.7,461955,0,0,0,1.2779935313105813e-09,0.9139981166996786
528,342929,342929,186.2364,6.360620631103371e-11,,1,0,0,403,True,2022-07-02T17:38:47.000Z,404983,Say So,(Short Version),Doja Cat,Hoppaw,363515,2021-12-26T19:53:00.000Z,2022-01-05T07:20:21.000Z,,,True,False,False,-1,4.6,4215,False,https://cdn.scoresaber.com/covers/4A716D59AB416D73461590D2F43D552EA4AA00F8.png,4a716d59ab416d73461590d2f43d552ea4aa00f8,,2021-12-26T19:04:28.520121Z,6,17.0,0.2,403,0,2,3.909,190.75,Standard,2093,False,False,False,False,103.108,3.15,363515,0,0,0,1.1845790881024199e-08,0.9433695996038678
3283,490249,490249,196.2656,1.411312644776996e-09,,1,1,2,388,False,2022-06-29T17:14:50.000Z,322986,KORO DISCO!,,Omiya Club,Depito,541995,2021-01-18T22:05:34.000Z,2021-03-15T05:24:11.000Z,2021-03-05T18:51:31.000Z,,True,False,False,-1,5.57,9742,False,https://cdn.scoresaber.com/covers/7A4CDD84F4752F88A7A99414E5959393EC539918.png,7a4cdd84f4752f88a7a99414e5959393ec539918,12df4,2021-01-18T21:59:38.886Z,,20.0,0.2,597,0,15,6.03,198.0,Standard,1508,False,False,False,False,99.0,5.03,541995,0,0,0,2.76992123014744e-07,0.9045267945276247
717,680268,680268,0,1.958035769892329e-22,,1,1,6,204,False,2022-06-29T16:58:50.000Z,375876,HENTAI,Katja Krasavice - Sex Tape PARODY,Selphius,Ryger,760955,2021-08-22T16:45:05.000Z,,,,False,False,False,-1,0,5284,False,https://cdn.scoresaber.com/covers/53F86D35D9929B9AE168AE3DEA644CCA54EE38F4.png,53f86d35d9929b9ae168ae3dea644cca54ee38f4,,2021-08-22T16:15:40.034693Z,4,20.0,-0.5,835,0,1,4.644,449.5,Standard,2173,True,False,False,True,179.8,,760955,0,0,0,0.0,0.8939661346597367
48,1038171,519086,0,1.248533867570056e-21,NF,0.5,55,323,126,False,2022-06-29T16:39:16.000Z,454213,Puppeteer,feat.flower,Hizumi Rei,Gekkoid,2098635,2022-05-11T20:05:52.000Z,,,,False,False,False,-1,0,90,False,https://cdn.scoresaber.com/covers/9EBBB0FEFA4EC59A8C988BC38C1B1E355C52F076.png,9ebbb0fefa4ec59a8c988bc38c1b1e355c52f076,,2022-05-11T06:01:55.147291Z,4,20.0,-0.9,2289,8,114,11.296,1307.0,Standard,1,False,False,False,False,202.636,,2098635,0,0,2,0.0,0.49468869050597175
637,699956,699956,202.0583,5.273666218730534e-09,,1,1,1,494,False,2022-06-29T16:20:54.000Z,367920,Fantasie-Celeritas,,Kobaryo,ComplexFrequency,763715,2021-07-11T20:04:54.000Z,2021-07-23T20:46:28.000Z,2021-07-12T20:52:06.000Z,,True,False,False,-1,5.55,2726,False,https://cdn.scoresaber.com/covers/C1FEB4B11B788A108B63C55A59C8E1EC54C2A78D.png,c1feb4b11b788a108b63c55a59c8e1ec54c2a78d,1a2cd,2021-07-11T19:41:48.802Z,7,15.0,0.5,838,64,190,4.888,1000.0,Standard,8860,False,False,False,False,171.429,3.85,763715,0,0,16,1.06558803092412e-06,0.9165146684299772
679,307158,307158,177.9386,1.033695139248961e-11,,1,0,0,359,True,2022-06-29T15:54:23.000Z,295993,Avalanche,,Memme,That_Narwhal,323035,2020-09-24T03:57:26.000Z,2020-09-29T03:16:46.000Z,2020-09-24T17:41:48.000Z,,True,False,False,-1,4.2,3726,False,https://cdn.scoresaber.com/covers/83036B233F5429A85AEDB0CF1AE9C554498B50B6.png,83036b233f5429a85aedb0cf1ae9c554498b50b6,f124,2020-09-24T03:43:55.673Z,6,14.0,0.8,359,15,13,3.144,333.0,Standard,2863,False,False,False,False,114.171,2.4,323035,0,0,1,1.8393426590476517e-09,0.9508505270326745
3106,1050687,1050687,266.8631,9.154376766953298e-05,,1,13,39,140,False,2022-06-04T19:30:07.000Z,418873,Deimos,,Schwank,"Jabob, Narwhal, & Bullet",1394835,2022-02-13T18:16:22.000Z,2022-04-15T15:45:30.000Z,2022-02-13T18:32:48.000Z,,True,False,False,-1,9.78,8318,False,https://cdn.scoresaber.com/covers/EDDCA14F0E90F5DA5A2337B8DD2B1EB381771400.png,eddca14f0e90f5da5a2337b8dd2b1eb381771400,,2022-02-13T17:56:31.032706Z,6,20.75,-0.3,1524,587,732,7.62,740.0,Standard,10105,False,False,False,False,200.0,9.78,1394835,0,13,38,0.024429653625971343,0.7532697415823377
3938,1372520,1372520,232.939,6.948174401194406e-07,,1,1,8,636,False,2022-06-04T19:22:59.000Z,224126,Nirvana,"(Camellia's ""BinaryHeaven"" Remix)",kors k feat. RIRE,Depito & ExUnReal,1526395,2020-04-22T15:45:25.000Z,2020-07-06T02:11:11.000Z,2020-07-02T01:41:09.000Z,,True,False,False,-1,6.71,10156,False,https://cdn.scoresaber.com/covers/A30D0B147D4839F8DAD52A08CA608F43A14F06E4.png,a30d0b147d4839f8dad52a08ca608f43a14f06e4,9deb,2020-04-22T15:35:20.300Z,5,19.0,0.0,1667,8,58,5.769,838.0,Standard,8389,False,False,False,False,288.966,6.71,1526395,0,0,0,0.00016185007968398237,0.8991905764890478
1850,684786,342393,44.8177,4.225460987916934e-15,NF,0.5,28,41,126,False,2022-06-04T19:10:51.000Z,341354,You,,Imil,Emilia,1055355,2021-03-20T17:41:44.000Z,2021-04-08T13:48:55.000Z,2021-03-23T05:46:41.000Z,,True,False,False,-1,10.8,3749,False,https://cdn.scoresaber.com/covers/5A79F235519F17323538CB9F9730C9040C89E5DE.png,5a79f235519f17323538cb9f9730c9040c89e5de,15aba,2021-03-20T17:31:34.346Z,6,23.0,-1.4,1155,20,79,9.57,704.0,Standard,4551,False,False,False,False,120.686,10.8,1055355,89,0,2,1.893754429181648e-13,0.6488679164830792
1218,718455,718455,248.832,5.10906188905315e-06,,1,0,1,470,False,2022-06-04T19:08:14.000Z,341352,You,,Imil,Emilia,789475,2021-03-20T17:39:49.000Z,2021-04-08T13:48:51.000Z,2021-03-23T05:46:39.000Z,,True,False,False,-1,6.96,3609,False,https://cdn.scoresaber.com/covers/5A79F235519F17323538CB9F9730C9040C89E5DE.png,5a79f235519f17323538cb9f9730c9040c89e5de,15aba,2021-03-20T17:31:34.346Z,6,21.0,-1.075,866,17,78,7.176,704.0,Standard,4551,False,False,False,False,120.686,6.38,789475,0,0,0,0.0012712980879768733,0.9100414832641945
391,419787,419787,207.0337,1.430038946012502e-08,,1,1,1,247,False,2022-06-04T19:05:43.000Z,341350,You,,Imil,Emilia,455515,2021-03-20T17:38:13.000Z,2021-04-08T13:48:50.000Z,2021-03-23T05:46:37.000Z,,True,False,False,-1,5.6,1509,False,https://cdn.scoresaber.com/covers/5A79F235519F17323538CB9F9730C9040C89E5DE.png,5a79f235519f17323538cb9f9730c9040c89e5de,15aba,2021-03-20T17:31:34.346Z,6,19.0,-0.7,503,20,127,4.168,704.0,Standard,4551,False,False,False,False,120.686,4.37,455515,44,0,3,2.9606625413706856e-06,0.9215657003611297
1246,1220146,610073,38.38078,2.072146054549161e-15,NF,0.5,87,172,62,False,2022-05-26T18:58:26.000Z,220480,Affiliate Requiem,,Kobaryo,Vilawes & Skeelie,2480435,2020-04-13T20:14:35.000Z,2020-04-18T23:27:25.000Z,,,True,False,False,-1,12.2,1946,False,https://cdn.scoresaber.com/covers/B9BED84A127130BF80AFF18DB677EDD215CE0AB5.png,b9bed84a127130bf80aff18db677edd215ce0ab5,9ab1,2020-04-13T20:08:19.319Z,9,24.0,0.4,2704,0,9,13.629,992.0,Standard,23407,False,False,False,False,198.4,12.2,2480435,0,0,0,7.953058184751936e-14,0.4919080725759796
1724,1699624,849812,43.91113,3.535987027967724e-15,NF,0.5,88,105,116,False,2022-05-26T18:53:28.000Z,322553,BUCK WILD,,t+pazolite,ComplexFrequency & Helloiamdaan,2623955,2021-01-17T17:39:48.000Z,2021-02-26T02:22:23.000Z,2021-02-15T23:26:42.000Z,,True,False,False,-1,10.6,2446,False,https://cdn.scoresaber.com/covers/F9EE34B06E37C29FFED6BD91DA00F57D3B246CAD.png,f9ee34b06e37c29ffed6bd91da00f57d3b246cad,12d56,2021-01-17T17:31:39.624Z,5,23.0,0.0,2860,105,260,11.211,1148.0,Standard,12708,False,False,False,False,255.111,10.45,2623955,0,6,12,1.5526918606340436e-13,0.6477336692130772
1987,1023594,1023594,212.8792,3.877779332808854e-08,,1,5,2,592,False,2022-05-26T18:02:31.000Z,325134,Shun no shifudo o ikashita Karefumi Paeria 808 shefu no Twerk to Trap shitate,,Camellia,ComplexFrequency & miitchel,1138155,2021-01-25T21:03:38.000Z,2021-02-03T19:48:27.000Z,2021-01-26T11:34:43.000Z,,True,False,False,-1,6.13,5206,False,https://cdn.scoresaber.com/covers/2689EE1E1AC4AFFAF303F87DE853FCA887BF5D7E.png,2689ee1e1ac4affaf303f87de853fca887bf5d7e,13292,2021-01-25T20:30:03.521Z,9,19.0,0.3,1245,14,103,4.687,973.877,Standard,12797,False,False,False,False,265.603,6.08,1138155,1,0,1,8.254985621448826e-06,0.8993449925537382
594,865226,865226,171.2924,1.057159527333305e-12,,1,2,2,935,False,2022-05-26T17:57:45.000Z,325130,Shun no shifudo o ikashita Karefumi Paeria 808 shefu no Twerk to Trap shitate,,Camellia,ComplexFrequency & miitchel,941275,2021-01-25T20:53:57.000Z,2021-02-03T19:48:24.000Z,2021-01-26T11:34:41.000Z,,True,False,False,-1,4.67,1872,False,https://cdn.scoresaber.com/covers/2689EE1E1AC4AFFAF303F87DE853FCA887BF5D7E.png,2689ee1e1ac4affaf303f87de853fca887bf5d7e,13292,2021-01-25T20:30:03.521Z,9,15.0,-0.9,1031,192,112,3.882,973.877,Standard,12797,False,False,False,False,265.603,2.77,941275,2,0,4,1.810833926197874e-10,0.9192063955804627
4058,1226809,1226809,265.9944,7.39252263220573e-05,,1,9,37,259,False,2022-05-24T16:30:34.000Z,100024,NUCLEAR-STAR,,Camellia,Hexagonial,1552155,2018-12-29T01:18:47.000Z,2019-02-20T04:23:34.000Z,,,True,False,False,-1,9.3,10506,False,https://cdn.scoresaber.com/covers/762B7BF1C06DBCC7AAB23D955A553E5420FBA6E5.png,762b7bf1c06dbcc7aab23d955a553e5420fba6e5,28c5,2018-12-29T00:05:14Z,6,19.0,0.0,1695,265,135,7.32,768.0,Standard,7149,False,False,False,False,231.558,9.22,1552155,12,49,4,0.019663696220399835,0.7903907792714001
709,1152954,1152954,221.8333,1.212576269424977e-07,,1,1,3,341,False,2022-05-24T16:25:26.000Z,373247,Spin Eternally,,Camellia,fraies & Narwhal,1270635,2021-08-09T18:40:56.000Z,2021-08-25T01:26:19.000Z,2021-08-09T21:47:55.000Z,,True,False,False,-1,6.25,3115,False,https://cdn.scoresaber.com/covers/417E413D6227F556BBFC3A6B73C32CFB11AFE9E7.png,417e413d6227f556bbfc3a6b73c32cfb11afe9e7,,2021-08-09T18:26:12.516124Z,3,17.0,0.4,1389,71,206,6.214,827.0,Standard,8802,False,False,False,False,223.514,5.31,1270635,0,0,5,2.6898979534823176e-05,0.9073841032239786
585,745769,745769,187.1619,8.765035380108308e-11,,1,1,3,541,False,2022-05-17T15:51:57.000Z,406844,Harakiri,ft. Bill $Aber,Within Destruction,FatBeanzoop & Fvrwvrd,816155,2022-01-03T18:49:03.000Z,2022-01-12T15:54:19.000Z,,,True,False,False,-1,5.18,1604,False,https://cdn.scoresaber.com/covers/F22562D7E420F510BD773466B7B01B6E506DE43B.png,f22562d7e420f510bd773466b7b01b6e506de43b,,2022-01-03T16:22:48.686520Z,5,17.0,-1.2,895,135,547,4.433,975.875,Standard,7004,False,False,False,False,201.905,4.17,816155,0,0,8,1.6404806753082933e-08,0.9137590286158879
3243,1353545,1353545,287.3553,0.002606521601066944,,1,13,44,401,False,2022-05-17T10:42:34.000Z,109086,Milk Crown on Sonnetica,,nameless,Hexagonial,1777555,2019-01-23T06:11:45.000Z,2019-03-03T21:03:04.000Z,,,True,False,False,-1,10.42,7877,False,https://cdn.scoresaber.com/covers/CFCA2FE00BCC418DC9ECF64D92FC01CEEC52C375.png,cfca2fe00bcc418dc9ecf64d92fc01ceec52c375,3036,2019-01-22T23:45:58Z,6,21.0,0.0,1940,4,15,9.199,896.0,Standard,6589,False,False,False,False,210.824,10.27,1777555,8,9,0,0.748997796631072,0.7614644835180908
1803,598714,299357,38.01631,1.99962094263994e-15,NF,0.5,33,40,71,False,2022-05-17T10:34:31.000Z,364647,Felis,,M2U,ComplexFrequency & Checkthepan,1000155,2021-06-25T23:31:43.000Z,2021-07-06T15:32:27.000Z,2021-06-27T12:36:41.000Z,,True,False,False,-1,9.93,2745,False,https://cdn.scoresaber.com/covers/21A989606D52EDF96B2971DBEDE366B1D0523088.png,21a989606d52edf96b2971dbede366b1d0523088,198db,2021-06-25T16:08:37.481Z,7,18.0,-0.5,1095,0,144,8.247,343.0,Standard,3587,False,False,False,False,132.774,9.88,1000155,7,10,0,7.601820963789218e-14,0.5986212137118747
2177,756522,756522,261.9805,3.892999096994734e-05,,1,12,26,157,False,2022-05-17T10:28:24.000Z,319746,UMMU,,t+pazolite,carrot,1011195,2021-01-09T08:49:24.000Z,2021-01-22T05:09:28.000Z,2021-01-11T18:20:54.000Z,,True,False,False,-1,9.66,3180,False,https://cdn.scoresaber.com/covers/BCD465BC14CD421901CEC7869800AB977918E091.png,bcd465bc14cd421901cec7869800ab977918e091,12666,2021-01-09T05:18:25.219Z,5,22.0,-0.5,1107,0,3,9.355,355.0,Standard,3886,False,False,False,False,118.333,9.66,1011195,0,0,0,0.01019889849930229,0.7481464999332473
1623,588741,588741,217.1611,6.16208973212529e-08,,1,1,2,263,False,2022-05-17T10:26:00.000Z,319832,UMMU,,t+pazolite,carrot,656075,2021-01-09T15:26:37.000Z,2021-01-22T05:09:26.000Z,2021-01-11T18:20:55.000Z,,True,False,False,-1,6.28,4546,False,https://cdn.scoresaber.com/covers/BCD465BC14CD421901CEC7869800AB977918E091.png,bcd465bc14cd421901cec7869800ab977918e091,12666,2021-01-09T05:18:25.219Z,5,19.0,-0.25,721,0,14,6.093,355.0,Standard,6422,False,False,False,False,118.333,5.85,656075,0,0,0,1.3381661845270335e-05,0.897368441108105
1247,375351,375351,147.3065,5.494238851694095e-14,,1,1,11,240,False,2022-05-17T10:23:07.000Z,319744,UMMU,,t+pazolite,carrot,435275,2021-01-09T08:30:35.000Z,2021-01-22T05:09:23.000Z,2021-01-11T18:20:57.000Z,,True,False,False,-1,4.58,1976,False,https://cdn.scoresaber.com/covers/BCD465BC14CD421901CEC7869800AB977918E091.png,bcd465bc14cd421901cec7869800ab977918e091,12666,2021-01-09T05:18:25.219Z,5,15.0,0.375,481,0,9,4.065,355.0,Standard,1116,False,False,False,False,118.333,2.51,435275,0,0,0,8.093370954070763e-12,0.8623307104703922
1126,1409228,1409228,290.1241,0.004292190031697984,,1,36,62,122,False,2022-05-11T15:59:34.000Z,398686,Spin Eternally,,Camellia,A Jhintleman,2002035,2021-11-26T03:02:29.000Z,2021-12-09T13:09:59.000Z,,,True,False,False,-1,11.2,2317,False,https://cdn.scoresaber.com/covers/35B44942D7189DC9F3E43ED3AA63414CC8E0A7E6.png,35b44942d7189dc9f3e43ed3aa63414cc8e0a7e6,,2021-11-25T18:13:15.450433Z,5,20.0,-0.2,2184,457,167,9.771,827.0,Standard,10503,True,False,False,False,223.514,11.2,2002035,10,36,39,1.2452677699753492,0.7038977840047751
2854,255655,255655,140.1049,3.987065365600764e-14,,1,6,15,65,False,2022-05-08T11:38:55.000Z,271856,Fellow Feeling,(Isqa Remix) (Short Ver.),Porter Robinson,FatBeanzoop & TheRealZeroz,413195,2020-06-15T08:31:00.000Z,2020-06-20T01:41:16.000Z,2020-06-16T01:12:16.000Z,,True,False,False,-1,9.97,5557,False,https://cdn.scoresaber.com/covers/06DDBE99BC8AF1EC819CE1A6D5F4760C9EDE6697.png,06ddbe99bc8af1ec819ce1a6d5f4760c9ede6697,b2c0,2020-06-15T08:09:37.963Z,7,23.0,-0.75,457,210,63,9.479,139.808,Standard,11544,False,False,False,False,48.21,9.37,413195,0,0,0,5.586073943409584e-12,0.6187272353247256
1078,1080732,1080732,266.8806,9.486400794770257e-05,,1,38,42,151,False,2022-05-08T11:22:09.000Z,373414,Trance Dance Anarchy,,Akatsuki Records,Yaomin,1532835,2021-08-10T13:28:11.000Z,2021-08-25T01:29:25.000Z,2021-08-12T13:16:27.000Z,,True,False,False,-1,10.29,1918,False,https://cdn.scoresaber.com/covers/32F8CE033B4AA48798A65A5E5B4DA45B6D7A38F7.png,32f8ce033b4aa48798a65a5e5b4da45b6d7a38f7,,2021-08-10T05:23:50.736814Z,5,21.0,-0.336,1674,59,187,7.483,727.0,Standard,44533,True,False,False,False,223.692,10.29,1532835,7,46,12,0.025317363359487633,0.7050543600583233
2124,242104,242104,219.8592,9.449313505646402e-08,,1,0,1,159,False,2022-05-08T11:18:03.000Z,376518,The Guinea Pig Is In Your Mind,,Parry Gripp,Cobayo,266915,2021-08-26T14:49:19.000Z,2021-10-08T20:08:40.000Z,2021-10-02T19:45:54.000Z,,True,False,False,-1,6.2,5946,False,https://cdn.scoresaber.com/covers/5FD6ACA860510E8AFDF3D174598F7624D3AF593D.png,5fd6aca860510e8afdf3d174598f7624d3af593d,,2021-08-26T14:44:18.943716Z,4,20.0,-0.5,298,0,52,7.21,124.0,Standard,1005,False,False,False,False,41.333,5.26,266915,0,0,0,2.0775185079006134e-05,0.9070453140512897
946,421236,421236,219.1566,8.194255691732266e-08,,1,1,0,418,False,2022-05-08T10:31:51.000Z,325268,More One Night,(Assertive Hardcore Bootleg) [Short ver.],"Chito (CV: Minase Inori), Yuuri (CV: Kubo Yurika)",That_Narwhal,457355,2021-01-26T04:05:31.000Z,2021-02-03T19:47:30.000Z,2021-01-26T04:21:23.000Z,,True,False,False,-1,5.94,7057,False,https://cdn.scoresaber.com/covers/E774B798DA2258D2FE017E84B79B9AD3A86162B9.png,e774b798da2258d2fe017e84b79b9ad3a86162b9,132e9,2021-01-26T03:36:52.050Z,6,20.0,-0.25,505,16,29,7.993,179.0,Standard,2352,True,False,False,False,63.176,5.06,457355,0,0,4,1.7958252169306917e-05,0.9210263362158498
607,341988,341988,208.1694,1.708878943781248e-08,,1,0,0,405,True,2022-05-08T10:30:32.000Z,325271,More One Night,(Assertive Hardcore Bootleg) [Short ver.],"Chito (CV: Minase Inori), Yuuri (CV: Kubo Yurika)",That_Narwhal,365355,2021-01-26T04:06:42.000Z,2021-02-03T19:47:28.000Z,2021-01-26T04:21:24.000Z,,True,False,False,-1,5.33,4997,False,https://cdn.scoresaber.com/covers/E774B798DA2258D2FE017E84B79B9AD3A86162B9.png,e774b798da2258d2fe017e84b79b9ad3a86162b9,132e9,2021-01-26T03:36:52.050Z,6,17.0,0.15,405,0,44,6.411,179.0,Standard,2352,True,False,False,False,63.176,4.3,365355,0,0,0,3.5573630439957617e-06,0.9360430266453176
1218,1633911,816956,47.56097,6.479572241953462e-15,NF,0.5,54,119,115,False,2022-05-08T10:25:58.000Z,325207,GLORY: ROAD,(Aoi vs. siqlo's ''Overload'' RMX),uma vs. Morimori Atsushi,abcbadq & Aimedhades16,2531035,2021-01-26T01:41:10.000Z,2021-02-03T19:46:28.000Z,2021-01-26T02:02:30.000Z,,True,False,False,-1,11.52,1678,False,https://cdn.scoresaber.com/covers/AABB370D94A909AECACC7DE4AF92E9A05861820D.png,aabb370d94a909aecacc7de4af92e9a05861820d,132dc,2021-01-26T01:34:48.323Z,3,22.0,0.2,2759,0,269,12.38,1040.0,Standard,10973,False,False,False,False,222.857,11.37,2531035,0,0,0,3.0817474101238134e-13,0.6455505356504355
234,1034696,1034696,218.7112,7.907456742521637e-08,,1,2,3,303,False,2022-05-08T10:21:34.000Z,325216,GLORY: ROAD,(Aoi vs. siqlo's ''Overload'' RMX),uma vs. Morimori Atsushi,abcbadq & Aimedhades16,1131715,2021-01-26T01:52:10.000Z,2021-02-03T19:46:23.000Z,2021-01-26T02:02:34.000Z,,True,False,False,-1,6.05,1060,False,https://cdn.scoresaber.com/covers/AABB370D94A909AECACC7DE4AF92E9A05861820D.png,aabb370d94a909aecacc7de4af92e9a05861820d,132dc,2021-01-26T01:34:48.323Z,3,14.0,0.4,1238,12,95,5.555,1040.0,Standard,10759,False,False,False,False,222.857,4.82,1131715,1,0,4,1.7294493531049982e-05,0.9142725862960197
913,794770,794770,183.3494,2.904693996575667e-11,,1,2,1,493,False,2022-05-07T18:12:00.000Z,369374,cold weather,(GWIZ '180mph on the 405' Remix),glass beach,foxy boi,857555,2021-07-18T20:36:52.000Z,2021-08-01T03:27:52.000Z,2021-07-23T17:10:41.000Z,,True,False,False,-1,4.87,2979,False,https://cdn.scoresaber.com/covers/A043595F41E8B23CE5DB900218C4B13C74149BCA.png,a043595f41e8b23ce5db900218c4b13c74149bca,1a67e,2021-07-18T20:25:38.183Z,6,16.0,0.2,940,178,4,6.119,460.875,Standard,6997,False,False,False,False,153.625,3.49,857555,0,0,8,5.3257390145575065e-09,0.9267860370471864
5435,775882,775882,167.1947,4.827712750941325e-13,,1,1,5,504,False,2022-05-07T18:07:28.000Z,219611,toromi hearts 2,,goreshit,Souk & fraies,874115,2020-04-11T01:50:48.000Z,2020-05-05T16:59:16.000Z,2020-05-01T13:13:36.000Z,,True,False,False,-1,4.94,10991,False,https://cdn.scoresaber.com/covers/3B439C16DFC546EDC6B41A07B0DD33908986A087.png,3b439c16dfc546edc6b41a07b0dd33908986a087,9978,2020-04-11T01:08:22.284Z,4,18.0,0.0,958,0,2,6.475,540.0,Standard,1894,False,False,False,False,147.945,4.75,874115,0,0,0,8.071679850798095e-11,0.8876200499934219
2653,821416,821416,246.7852,3.577785478455146e-06,,1,14,12,240,False,2022-05-03T11:39:54.000Z,380275,Back In Time,,Jordan Jay & Mo Falk,Teuflum,1029595,2021-09-17T12:11:57.000Z,2022-01-04T12:13:21.000Z,,,True,False,False,-1,8.55,6220,False,https://cdn.scoresaber.com/covers/E62893B648F7A704D620CE8AD0EAF0B5D50E0E48.png,e62893b648f7a704d620ce8ad0eaf0b5d50e0e48,,2021-09-17T11:51:36.353223Z,6,19.0,-1.7,1127,71,87,7.15,672.5,Standard,8005,True,False,False,False,157.617,8.55,1029595,0,52,0,0.0008829445048576488,0.7978049621453096
1579,813791,813791,198.6902,2.408316341110445e-09,,1,3,12,370,False,2022-05-03T11:27:54.000Z,407397,Far Away,Mameyudoufu Remix,lapix,Bitz & HypersonicSharkz,928395,2022-01-05T17:07:32.000Z,2022-01-14T21:53:13.000Z,,,True,False,False,-1,6.01,3797,False,https://cdn.scoresaber.com/covers/DAAB1124333389A9974CEDF58550DBDF036F17E0.png,daab1124333389a9974cedf58550dbdf036f17e0,,2022-01-05T16:49:31.547748Z,6,18.0,-0.57,1017,200,198,5.473,480.0,Standard,23287,True,False,False,False,185.806,5.25,928395,0,0,2,4.785088554785026e-07,0.8765568534944717
400,550876,275438,0,1.044808974057644e-21,NF,0.5,98,348,65,False,2022-04-21T16:12:34.000Z,179487,promise,,B.U.S.,DE125,1374595,2019-10-03T21:53:32.000Z,,,,False,False,False,-1,0,1147,False,https://cdn.scoresaber.com/covers/A642A27C542B3F49E7FC92815DDD39AE768FBD52.png,a642a27c542b3f49e7fc92815ddd39ae768fbd52,679d,2019-10-03T19:25:27.609Z,4,22.0,0.3,1502,0,3,7.042,511.875,Standard,0,False,False,False,False,213.281,,1374595,0,15,0,0.0,0.40075513151146336
1802,951116,951116,253.7063,1.159345702953887e-05,,1,0,3,599,False,2022-03-25T19:16:13.000Z,367921,Fantasie-Celeritas,,Kobaryo,ComplexFrequency,1042475,2021-07-11T20:06:57.000Z,2021-07-23T20:46:32.000Z,2021-07-12T20:52:04.000Z,,True,False,False,-1,7.05,6271,False,https://cdn.scoresaber.com/covers/C1FEB4B11B788A108B63C55A59C8E1EC54C2A78D.png,c1feb4b11b788a108b63c55a59c8e1ec54c2a78d,1a2cd,2021-07-11T19:41:48.802Z,7,19.0,-0.625,1141,32,210,6.656,1000.032,Standard,8860,False,False,False,False,171.434,6.94,1042475,0,0,0,0.0029413330871732976,0.9123633660279623
1520,429799,429799,285.4995,0.001640274003548335,,1,1,6,182,False,2022-03-25T19:08:35.000Z,295832,Intro -U.R.U.K.TOO.-,,t+pazolite,scoop__,497835,2020-09-23T13:49:34.000Z,2020-09-29T14:43:37.000Z,2020-09-25T06:27:25.000Z,,True,False,False,-1,8.86,4467,False,https://cdn.scoresaber.com/covers/D4CEDB0FC434789F3A88994CBF20D8389F891FCC.png,d4cedb0fc434789f3a88994cbf20d8389f891fcc,f0cc,2020-09-23T13:35:50.355Z,5,22.0,-0.6,549,10,44,8.144,191.0,Standard,1702,False,False,False,False,67.412,8.47,497835,0,1,1,0.4682974078760479,0.8633362459449416
2248,993304,993304,272.474,0.0002004600753037006,,1,0,14,931,False,2022-03-25T19:04:45.000Z,409343,Metamorphose,,Laur,Jabob,1149195,2022-01-12T04:05:22.000Z,2022-01-27T14:39:38.000Z,,,True,False,False,-1,8.44,7137,False,https://cdn.scoresaber.com/covers/C73978FBD4DA71C765F0538D676A979535012D8A.png,c73978fbd4da71c765f0538d676a979535012d8a,,2022-01-12T02:57:30.938547Z,7,20.5,-1.45,1257,218,324,8.915,752.0,Standard,6913,False,False,False,False,141.0,8.44,1149195,0,0,4,0.05462015855830051,0.8643476520520886
1718,754351,754351,208.4665,1.835087056061905e-08,,1,0,2,318,False,2022-03-25T19:01:57.000Z,409339,Metamorphose,,Laur,Jabob,827195,2022-01-12T03:54:11.000Z,2022-01-27T14:39:36.000Z,,,True,False,False,-1,5.8,5985,False,https://cdn.scoresaber.com/covers/C73978FBD4DA71C765F0538D676A979535012D8A.png,c73978fbd4da71c765f0538d676a979535012d8a,,2022-01-12T02:57:30.938547Z,7,18.5,-0.92,907,211,300,6.433,752.0,Standard,6913,False,False,False,False,141.0,5.52,827195,0,0,5,3.825541757725291e-06,0.911938539280339
3208,723765,723765,208.3266,1.770859009099739e-08,,1,4,2,433,False,2022-03-25T18:59:06.000Z,409160,2 Phut Hon,(KAIZ Remix) (Nightcore Mix),Phao,Fatalution,807875,2022-01-11T19:21:42.000Z,2022-01-12T15:47:44.000Z,,,True,False,False,-1,6.04,14094,False,https://cdn.scoresaber.com/covers/B4512C8922CD4482613B53696CF83AF89395DCA9.png,b4512c8922cd4482613b53696cf83af89395dca9,,2022-01-11T19:17:05.730216Z,6,19.0,-0.5,886,4,148,5.109,440.0,Standard,51523,True,False,False,False,173.41,5.66,807875,0,3,2,3.689170364451177e-06,0.8958873588116973
551,294923,294923,230.39,4.53104599704854e-07,,1,0,0,349,True,2022-03-25T18:50:42.000Z,295899,Intro -U.R.U.K.TOO.-,,t+pazolite,scoop__,313835,2020-09-23T19:48:49.000Z,2020-09-29T14:43:34.000Z,2020-09-25T06:27:27.000Z,,True,False,False,-1,5.82,3016,False,https://cdn.scoresaber.com/covers/D4CEDB0FC434789F3A88994CBF20D8389F891FCC.png,d4cedb0fc434789f3a88994cbf20d8389f891fcc,f0cc,2020-09-23T13:35:50.355Z,5,20.0,-0.5,349,4,45,5.177,191.0,Standard,1702,False,False,False,False,67.412,5.08,313835,0,0,1,0.0001043907687260013,0.93973903484315
748,170618,170618,170.3659,8.238188434934912e-13,,1,0,0,205,True,2022-03-25T18:49:05.000Z,295833,Intro -U.R.U.K.TOO.-,,t+pazolite,scoop__,181355,2020-09-23T13:54:09.000Z,2020-09-29T14:43:31.000Z,2020-09-25T06:27:30.000Z,,True,False,False,-1,4.27,1881,False,https://cdn.scoresaber.com/covers/D4CEDB0FC434789F3A88994CBF20D8389F891FCC.png,d4cedb0fc434789f3a88994cbf20d8389f891fcc,f0cc,2020-09-23T13:35:50.355Z,5,18.0,-0.3,205,3,17,3.041,191.0,Standard,1688,False,False,False,False,67.412,2.25,181355,0,0,0,1.4035063870872779e-10,0.9407956769871247
3308,1091002,1091002,241.5234,1.754529052428647e-06,,1,1,1,542,False,2022-03-23T19:12:03.000Z,348075,Collapse Of Ego,,DJ Myosuke,Helloiamdaan,1191515,2021-04-13T18:11:54.000Z,2021-04-25T18:25:20.000Z,2021-04-13T19:19:24.000Z,,True,False,False,-1,6.65,9009,False,https://cdn.scoresaber.com/covers/28547D0245F0FEF153A5F4C96BB3B4F91A9D0AB8.png,28547d0245f0fef153a5f4c96bb3b4f91a9d0ab8,16a2f,2021-04-13T18:05:31.828Z,6,21.0,-1.0,1303,94,70,9.549,796.0,Standard,5651,False,False,False,False,136.457,6.34,1191515,0,0,10,0.0004237598221413451,0.9156426901885415
3540,1302292,1302292,231.1621,5.042158933555309e-07,,1,1,6,442,False,2022-03-23T18:48:59.000Z,289354,The Fox's Wedding,feat. Hatsune Miku & GUMI,-MASA Works DESIGN-,Rusty,1455555,2020-08-27T02:23:42.000Z,2020-09-01T01:48:25.000Z,2020-08-27T16:54:35.000Z,,True,False,False,-1,6.72,8399,False,https://cdn.scoresaber.com/covers/7D12A13A03B615D7E4895DD4177C4A4A1F84F1F5.png,7d12a13a03b615d7e4895dd4177c4a4a1f84f1f5,de7c,2020-08-27T02:12:24.028Z,4,21.0,0.0,1590,32,79,6.272,1014.0,Standard,3767,False,False,False,False,253.5,6.58,1455555,0,0,9,0.00011655560476144058,0.8947047689712858
1194,1506701,1506701,281.582,0.0007762292110949171,,1,2,7,295,False,2022-03-23T18:38:15.000Z,398694,Spin Eternally,,Camellia,A Jhintleman,1688315,2021-11-26T03:33:46.000Z,2021-12-09T13:09:56.000Z,,,True,False,False,-1,8.23,3369,False,https://cdn.scoresaber.com/covers/35B44942D7189DC9F3E43ED3AA63414CC8E0A7E6.png,35b44942d7189dc9f3e43ed3aa63414cc8e0a7e6,,2021-11-25T18:13:15.450433Z,5,19.0,0.05,1843,425,174,8.321,819.5,Standard,10502,True,False,False,False,221.486,8.23,1688315,3,0,42,0.21857217371852894,0.892428841774195
2260,935273,935273,282.3199,0.0009275843557175655,,1,11,18,188,False,2022-03-23T18:33:46.000Z,397061,Memories of the winter storm,,Schwank,Jabob,1154715,2021-11-20T05:40:26.000Z,2021-12-01T21:55:30.000Z,2021-11-21T22:45:39.000Z,,True,False,False,-1,9.6,4829,False,https://cdn.scoresaber.com/covers/3522D950F43ADE708A1A20E57033177D2FAD578D.png,3522d950f43ade708a1a20e57033177d2fad578d,,2021-11-20T04:32:00.813284Z,5,20.5,-0.3,1263,0,173,6.915,624.0,Standard,4831,False,False,False,False,182.634,9.6,1154715,0,10,0,0.26187552254774754,0.8099600334281619
1627,912354,912354,249.6618,5.48638824027829e-06,,1,4,3,386,False,2022-03-23T18:24:35.000Z,397290,Memories of the winter storm,,Schwank,Jabob,1016715,2021-11-20T21:42:48.000Z,2021-12-01T21:55:27.000Z,2021-11-21T22:45:41.000Z,,True,False,False,-1,7.22,3789,False,https://cdn.scoresaber.com/covers/3522D950F43ADE708A1A20E57033177D2FAD578D.png,3522d950f43ade708a1a20e57033177d2fad578d,,2021-11-20T04:32:00.813284Z,5,18.5,0.0,1113,0,187,6.094,624.0,Standard,4831,False,False,False,False,182.634,7.07,1016715,0,0,0,0.0013697415635667105,0.8973547159233414
483,733422,733422,213.526,4.164170133758065e-08,,1,2,1,467,False,2022-03-23T18:14:22.000Z,397289,Memories of the winter storm,,Schwank,Jabob,796835,2021-11-20T21:40:37.000Z,2021-12-01T21:55:23.000Z,2021-11-21T22:45:43.000Z,,True,False,False,-1,5.8,1309,False,https://cdn.scoresaber.com/covers/3522D950F43ADE708A1A20E57033177D2FAD578D.png,3522d950f43ade708a1a20e57033177d2fad578d,,2021-11-20T04:32:00.813284Z,5,16.5,0.33,874,0,187,4.786,624.0,Standard,4831,False,False,False,False,182.634,4.81,796835,0,0,0,8.891585919808246e-06,0.9204189073020136
434,612674,612674,193.9807,7.701717054756963e-10,,1,0,1,370,False,2022-03-23T18:11:03.000Z,397288,Memories of the winter storm,,Schwank,Jabob,660675,2021-11-20T21:37:50.000Z,2021-12-01T21:55:21.000Z,2021-11-21T22:45:45.000Z,,True,False,False,-1,5.14,924,False,https://cdn.scoresaber.com/covers/3522D950F43ADE708A1A20E57033177D2FAD578D.png,3522d950f43ade708a1a20e57033177d2fad578d,,2021-11-20T04:32:00.813284Z,5,15.0,-1.35,726,0,187,3.975,624.0,Standard,4831,False,False,False,False,182.634,1.96,660675,0,0,0,1.493984465483694e-07,0.9273455178416014
2158,1511274,1511274,279.5086,0.0005632948779374367,,1,16,16,294,False,2022-03-21T19:51:32.000Z,407876,YoiYoi Kokon,,Reol,Joshabi,1785835,2022-01-07T13:01:38.000Z,2022-01-16T21:10:28.000Z,,,True,False,False,-1,8.95,7261,False,https://cdn.scoresaber.com/covers/C21CAA4DBDC45CE369F2C94D8646964D2113080D.png,c21caa4dbdc45ce369f2c94d8646964d2113080d,,2022-01-07T12:53:29.121784Z,4,20.0,-0.75,1949,94,48,7.722,631.0,Standard,6855,False,False,False,False,252.4,8.95,1785835,0,36,15,0.15744576271946384,0.8462562330786438
401,978082,978082,204.9901,1.001430925241158e-08,,1,0,2,477,False,2022-03-21T19:30:00.000Z,398695,Spin Eternally,,Camellia,A Jhintleman,1066395,2021-11-26T03:37:52.000Z,2021-12-09T13:09:52.000Z,,,True,False,False,-1,5.62,2200,False,https://cdn.scoresaber.com/covers/35B44942D7189DC9F3E43ED3AA63414CC8E0A7E6.png,35b44942d7189dc9f3e43ed3aa63414cc8e0a7e6,,2021-11-25T18:13:15.450433Z,5,17.0,0.4,1167,598,309,5.272,819.042,Standard,10502,True,False,False,False,221.363,4.91,1066395,0,0,39,2.0528342550827754e-06,0.9171854706745625
1574,1085574,1085574,252.0854,8.41315280201232e-06,,1,10,8,245,False,2022-03-16T15:42:31.000Z,409400,Lifelight,(Camellia's Hardstyle Bootleg),Hideki Sakamoto,"FatBeanzoop, Umu & Nolanimations",1265115,2022-01-12T07:18:14.000Z,2022-01-16T21:15:51.000Z,,,True,False,False,-1,7.9,3511,False,https://cdn.scoresaber.com/covers/04C76A54C4649B04EE8A47B6C978BF30A6EFABDA.png,04c76a54c4649b04ee8a47b6c978bf30a6efabda,,2022-01-12T07:11:31.502122Z,6,20.0,-1.6,1383,13,91,6.813,1015.0,Standard,16912,False,False,False,False,203.0,7.54,1265115,0,0,6,0.0021208329893563967,0.8580832572532932
2739,731214,731214,251.8615,7.834538218053923e-06,,1,2,2,397,False,2022-03-16T15:12:52.000Z,368480,dnd,,glaive,harbgy,804195,2021-07-14T18:03:34.000Z,2021-07-28T17:02:08.000Z,2021-07-15T00:22:10.000Z,,True,False,False,-1,7.06,7318,False,https://cdn.scoresaber.com/covers/D6B49B0F8483DC0E660B8927B9EA240F2B4AF897.png,d6b49b0f8483dc0e660b8927b9ea240f2b4af897,1a46a,2021-07-14T17:59:55.375Z,3,20.0,-0.84,882,244,6,6.46,352.0,Standard,3740,False,False,False,False,136.537,6.72,804195,0,1,122,0.001973218547406388,0.9092496222931006
1111,477270,477270,166.814,4.495686806495335e-13,,1,0,1,374,False,2022-03-14T14:52:44.000Z,324110,Quon,,DJ Noriken,+1 Rabbit,518075,2021-01-22T15:14:49.000Z,2021-02-03T19:48:01.000Z,2021-01-26T09:59:46.000Z,,True,False,False,-1,4.52,4597,False,https://cdn.scoresaber.com/covers/FF4BB1DF4D36EDDE892DA375FE60EA34FEF8B7A0.png,ff4bb1df4d36edde892da375fe60ea34fef8b7a0,13069,2021-01-22T06:15:44.853Z,6,16.0,0.0,571,100,120,4.786,338.0,Standard,3361,False,False,False,False,119.294,3.17,518075,1,0,1,7.499434989387127e-11,0.9212372725956667
696,99652,99652,175.517,4.24204535600323e-12,,1,0,0,122,True,2022-03-14T14:46:06.000Z,361291,Amogus,(Short ver.) ft. Magma & Denyah_,Fvrwvrd,April Fools,104995,2021-06-09T22:58:49.000Z,2021-06-20T11:16:29.000Z,2021-06-12T12:36:39.000Z,,True,False,False,-1,4.19,2446,False,https://cdn.scoresaber.com/covers/8A40E06E3A4EB6DC56428B0A59B89219029C433D.png,8a40e06e3a4eb6dc56428b0a59b89219029c433d,18fdf,2021-06-09T22:51:51.440Z,4,15.0,-0.9,122,99,90,3.044,167.0,Standard,1709,False,False,False,False,40.08,1.54,104995,0,0,2,7.44551074749619e-10,0.9491118624696414
662,386754,386754,172.2909,1.456782474053577e-12,,1,0,0,459,True,2022-03-14T14:35:45.000Z,321344,VVelcome!!,,MisoilePunch,SieR,415035,2021-01-14T07:52:36.000Z,2021-01-22T05:28:25.000Z,2021-01-14T21:43:48.000Z,,True,False,False,-1,4.49,1832,False,https://cdn.scoresaber.com/covers/C6E1038A84CB5BB25A4FF849E81770DB6106C3D5.png,c6e1038a84cb5bb25a4ff849e81770db6106c3d5,12b53,2021-01-14T07:32:24.088Z,2,14.0,-0.25,459,0,10,3.979,509.5,Standard,4935,False,False,False,False,115.358,2.22,415035,0,0,0,2.509903635589174e-10,0.9318587588998518
70,1908187,1908187,0,2.785135164317812e-25,,1,20,77,215,False,2022-03-11T16:38:46.000Z,236766,Grievous Lady,-nothing is but what is not-,"Team Grimoire , Laur",Rise,2555875,2020-05-08T13:31:43.000Z,,,,False,False,False,-1,0,127,False,https://cdn.scoresaber.com/covers/65DBCD0FCC83EF96666A1AE1F025F7DD9CD03358.png,65dbcd0fcc83ef96666a1ae1f025f7dd9cd03358,a3f6,2020-05-08T13:24:08.381Z,5,24.0,0.0,2786,140,146,8.167,1194.0,Standard,3227,False,False,False,False,341.143,,2555875,1,0,3,0.0,0.7465885459969678
1859,772166,386083,46.55465,5.822751772877652e-15,NF,0.5,20,67,117,False,2022-03-11T16:20:29.000Z,399855,Unpleasant Sonata,,Igorrr,"Complex, Jabob, & Slimy",1207155,2021-11-30T14:04:22.000Z,2021-12-09T12:55:18.000Z,,,True,False,False,-1,11.38,4413,False,https://cdn.scoresaber.com/covers/6423F3A3429D503FA97A1C5282155436D12A9366.png,6423f3a3429d503fa97a1c5282155436d12a9366,,2021-11-30T13:22:32.571570Z,7,21.281,-0.375,1320,583,350,10.098,488.0,Standard,6554,False,False,False,False,130.714,11.38,1207155,1,36,15,2.7107617082319856e-13,0.6396577075851899
147,2451720,1225860,0,9.729522368668291e-22,NF,0.5,146,149,203,False,2022-03-11T16:12:43.000Z,390423,Flamewall,,Camellia,Jabob,3917475,2021-10-29T03:04:51.000Z,,,,False,False,False,-1,0,201,False,https://cdn.scoresaber.com/covers/BF91FAF11D8F7E9CD2952CCB5B545C572544E51F.png,bf91faf11d8f7e9cd2952ccb5b545c572544e51f,,2021-10-29T02:30:20.859612Z,5,21.75,-1.8,4266,306,1063,10.545,2022.773,Standard,18332,False,False,False,False,404.555,,3917475,0,0,9,0.0,0.625841900714108
1029,731036,731036,241.554,1.818164821169582e-06,,1,0,4,341,False,2022-03-11T15:56:20.000Z,347748,EgO,,Kabocha,Soba`s,832715,2021-04-12T07:18:52.000Z,2021-04-25T18:14:49.000Z,2021-04-12T16:33:44.000Z,,True,False,False,-1,7.29,3329,False,https://cdn.scoresaber.com/covers/1C93C87B8FF700AE69D2DD9A742F5C13BD35CC47.png,1c93c87b8ff700ae69d2dd9a742f5c13bd35cc47,1695f,2021-04-12T06:27:41.072Z,3,21.0,0.25,913,26,22,7.98,450.0,Standard,4973,False,False,False,False,114.407,7.11,832715,0,0,3,0.0004391849852127972,0.8778945977915613
1687,872426,872426,255.2314,1.597596633019852e-05,,1,11,23,464,False,2022-03-11T15:41:20.000Z,366927,Farewell,,Xystran,shrado,1119755,2021-07-07T16:55:57.000Z,2021-10-18T10:35:55.000Z,2021-10-03T13:32:12.000Z,,True,False,False,-1,9.05,2686,False,https://cdn.scoresaber.com/covers/76448F1DC2D6E2B18E8A3B69860E535C927B2EA8.png,76448f1dc2d6e2b18e8a3b69860e535c927b2ea8,1a012,2021-07-07T08:13:53.882Z,4,21.0,-0.5,1225,124,15,7.548,568.0,Standard,6155,False,False,False,False,162.286,8.65,1119755,0,0,54,0.004077568252809431,0.7791222186996263
728,717615,717615,245.9486,3.102584013442849e-06,,1,5,4,218,False,2022-03-11T15:38:06.000Z,366919,Farewell,,Xystran,shrado,816155,2021-07-07T15:43:21.000Z,2021-10-18T10:35:52.000Z,2021-10-03T13:32:14.000Z,,True,False,False,-1,7.4,1556,False,https://cdn.scoresaber.com/covers/76448F1DC2D6E2B18E8A3B69860E535C927B2EA8.png,76448f1dc2d6e2b18e8a3b69860e535c927b2ea8,1a012,2021-07-07T08:13:53.882Z,4,19.0,-0.15,895,0,15,5.515,568.0,Standard,6155,False,False,False,False,162.286,6.95,816155,0,0,0,0.0007630761944886498,0.879263130165226
1141,740355,740355,237.1971,1.065474231355415e-06,,1,0,0,593,False,2022-03-11T15:33:13.000Z,399853,Unpleasant Sonata,,Igorrr,"Complex, Jabob, & Slimy",805115,2021-11-30T13:59:14.000Z,2021-12-09T12:55:10.000Z,,,True,False,False,-1,6.46,4401,False,https://cdn.scoresaber.com/covers/6423F3A3429D503FA97A1C5282155436D12A9366.png,6423f3a3429d503fa97a1c5282155436d12a9366,,2021-11-30T13:22:32.571570Z,7,17.0,0.35,883,540,415,6.868,480.0,Standard,6554,False,False,False,False,128.571,6.1,805115,0,0,18,0.00025272739780223354,0.9195642858473634
4461,625324,625324,216.2629,5.156613543534265e-08,,1,8,12,170,False,2022-03-06T17:44:25.000Z,347685,Ringed Genesis,,Edelritter,That_Narwhal,793155,2021-04-12T02:22:01.000Z,2021-04-22T16:19:45.000Z,2021-04-12T18:39:09.000Z,,True,False,False,-1,7.58,8517,False,https://cdn.scoresaber.com/covers/39EA1C7F8ECF7F927E2ACD072378BC08C94F230A.png,39ea1c7f8ecf7f927e2acd072378bc08c94f230a,1694f,2021-04-12T01:36:21.489Z,6,20.0,-0.5,870,61,55,6.834,339.5,Standard,3302,False,False,False,False,127.312,7.58,793155,4,15,4,1.1151841991039964e-05,0.7884007539509932
2846,1644511,1644511,251.8289,7.295717852107263e-06,,1,23,47,164,False,2022-03-06T17:41:30.000Z,347917,Pigstep,(Tanger Remix),Lena Raine,Jaack & Olaf,2151995,2021-04-12T21:38:35.000Z,2021-04-25T18:25:03.000Z,2021-04-13T18:31:16.000Z,,True,False,False,-1,9.1,4262,False,https://cdn.scoresaber.com/covers/F51C6F95749DFB718A21128A4DD918AA65A38E57.png,f51c6f95749dfb718a21128a4dd918aa65a38e57,169ad,2021-04-12T21:16:49.157Z,4,21.0,-0.15,2347,1688,30,9.567,899.5,Standard,16193,False,False,False,False,245.318,9.1,2151995,6,0,55,0.0018372726014065346,0.7641797494882655
1406,695163,347582,44.21592,3.934854908472947e-15,NF,0.5,21,59,241,False,2022-03-06T17:07:06.000Z,372977,Scream Saver VIP,,Subtronics,TheWildDash,975315,2021-08-08T08:15:04.000Z,2021-08-25T01:24:35.000Z,2021-08-08T19:51:37.000Z,,True,False,False,-1,9.7,3116,False,https://cdn.scoresaber.com/covers/A658A08966551FDC4CE1C669A84BC31E3F3EDB49.png,a658a08966551fdc4ce1c669a84bc31e3f3edb49,,2021-08-08T07:23:32.707341Z,4,21.0,-1.6,1068,94,258,8.9,600.0,Standard,5092,False,False,False,False,120.0,9.7,975315,0,0,16,1.7398322984464713e-13,0.7127574168345612
1493,1118371,559186,44.83138,4.378716049654854e-15,NF,0.5,31,69,108,False,2022-03-06T17:04:20.000Z,359156,Bailandorape,,Imil & m1dlet,Emilia,1697515,2021-05-27T16:11:10.000Z,2021-06-26T18:32:52.000Z,2021-06-15T20:51:17.000Z,,True,False,False,-1,10.64,2560,False,https://cdn.scoresaber.com/covers/DD868B8675B3366C37C91305336CD1793E8FC093.png,dd868b8675b3366c37c91305336cd1793e8fc093,18752,2021-05-27T15:57:41.602Z,6,21.0,-1.9,1853,0,19,10.249,904.0,Standard,5516,False,False,False,False,180.8,10.59,1697515,64,0,0,1.9630388313417564e-13,0.6588283461412712
2177,1083558,541779,45.99826,5.232511799008562e-15,NF,0.5,9,46,112,False,2022-03-06T16:48:09.000Z,359936,Proof of a Hero,(Camellia Remix),FalKKonE,That_Narwhal,1425195,2021-06-02T17:01:46.000Z,2021-06-20T11:08:04.000Z,2021-06-08T21:08:37.000Z,,True,False,False,-1,9.46,3403,False,https://cdn.scoresaber.com/covers/60D472D8E938A316E72F831BE444CCF578B4DCEA.png,60d472d8e938a316e72f831be444ccf578b4dcea,18a92,2021-06-02T16:32:47.522Z,4,21.0,-0.7,1557,73,296,9.792,424.0,Standard,5434,False,False,False,False,159.0,9.36,1425195,0,0,7,2.4068643818386356e-13,0.7602875395998442
1255,882712,882712,216.3449,5.343640977755715e-08,,1,0,1,971,False,2022-03-06T16:45:03.000Z,359937,Proof of a Hero,(Camellia Remix),FalKKonE,That_Narwhal,974395,2021-06-02T17:04:53.000Z,2021-06-20T11:08:01.000Z,2021-06-08T21:08:40.000Z,,True,False,False,-1,6.12,4300,False,https://cdn.scoresaber.com/covers/60D472D8E938A316E72F831BE444CCF578B4DCEA.png,60d472d8e938a316e72f831be444ccf578b4dcea,18a92,2021-06-02T16:32:47.522Z,4,18.0,-0.3,1067,113,360,6.711,424.0,Standard,5357,False,False,False,False,159.0,6.12,974395,0,0,14,1.1560694729684624e-05,0.9059077684101416
536,624339,624339,180.6316,1.52964984597431e-11,,1,2,0,339,False,2022-03-06T16:41:57.000Z,359938,Proof of a Hero,(Camellia Remix),FalKKonE,That_Narwhal,691955,2021-06-02T17:07:25.000Z,2021-06-20T11:07:45.000Z,2021-06-08T21:08:42.000Z,,True,False,False,-1,5.16,1427,False,https://cdn.scoresaber.com/covers/60D472D8E938A316E72F831BE444CCF578B4DCEA.png,60d472d8e938a316e72f831be444ccf578b4dcea,18a92,2021-06-02T16:32:47.522Z,4,16.0,-0.05,760,131,429,4.78,424.0,Standard,5357,False,False,False,False,159.0,4.02,691955,0,0,13,2.7630309911809316e-09,0.9022826628899279
2175,498888,498888,206.1243,1.240101174096896e-08,,1,6,8,128,False,2022-03-06T16:37:04.000Z,360551,Heart of Witch,(DEEMO Arr.),ReX (Piano: Ayatsugu_Otowa),Uninstaller,611915,2021-06-05T22:13:04.000Z,2021-06-20T11:10:48.000Z,2021-06-08T21:30:29.000Z,,True,False,False,-1,6.95,4483,False,https://cdn.scoresaber.com/covers/403FE120B764A47A4A129F45A27541F4B00DCE90.png,403fe120b764a47a4a129f45a27541f4b00dce90,18d3e,2021-06-05T22:01:25.781Z,6,17.0,0.0,673,0,8,8.046,237.0,Standard,2701,False,False,False,False,83.647,6.89,611915,0,0,0,2.5561498643990084e-06,0.8152897052695227
1042,370522,370522,176.7606,8.347498585905628e-12,,1,1,2,169,False,2022-03-06T16:35:05.000Z,360552,Heart of Witch,(DEEMO Arr.),ReX (Piano: Ayatsugu_Otowa),Uninstaller,421475,2021-06-05T22:13:20.000Z,2021-06-20T11:10:43.000Z,2021-06-08T21:30:31.000Z,,True,False,False,-1,5.32,2828,False,https://cdn.scoresaber.com/covers/403FE120B764A47A4A129F45A27541F4B00DCE90.png,403fe120b764a47a4a129f45a27541f4b00dce90,18d3e,2021-06-05T22:01:25.781Z,6,15.0,0.5,466,0,6,5.571,237.0,Standard,2701,False,False,False,False,83.647,4.04,421475,0,0,0,1.4755088585438305e-09,0.8791078948929355
1966,671905,671905,221.2954,1.051521890077812e-07,,1,6,5,140,False,2022-03-06T16:33:13.000Z,361093,Ghost Family Living In Graveyard,,RoughSketch,"Jabob, Narwhal & Schwank",778435,2021-06-08T20:22:53.000Z,2021-06-20T11:15:03.000Z,2021-06-09T16:19:39.000Z,,True,False,False,-1,6.87,4826,False,https://cdn.scoresaber.com/covers/FDCF6854379007B211B5B62919F907F8D3A53FFF.png,fdcf6854379007b211b5b62919f907f8d3a53fff,18f4e,2021-06-08T20:12:30.452Z,4,18.0,0.6,854,53,169,6.721,504.0,Standard,6624,False,False,False,False,127.059,6.87,778435,0,0,5,2.3269695727352543e-05,0.8631484966631767
5001,907600,907600,239.4511,1.521492504781654e-06,,1,13,17,175,False,2022-02-25T19:02:06.000Z,369916,Animosity,,Laur,ThySpoon,1135395,2021-07-21T21:29:44.000Z,2021-08-25T01:20:21.000Z,2021-07-31T03:59:46.000Z,,True,False,False,-1,8.28,10682,False,https://cdn.scoresaber.com/covers/E0DED3EDC57A9281E224295BA8BAC61FFA71F966.png,e0ded3edc57a9281e224295ba8bac61ffa71f966,1a7f9,2021-07-21T21:14:18.025Z,5,22.0,-0.5,1242,502,231,8.557,508.0,Standard,5337,False,False,False,False,145.143,8.08,1135395,0,0,59,0.0003643230539117223,0.7993693824616103
2562,1023019,1023019,253.881,1.201394510833043e-05,,1,1,3,504,False,2022-02-25T18:52:07.000Z,373474,Kill Kill Kill Kill Kill,,Laur,Helloiamdaan & cerret,1133555,2021-08-10T20:48:24.000Z,2021-08-25T01:29:55.000Z,2021-08-12T13:18:21.000Z,,True,False,False,-1,7.25,5520,False,https://cdn.scoresaber.com/covers/2F114018ABD0E2FABB43541A6E32BF6EF82DE0C0.png,2f114018abd0e2fabb43541a6e32bf6ef82de0c0,,2021-08-10T20:32:30.561993Z,5,19.0,-1.5,1240,106,305,7.418,780.095,Standard,9108,False,False,False,False,167.163,7.04,1133555,0,0,5,0.003050112398048038,0.9024873076295372
1516,1374599,1374599,266.7022,8.226417047137871e-05,,1,10,13,324,False,2022-02-25T18:48:37.000Z,373308,Kabul,,Soltan,Khenab,1622995,2021-08-09T23:02:20.000Z,2021-08-25T01:28:27.000Z,2021-08-10T11:22:15.000Z,,True,False,False,-1,8.53,3247,False,https://cdn.scoresaber.com/covers/0B777DE2C3FECD1E6C926EA710735B2647609C29.png,0b777de2c3fecd1e6c926ea710735b2647609c29,,2021-08-09T22:51:13.695163Z,4,19.0,-0.7,1772,24,126,8.143,544.0,Standard,1874,False,False,False,False,217.6,8.45,1622995,0,0,4,0.021940035245891738,0.8469520854962584
2696,1657961,1657961,281.3822,0.0007490611887065949,,1,21,26,302,False,2022-02-25T18:42:27.000Z,384545,Spin Eternally,,Camellia,Nolanimations,2057235,2021-10-12T15:41:00.000Z,2021-11-06T05:07:46.000Z,2021-10-19T23:52:22.000Z,,True,False,False,-1,9.63,5789,False,https://cdn.scoresaber.com/covers/C0CB89A82AA9E43113417572397B8F9BD4C2F236.png,c0cb89a82aa9e43113417572397b8f9bd4c2f236,,2021-10-12T08:56:34.781368Z,4,21.0,-0.2,2244,28,50,10.132,819.5,Standard,8915,False,False,False,False,221.486,9.63,2057235,0,0,9,0.21077248521287684,0.8059171655158501
1545,783092,783092,241.4064,1.693120535593644e-06,,1,3,2,414,False,2022-02-25T11:21:04.000Z,362819,SCREW // owo // SCREW,,Camellia,ThySpoon,869515,2021-06-17T22:44:53.000Z,2021-06-26T18:34:28.000Z,2021-06-18T07:04:00.000Z,,True,False,False,-1,6.93,5098,False,https://cdn.scoresaber.com/covers/BA220888BB848D07BDFE3C49A4960E487C63BE82.png,ba220888bb848d07bdfe3c49a4960e487c63be82,19448,2021-06-17T22:25:08.327Z,3,20.0,0.0,953,0,119,8.23,440.0,Standard,4215,False,False,False,False,115.789,6.61,869515,0,0,0,0.0004087301332637335,0.9006078101010333
4152,1232422,1232422,248.7508,4.930244722936289e-06,,1,1,7,845,False,2022-02-25T10:33:29.000Z,297490,Ludicrous Speed,,F-777,Refugee Camp,1402195,2020-09-30T00:37:15.000Z,2020-10-06T06:06:27.000Z,2020-09-30T00:54:38.000Z,,True,False,False,-1,7.49,11304,False,https://cdn.scoresaber.com/covers/6254580C9AB17F367298E7A7B78986FB58D2A1C8.png,6254580c9ab17f367298e7a7b78986fb58d2a1c8,f583,2020-09-30T00:03:40.451Z,3,18.0,-0.45,1532,14,181,8.914,475.5,Standard,15452,False,False,False,False,171.867,7.33,1402195,0,0,0,0.0012264023190261802,0.8789234022372067
1449,720892,720892,187.2667,9.412371210081675e-11,,1,1,1,322,False,2022-02-25T10:30:07.000Z,297492,Ludicrous Speed,,F-777,Refugee Camp,786715,2020-09-30T00:40:05.000Z,2020-10-06T06:06:23.000Z,2020-09-30T00:54:40.000Z,,True,False,False,-1,5.15,7615,False,https://cdn.scoresaber.com/covers/6254580C9AB17F367298E7A7B78986FB58D2A1C8.png,6254580c9ab17f367298e7a7b78986fb58d2a1c8,f583,2020-09-30T00:03:40.451Z,3,16.0,0.2,863,14,183,5.021,475.5,Standard,14652,False,False,False,False,171.867,3.77,786715,0,0,1,1.762623695687002e-08,0.9163318355440025
914,529776,529776,192.1553,4.355365162589559e-10,,1,0,0,625,True,2022-02-25T10:21:00.000Z,348074,Collapse Of Ego,,DJ Myosuke,Helloiamdaan,567755,2021-04-13T18:11:42.000Z,2021-04-25T18:25:18.000Z,2021-04-13T19:19:26.000Z,,True,False,False,-1,4.98,3232,False,https://cdn.scoresaber.com/covers/28547D0245F0FEF153A5F4C96BB3B4F91A9D0AB8.png,28547d0245f0fef153a5f4c96bb3b4f91a9d0ab8,16a2f,2021-04-13T18:05:31.828Z,6,19.0,-0.5,625,28,69,4.58,796.0,Standard,5672,False,False,False,False,136.457,3.73,567755,0,0,11,8.369064994269455e-08,0.933106709760372
2508,579551,579551,186.811,7.600863386400469e-11,,1,0,7,238,False,2022-02-25T10:18:00.000Z,203739,Chocolate Lily,,Kobaryo,xScaramouche,657915,2020-02-14T03:14:02.000Z,2020-04-15T01:16:23.000Z,2020-04-10T21:35:51.000Z,,True,False,False,-1,5.6,6847,False,https://cdn.scoresaber.com/covers/018ACAAD1EC1E13BD9E428A19E41C844AA05B9DA.png,018acaad1ec1e13bd9e428a19e41c844aa05b9da,86af,2020-02-14T03:06:03.390Z,5,21.0,-1.0,723,0,87,5.664,600.0,Standard,8888,False,False,False,False,127.66,4.46,657915,0,0,0,1.419924890076858e-08,0.8808903885760319
442,590409,590409,185.1527,4.615782259662473e-11,,1,1,2,536,False,2022-02-25T10:09:57.000Z,368039,Oyasumi,,Shiggy Jr.,Alice,649635,2021-07-12T07:37:28.000Z,2021-07-23T20:46:13.000Z,2021-07-12T07:43:01.000Z,,True,False,False,-1,5.2,4418,False,https://cdn.scoresaber.com/covers/8B7FC7B898AECE2967690846DA7889048C0880FF.png,8b7fc7b898aece2967690846da7889048c0880ff,1a32a,2021-07-12T07:33:40.363Z,6,18.0,0.15,714,12,249,5.409,440.0,Standard,4005,True,False,False,False,132.0,4.34,649635,0,0,6,8.54624547988608e-09,0.9088318825186451
373,703739,703739,209.3433,2.042089309974207e-08,,1,0,0,828,True,2022-02-25T10:03:09.000Z,347389,Falling,(PSYQUI Remix),INTERSECTION,nolan121405,754515,2021-04-11T04:26:58.000Z,2021-04-22T16:20:22.000Z,2021-04-11T04:48:56.000Z,,True,False,False,-1,5.44,2037,False,https://cdn.scoresaber.com/covers/19AF73336A1C2FE788FF3DF0D93DB6E0BEAA0640.png,19af73336a1c2fe788ff3df0d93db6e0beaa0640,16858,2021-04-10T21:05:24.203Z,6,16.0,-0.25,828,11,46,4.979,388.0,Standard,3290,False,False,False,False,166.286,4.63,754515,0,0,2,4.274977150447234e-06,0.9327037898517591
1026,1001956,1001956,246.4252,3.331723282174393e-06,,1,2,2,931,False,2022-02-25T09:58:29.000Z,235375,The Government Knows,,KNOWER,Ramen Noodle,1105955,2020-05-05T22:54:35.000Z,2020-05-10T23:18:43.000Z,2020-05-06T02:54:00.000Z,,True,False,False,-1,6.97,4830,False,https://cdn.scoresaber.com/covers/237109CFBDF4594DE63BD16C52A18204D85AD778.png,237109cfbdf4594de63bd16c52a18204d85ad778,a2de,2020-05-05T17:50:44.371Z,5,18.0,-0.25,1210,85,158,5.463,539.0,Standard,11076,False,False,False,False,221.507,6.97,1105955,2,3,18,0.0008210205761544811,0.9059645283940124
2080,1046645,1046645,265.0421,6.41064778081649e-05,,1,7,7,261,False,2022-02-24T18:05:16.000Z,379646,Exitium,,Laur,Timbo,1226475,2021-09-13T09:38:48.000Z,2021-09-27T12:59:09.000Z,2021-09-16T18:18:01.000Z,,True,False,False,-1,8.38,5064,False,https://cdn.scoresaber.com/covers/DD07758263F650FBA414A316CD21025F88C666EC.png,dd07758263f650fba414a316cd21025f88c666ec,,2021-09-13T09:22:36.097268Z,7,20.0,0.1,1341,16,423,9.816,592.0,Standard,4583,False,False,False,False,136.615,8.38,1226475,0,0,0,0.016990915501879422,0.8533765466071465
2544,768314,768314,227.2152,2.751571850154734e-07,,1,5,0,310,False,2022-02-24T17:46:11.000Z,347292,Falling,(PSYQUI Remix),INTERSECTION,nolan121405,854795,2021-04-10T21:21:01.000Z,2021-04-22T16:20:24.000Z,2021-04-11T04:48:54.000Z,,True,False,False,-1,6.55,7075,False,https://cdn.scoresaber.com/covers/19AF73336A1C2FE788FF3DF0D93DB6E0BEAA0640.png,19af73336a1c2fe788ff3df0d93db6e0beaa0640,16858,2021-04-10T21:05:24.203Z,6,17.34,-0.62,937,23,53,5.619,389.125,Standard,3379,False,False,False,False,166.768,6.55,854795,0,0,6,6.251989482472779e-05,0.8988283740545979
1430,1681578,840789,43.33928,3.412227481988854e-15,NF,0.5,33,105,151,False,2022-02-23T17:48:56.000Z,408046,Xeroa,"(""preconnaiXance"" Long ver.)",Camellia,Cobayo & ThySpoon,2498835,2022-01-08T00:09:03.000Z,2022-01-21T09:04:49.000Z,,,True,False,False,-1,10.07,3072,False,https://cdn.scoresaber.com/covers/512B0951E2E09F8C090B4CD8B0DF2F16F1C074C3.png,512b0951e2e09f8c090b4cd8b0df2f16f1c074c3,,2022-01-07T22:26:09.473965Z,5,20.5,-1.5,2724,356,597,9.543,1432.0,Standard,12407,False,False,False,False,285.449,10.07,2498835,0,0,21,1.478834822656099e-13,0.6729447922731994
425,862271,862271,0,3.403750858468574e-26,,1,26,39,150,False,2022-02-21T12:43:55.000Z,66815,Cross the Finish line,,,Kobaryo Feat. Nanahira,1329515,2018-09-18T04:32:57.000Z,,,,False,False,False,-1,0,932,False,https://cdn.scoresaber.com/covers/29387EA1A8D47585B9C948102C31F89997252E2B.png,29387ea1a8d47585b9c948102c31f89997252e2b,1249,2018-08-28T19:56:51Z,5,16.5,0.0,1453,0,1,9.838,640.0,Standard,1487,False,False,False,False,147.692,,1329515,121,22,0,0.0,0.6485605653189321
3125,1304681,1304681,260.4513,3.375930959365017e-05,,1,34,65,112,False,2022-02-12T20:21:45.000Z,101208,Happppy song,,SOOOO,Hexagonial,1902675,2019-01-01T05:34:18.000Z,2019-01-30T00:32:20.000Z,,,True,False,False,-1,10.22,7192,False,https://cdn.scoresaber.com/covers/7719B8DE597CB1BFDFD6048E5FC51656DD5219EE.png,7719b8de597cb1bfdfd6048e5fc51656dd5219ee,29d0,2019-01-01T05:08:59Z,6,20.0,0.0,2076,387,267,6.945,1126.0,Standard,10961,False,False,False,False,298.938,9.72,1902675,62,64,4,0.008792656070768658,0.6857088047091595
1,23394,11697,0,9.060374467763129e-22,NF,0.5,63,95,10,False,2022-02-12T20:13:36.000Z,418562,Tutorial,,Beat Saber,megamaz,0,2022-02-12T20:13:36.000Z,,,,False,False,False,-1,0,1,False,https://cdn.scoresaber.com/covers/875C2CEFB05C21265630D8ADEA34ABD2401D428A.png,875c2cefb05c21265630d8adea34abd2401d428a,,2021-12-16T01:10:36.136230Z,1,16.0,0.0,349,20,16,9.482,77.292,Standard,0,False,False,True,False,36.806,,313835,1,0,5,0.0,23394.0
7412,885425,885425,201.1984,4.573217874854785e-09,,1,0,2,480,False,2022-02-03T18:27:27.000Z,277080,Chocolate Lily,,Kobaryo,Rogdude,985435,2020-07-06T16:33:09.000Z,2020-07-09T06:44:12.000Z,2020-07-07T04:42:57.000Z,,True,False,False,-1,5.8,14993,False,https://cdn.scoresaber.com/covers/518FD81AC6FDBFD050AB8FAC7C6AE7D73E16257A.png,518fd81ac6fdbfd050ab8fac7c6ae7d73e16257a,ba40,2020-07-06T16:27:28.733Z,5,20.0,-1.2,1079,167,58,8.341,608.0,Standard,11499,False,False,False,False,129.362,5.32,985435,0,0,2,9.20124119272183e-07,0.898511824727151
2226,886306,886306,279.0105,0.0005245542727072895,,1,1,2,716,False,2022-02-03T18:05:38.000Z,228060,Weeble Wobble VIP,,Eliminate,+1 Rabbit,982675,2020-04-29T19:15:09.000Z,2020-05-04T20:22:36.000Z,,,True,False,False,-1,7.98,7703,False,https://cdn.scoresaber.com/covers/6F6566885D6FBFF5164DC8AD785A9F25DC8DA2DF.png,6f6566885d6fbff5164dc8ad785a9f25dc8da2df,a063,2020-04-29T18:59:32.657Z,6,21.0,-0.3,1076,72,133,7.686,350.0,Standard,3749,False,False,False,False,140.0,7.59,982675,0,0,1,0.14635614990519719,0.9019319714045845
2537,910179,910179,243.9296,2.505459751284558e-06,,1,4,13,222,False,2022-02-03T17:59:16.000Z,361118,Centipede,,Knife Party,SlimyBlob & Bloo,1078355,2021-06-08T22:53:48.000Z,2021-06-20T11:14:45.000Z,2021-06-08T23:08:52.000Z,,True,False,False,-1,7.84,6141,False,https://cdn.scoresaber.com/covers/2F64D68C9690AAEB952A62D9370D1FAEC0DB5D4F.png,2f64d68c9690aaeb952a62d9370d1faec0db5d4f,18f5d,2021-06-08T22:48:01.020Z,4,20.0,-0.8,1180,3072,53,4.902,561.625,Standard,18847,True,False,False,False,240.696,7.6,1078355,1,0,1,0.0006111557949469417,0.8440439372933775
9717,445072,445072,158.841,1.599882674367229e-13,SF,1,0,0,546,True,2022-02-03T14:40:07.000Z,4,Believer,,Imagine Dragons,Rustic,495075,2018-05-09T20:42:49.000Z,,,,True,False,False,-1,4.58,232322,False,https://cdn.scoresaber.com/covers/19F2879D11A91B51A5C090D63471C3E8D9B7AEE3.png,19f2879d11a91b51a5c090d63471c3e8d9b7aee3,b,2018-05-08T18:56:36Z,5,10.0,0.0,546,0,10,2.754,413.0,Standard,551,False,False,False,False,198.24,2.95,495075,130,49,0,2.5412696387916505e-11,0.8989991415442105
1360,442940,442940,164.9491,3.148249780732705e-13,,1,1,0,329,False,2022-02-03T14:35:48.000Z,144491,Rockefeller Street (Nightcore),,Getter Jaani,RinkuSenpai,494155,2019-06-11T16:50:08.000Z,2019-08-10T21:57:06.000Z,,,True,False,False,-1,4.78,26336,False,https://cdn.scoresaber.com/covers/B8C98FFC598703AADB4A3CB921D2830D270B57A5.png,b8c98ffc598703aadb4a3cb921d2830d270b57a5,57c2,2019-07-18T21:40:09.204Z,6,13.0,0.0,545,0,8,3.884,380.0,Standard,2247,False,False,False,False,140.308,3.4,494155,73,61,0,5.1930096790705695e-11,0.8963584300472524
1240,1845532,1845532,196.2909,1.462500150027975e-09,,1,0,4,1022,False,2022-02-03T14:27:42.000Z,371807,Megalovania,(Camellia Remix),Toby Fox,Joshabi & Olaf,2005715,2021-08-01T14:21:46.000Z,2021-08-25T01:20:47.000Z,2021-08-01T21:48:56.000Z,,True,False,False,-1,5.34,10724,False,https://cdn.scoresaber.com/covers/A2EE3D6E6C82B89B10B9395BEBF47CF05F316B10.png,a2ee3d6e6c82b89b10b9395bebf47cf05f316b10,1ad3b,2021-08-01T13:52:25.128Z,4,17.0,-1.7,2188,51,740,6.252,1411.5,Standard,17192,False,False,False,False,349.959,4.32,2005715,0,0,1,2.870754706991262e-07,0.9201367093530237
3059,1000191,1000191,170.032,7.671607025322262e-13,,1,6,13,220,False,2022-02-03T14:20:47.000Z,97551,Routine,,Silent Siren,Hexagonial & Splake & Puds,1205315,2018-12-18T05:53:04.000Z,2018-12-26T17:10:36.000Z,,,True,False,False,-1,5.6,11288,False,https://cdn.scoresaber.com/covers/AEDD974BD0B7BFAF8C9F9950BFD6368C04ADE258.png,aedd974bd0b7bfaf8c9f9950bfd6368c04ade258,2683,2018-12-18T02:37:47Z,6,16.0,0.0,1318,16,0,5.555,695.995,Standard,6218,False,False,False,False,237.271,5.27,1205315,133,104,0,1.3044186857295948e-10,0.8298171017534836
3448,998899,998899,224.5024,1.731553566583425e-07,,1,2,6,398,False,2022-02-01T19:51:04.000Z,326079,Hardware Store,(Sped Up Ver.),Weird Al Yankovic,That_Narwhal,1139075,2021-01-29T01:21:34.000Z,2021-02-07T23:23:21.000Z,2021-01-31T16:20:54.000Z,,True,False,False,-1,6.79,7315,False,https://cdn.scoresaber.com/covers/85F2204FE701F2E88AAF29331009446687A9BCB6.png,85f2204fe701f2e88aaf29331009446687a9bcb6,13377,2021-01-27T03:34:35.698Z,5,19.0,-0.25,1246,0,77,7.003,468.25,Standard,4066,False,False,False,False,177.929,6.79,1139075,0,0,0,3.887379314265387e-05,0.8769387441564427
2081,578604,578604,253.6684,1.118768603350501e-05,,1,0,6,203,False,2022-02-01T19:30:34.000Z,346385,She is my wife,,SUPER STAR -MITSURU-,miitchel & Mystikmol,665275,2021-04-08T00:28:30.000Z,2021-04-18T16:14:01.000Z,2021-04-10T14:48:54.000Z,,True,False,False,-1,7.78,4818,False,https://cdn.scoresaber.com/covers/8F10B2BE69553767C075EBACE4A03EF8C9AB53BD.png,8f10b2be69553767c075ebace4a03ef8c9ab53bd,16683,2021-04-08T00:00:42.533Z,5,20.0,-0.5,731,0,53,6.649,311.5,Standard,814,False,False,False,False,109.941,7.51,665275,0,0,0,0.002837962415821562,0.8697215437225208
19,218110,218110,0,5.309527172361755e-22,,1,4,11,68,False,2022-01-31T18:19:50.000Z,403084,Tutorial,,Beat Saber,megamaz,313835,2021-12-16T01:14:36.000Z,,,,False,False,False,-1,0,128,False,https://cdn.scoresaber.com/covers/875C2CEFB05C21265630D8ADEA34ABD2401D428A.png,875c2cefb05c21265630d8adea34abd2401d428a,,2021-12-16T01:10:36.136230Z,1,16.0,0.0,349,20,16,9.482,77.292,Standard,0,False,False,True,False,36.806,,313835,1,0,5,0.0,0.6949830324852231
3511,826280,826280,269.2008,0.000126148753240874,,1,7,13,195,False,2022-01-31T16:29:13.000Z,276941,IZANA,,t+pazolite vs PLight,That_Narwhal,1024995,2020-07-06T02:33:35.000Z,2020-07-11T20:55:48.000Z,2020-07-06T17:30:43.000Z,,True,False,False,-1,9.21,6843,False,https://cdn.scoresaber.com/covers/FBACAD01FF82C3457FD0E5A1907D5C1C07A20A93.png,fbacad01ff82c3457fd0e5a1907d5c1c07a20a93,ba09,2020-07-06T02:29:19.672Z,7,23.0,-0.1,1122,0,15,9.287,447.0,Standard,3925,False,False,False,False,120.811,8.63,1024995,0,0,0,0.033959345291445876,0.8061307616134713
223,466990,466990,0,7.581981392835948e-22,,1,1,0,373,False,2022-01-31T16:16:37.000Z,408834,The Rumbling (TV Size),,SiM,Joetastic,517155,2022-01-10T13:02:18.000Z,,,,False,False,False,-1,0,2920,False,https://cdn.scoresaber.com/covers/706A55389AEC048E29BA1EAAFEB326B21BEF3CD1.png,706a55389aec048e29ba1eaafeb326b21bef3cd1,,2022-01-10T12:58:39.680567Z,5,18.0,-0.55,570,116,60,6.467,213.0,Standard,4066,False,False,False,False,88.138,,517155,0,2,0,0.0,0.9029981340217149
2967,738324,738324,262.2331,4.034195955434958e-05,,1,7,20,133,False,2022-01-30T18:34:35.000Z,368988,Forever,,Chester Young & STIMX,Teuflum & muffn,931155,2021-07-17T01:55:07.000Z,2021-07-28T17:03:41.000Z,2021-07-17T22:07:18.000Z,,True,False,False,-1,9.14,6050,False,https://cdn.scoresaber.com/covers/5868546DD2A98E6F0BC288A83506EB766113A9EB.png,5868546dd2a98e6f0bc288a83506eb766113a9eb,1a568,2021-07-16T20:41:47.739Z,7,20.0,0.05,1020,0,170,6.471,662.0,Standard,14177,True,False,False,False,157.619,9.14,931155,0,3,0,0.010578997114011708,0.79291202860963
387,1542253,771127,0,8.141943561261724e-22,NF,0.5,31,79,319,False,2022-01-30T18:22:06.000Z,414304,Cube Community Rewind,,e_ku x Schwank x Tanger,Cube Community Team,2113355,2022-01-28T21:41:11.000Z,,,,False,False,False,-1,0,825,False,https://cdn.scoresaber.com/covers/F9C22C2416DDE861AA728165E60C50CD6F454F75.png,f9c22c2416dde861aa728165e60c50cd6f454f75,,2022-01-27T12:40:40.864904Z,6,20.0,-0.6,2305,89,0,9.614,695.265,Standard,30451,True,False,True,False,239.747,,2113355,0,1,30,0.0,0.7297652311135612
2004,467994,467994,280.7289,0.0006731304477624333,,1,0,0,563,True,2022-01-29T17:52:19.000Z,379720,My Album Is Out On Dance Corps So Now I Am Allowed To Do A Dancecore Yay!,,Imil,Emilia,510715,2021-09-13T20:49:43.000Z,2021-09-21T18:55:14.000Z,2021-09-14T06:30:33.000Z,,True,False,False,-1,7.71,5106,False,https://cdn.scoresaber.com/covers/7091E07305AAB0E1E85F4C292C97750D138A9E4B.png,7091e07305aab0e1e85f4c292c97750d138a9e4b,,2021-09-13T20:32:52.982222Z,7,20.0,0.0,563,27,253,5.442,431.063,Standard,2204,False,False,False,False,103.455,7.29,510715,428,0,2,0.18896717015685538,0.9163506065026482
2054,690709,690709,219.7134,9.118587532948777e-08,,1,1,2,496,False,2022-01-29T16:59:08.000Z,224721,MARENOL,,LeaF,Skeelie,764635,2020-04-23T23:57:30.000Z,2020-07-20T16:40:53.000Z,2020-07-16T02:12:24.000Z,,True,False,False,-1,6.26,7024,False,https://cdn.scoresaber.com/covers/F70A76FFA0F9958E10627650B17C253EABC8A895.png,f70a76ffa0f9958e10627650b17c253eabc8a895,9e68,2020-04-23T23:49:14.030Z,6,18.0,-0.25,839,343,10,5.969,328.0,Standard,8722,True,False,False,False,140.571,6.26,764635,1,0,16,2.003475870061788e-05,0.9033185768373145
3487,694862,694862,241.7291,1.952444168884622e-06,,1,4,17,203,False,2022-01-29T16:44:53.000Z,237671,Hold Angel,,you,Rogdude,924715,2020-05-09T23:58:53.000Z,2020-05-21T22:58:22.000Z,2020-05-17T06:47:45.000Z,,True,False,False,-1,8.88,5021,False,https://cdn.scoresaber.com/covers/805220F74ECB8FFFD9930ABCF4AB601E90E5751E.png,805220f74ecb8fffd9930abcf4ab601e90e5751e,a49b,2020-05-09T23:52:18.997Z,7,22.0,-1.25,1013,15,41,8.331,608.0,Standard,6238,False,False,False,False,121.6,8.07,924715,0,0,4,0.00047196257174472766,0.751433684973208
1418,858847,858847,227.3577,2.954787350162135e-07,,1,4,5,329,False,2022-01-29T16:30:17.000Z,322827,RELOADED,(Short Ver.),EGOIST,CoolingCloset,985435,2021-01-18T12:31:46.000Z,2021-01-25T19:22:53.000Z,2021-01-18T18:34:30.000Z,,True,False,False,-1,6.95,4339,False,https://cdn.scoresaber.com/covers/701587CE2D1E502F8352C3CFD0627C1844B0FF0A.png,701587ce2d1e502f8352c3cfd0627c1844b0ff0a,12dc3,2021-01-18T12:18:56.841Z,6,18.0,-0.3,1079,12,46,5.574,558.132,Standard,5522,False,False,False,False,193.572,6.9,985435,0,0,0,6.717936559219576e-05,0.8715409945861472
1994,953217,953217,231.9458,5.814431755715411e-07,,1,2,0,525,False,2022-01-22T15:05:30.000Z,353769,Feast Ov Goreglutton,,Infant Annihilator,Emilia,1040635,2021-05-05T16:55:11.000Z,2021-05-14T12:39:30.000Z,2021-05-06T01:00:43.000Z,,True,False,False,-1,6.38,6540,False,https://cdn.scoresaber.com/covers/435F2461AA0F4347D55944F2FFE39F9A68D6D030.png,435f2461aa0f4347d55944f2ffe39f9a68d6d030,17914,2021-05-05T16:35:40.280Z,6,19.0,-0.6,1139,61,71,8.233,807.0,Standard,6638,False,False,False,False,138.343,6.22,1040635,0,0,7,0.00013486330251248155,0.915995521964954
3383,1275621,1275621,254.7069,1.385403849220653e-05,,1,8,36,204,False,2022-01-22T14:59:20.000Z,363258,Ill,,RoughSketch,ThySpoon & Fvrwvrd,1605515,2021-06-19T20:36:04.000Z,2021-06-29T22:49:34.000Z,2021-06-19T22:37:21.000Z,,True,False,False,-1,8.86,5763,False,https://cdn.scoresaber.com/covers/BDEDCCEC6C2F59A55F9D44DE5A54F490D72EC8F4.png,bdedccec6c2f59a55f9d44de5a54f490d72ec8f4,19566,2021-06-19T19:42:10.292Z,5,22.0,-0.25,1753,89,106,9.956,651.499,Standard,8145,False,False,False,False,176.081,8.73,1605515,0,0,5,0.003528719196830599,0.794524498369682
3457,1418834,1418834,259.2961,2.726198260919493e-05,,1,16,51,294,False,2022-01-22T14:39:50.000Z,369452,Overcome Me!!!!!!!,,t+pazolite,cerret,1846555,2021-07-19T03:05:47.000Z,2021-07-28T17:04:21.000Z,2021-07-19T18:30:27.000Z,,True,False,False,-1,9.32,6085,False,https://cdn.scoresaber.com/covers/8A5F3B89AC33733CBDE7A113D24E7ED4B663033E.png,8a5f3b89ac33733cbde7a113d24e7ed4b663033e,1a6a0,2021-07-19T03:00:25.189Z,5,22.0,-0.2,2015,22,78,10.126,796.0,Standard,7991,False,False,False,False,199.0,9.29,1846555,0,0,2,0.00706892576883207,0.7683681233431986
1282,1187666,1187666,229.1623,4.219423308601527e-07,,1,1,4,689,False,2022-01-22T14:36:10.000Z,369453,Overcome Me!!!!!!!,,t+pazolite,cerret,1308355,2021-07-19T03:08:18.000Z,2021-07-28T17:04:19.000Z,2021-07-19T18:30:28.000Z,,True,False,False,-1,6.45,4396,False,https://cdn.scoresaber.com/covers/8A5F3B89AC33733CBDE7A113D24E7ED4B663033E.png,8a5f3b89ac33733cbde7a113d24e7ed4b663033e,1a6a0,2021-07-19T03:00:25.189Z,5,20.0,0.0,1430,30,97,7.186,796.0,Standard,5288,False,False,False,False,199.0,5.79,1308355,0,0,2,9.669327500727356e-05,0.9077551581948324
1919,1035723,1035723,226.9165,2.47265085879473e-07,,1,7,5,272,False,2022-01-22T14:15:28.000Z,372647,Ghost,,Delta Heavy,Elecast,1165755,2021-08-06T20:10:00.000Z,2021-08-25T01:28:03.000Z,2021-08-09T21:48:23.000Z,,True,False,False,-1,6.69,4653,False,https://cdn.scoresaber.com/covers/FA9DBE68029EF4A38768BCF5B71E4041332766EB.png,fa9dbe68029ef4a38768bcf5b71e4041332766eb,,2021-08-06T17:34:52.203369Z,5,19.0,-0.5,1275,71,136,5.527,669.0,Standard,3352,False,False,False,False,230.69,6.69,1165755,0,0,7,5.6108527859969445e-05,0.888456836985473
539,71141,35571,0,7.856975536617563e-22,NF,0.5,5,24,48,False,2022-01-22T14:02:55.000Z,366668,Shawty's Like a Melody,,Sean Kingston,cerret,167555,2021-07-06T07:33:09.000Z,,,,False,False,False,-1,0,1080,False,https://cdn.scoresaber.com/covers/DAE99BAFE3B8FF88E0EEF9D569620B1C3F6CD409.png,dae99bafe3b8ff88e0eef9d569620b1c3f6cd409,19f67,2021-07-06T07:31:58.329Z,4,18.0,-0.3,190,0,0,12.262,47.0,Standard,0,False,False,False,False,15.495,,167555,1,2,0,0.0,0.4245829727552147
1988,251467,251467,226.762,2.302594295981122e-07,,1,0,0,305,True,2022-01-21T20:05:21.000Z,271860,Fellow Feeling,(Isqa Remix) (Short Ver.),Porter Robinson,FatBeanzoop & TheRealZeroz,273355,2020-06-15T08:37:41.000Z,2020-06-20T01:41:09.000Z,2020-06-16T01:12:13.000Z,,True,False,False,-1,6.17,7504,False,https://cdn.scoresaber.com/covers/06DDBE99BC8AF1EC819CE1A6D5F4760C9EDE6697.png,06ddbe99bc8af1ec819ce1a6d5f4760c9ede6697,b2c0,2020-06-15T08:09:37.963Z,7,19.0,-0.3,305,249,24,6.327,139.808,Standard,11544,False,False,False,False,48.21,5.24,273355,0,0,1,5.2214088774527116e-05,0.9199282983665928
1753,746055,746055,259.309,2.825075918051288e-05,,1,0,5,270,False,2022-01-21T19:56:58.000Z,276943,IZANA,,t+pazolite vs PLight,That_Narwhal,830875,2020-07-06T02:35:49.000Z,2020-07-11T20:55:43.000Z,2020-07-06T17:30:45.000Z,,True,False,False,-1,7.49,7739,False,https://cdn.scoresaber.com/covers/FBACAD01FF82C3457FD0E5A1907D5C1C07A20A93.png,fbacad01ff82c3457fd0e5a1907d5c1c07a20a93,ba09,2020-07-06T02:29:19.672Z,7,22.0,0.0,911,4,23,7.541,447.0,Standard,2935,False,False,False,False,120.811,7.12,830875,0,0,0,0.007325676112339616,0.8979148488039718
2398,693170,693170,194.9728,1.06130873679882e-09,,1,3,1,334,False,2022-01-19T18:58:45.000Z,348157,REANIMATE,,Warak,cerret & Nolanimations,769235,2021-04-13T23:51:30.000Z,2021-04-29T19:03:58.000Z,2021-04-14T21:09:42.000Z,,True,False,False,-1,5.59,8501,False,https://cdn.scoresaber.com/covers/20003569447E4024720FD3FBB32CE5183EC06D31.png,20003569447e4024720fd3fbb32ce5183ec06d31,16a5e,2021-04-13T22:54:47.475Z,4,19.0,-0.4,844,0,14,5.692,430.0,Standard,4052,False,False,False,False,148.276,5.21,769235,0,0,0,2.0692633607812898e-07,0.9011160438617588
1736,1471478,1471478,282.459,0.0009960904783672749,,1,33,30,197,False,2022-01-14T15:06:08.000Z,198671,Twisted Drop Party,,t+pazolite & Getty,Depito & ExUnReal,1854835,2020-01-21T17:30:29.000Z,2020-04-09T18:00:24.000Z,2020-04-05T00:59:22.000Z,,True,False,False,-1,9.84,2844,False,https://cdn.scoresaber.com/covers/9E6DEB75CA74B96497BC5EF0BB5B98EE5C0B7E69.png,9e6deb75ca74b96497bc5ef0bb5b98ee5c0b7e69,8016,2020-01-21T17:17:55.237Z,6,21.0,-0.3,2024,48,1,11.06,610.0,Standard,5037,False,False,False,False,183.0,9.48,1854835,0,0,12,0.2813547204291421,0.7933201605533646
2816,1222148,611074,46.07122,5.618955460826935e-15,NF,0.5,19,49,237,False,2022-01-14T14:59:37.000Z,219623,toromi hearts 2,,goreshit,Souk & fraies,1630355,2020-04-11T03:25:29.000Z,2020-05-05T16:59:18.000Z,2020-05-01T13:13:37.000Z,,True,False,False,-1,9.61,3549,False,https://cdn.scoresaber.com/covers/3B439C16DFC546EDC6B41A07B0DD33908986A087.png,3b439c16dfc546edc6b41a07b0dd33908986a087,9978,2020-04-11T01:08:22.284Z,4,20.0,0.0,1780,0,49,12.032,540.0,Standard,1894,False,False,False,False,147.945,9.33,1630355,0,0,0,2.588721332059591e-13,0.7496207881105649
2848,856459,856459,263.277,4.489263006744788e-05,,1,4,27,251,False,2022-01-14T14:54:08.000Z,220770,QZKago Requiem,,t+pazolite,Schwank,1053515,2020-04-14T21:49:31.000Z,2020-04-19T17:55:56.000Z,2020-04-15T01:10:47.000Z,,True,False,False,-1,8.91,4208,False,https://cdn.scoresaber.com/covers/A3BFE1A6CC95ADBA6F5541338264F40235F1D5F4.png,a3bfe1a6cc95adba6f5541338264f40235f1d5f4,9b09,2020-04-14T21:41:46.978Z,2,22.0,0.35,1153,129,24,8.645,571.25,Standard,1553,False,False,False,False,133.366,8.34,1053515,0,0,5,0.011819196966267475,0.8129537785413592
3294,1122938,1122938,271.542,0.0001738349682271506,,1,19,15,137,False,2022-01-14T14:50:30.000Z,221720,Nanamori,(youth Remix),Kotori,Depito & ExUnReal,1375515,2020-04-17T20:03:48.000Z,2020-04-23T17:17:46.000Z,2020-04-18T23:25:04.000Z,,True,False,False,-1,9.14,5742,False,https://cdn.scoresaber.com/covers/558FD3C73D5F7E5BBBF1616760E099EBCFD75903.png,558fd3c73d5f7e5bbbf1616760e099ebcfd75903,9c17,2020-04-17T19:51:19.939Z,5,19.0,-0.1,1503,0,21,9.35,576.0,Standard,3768,False,False,False,False,160.744,8.69,1375515,0,0,0,0.04720349494233692,0.816376411743965
2299,653778,653778,251.4286,6.793954856828586e-06,,1,15,19,98,False,2022-01-14T14:47:25.000Z,224722,MARENOL,,LeaF,Skeelie,871355,2020-04-24T00:00:05.000Z,2020-07-20T16:40:57.000Z,2020-07-16T02:12:22.000Z,,True,False,False,-1,9.25,3438,False,https://cdn.scoresaber.com/covers/F70A76FFA0F9958E10627650B17C253EABC8A895.png,f70a76ffa0f9958e10627650b17c253eabc8a895,9e68,2020-04-23T23:49:14.030Z,6,20.0,-0.75,955,349,19,6.794,328.0,Standard,8722,True,False,False,False,140.571,8.64,871355,1,1,18,0.0017081945581156116,0.7503003942136098
2370,1171578,1171578,245.2576,2.889203797918317e-06,,1,3,0,908,False,2022-01-14T14:34:56.000Z,368857,Super Nuko World,,yuikonnu & ayaponzu*,riasuh,1265115,2021-07-16T15:18:37.000Z,2021-10-18T10:39:56.000Z,2021-10-04T08:39:56.000Z,,True,False,False,-1,6.53,8143,False,https://cdn.scoresaber.com/covers/D9DFF45703FD03E8F4DE358CFE3EAA069D57AB5B.png,d9dff45703fd03e8f4de358cfe3eaa069d57ab5b,1a53d,2021-07-16T15:09:39.369Z,5,20.0,-0.42,1383,12,38,6.356,689.0,Standard,4598,False,False,False,False,217.579,6.15,1265115,0,0,5,0.0007085991893883314,0.9260644289254336
1029,626012,626012,207.9306,1.591350794422693e-08,,1,1,2,275,False,2022-01-14T13:57:01.000Z,278240,Antithese,,Blacklolita,That_Narwhal,685515,2020-07-11T05:11:05.000Z,2020-07-15T12:48:39.000Z,2020-07-11T07:33:34.000Z,,True,False,False,-1,5.76,5925,False,https://cdn.scoresaber.com/covers/228B9E3EDC52B7F6B35FE8D47DAFA126E6D62D32.png,228b9e3edc52b7f6b35fe8d47dafa126e6d62d32,bd6a,2020-07-11T05:00:52.813Z,6,19.0,-0.1,753,16,10,5.636,383.0,Standard,2335,False,False,False,False,133.605,4.35,685515,0,0,3,3.3089052549478718e-06,0.9131995652903292
968,555331,555331,190.9606,2.740814520482557e-10,,1,0,0,653,True,2022-01-14T09:42:42.000Z,379005,GIMME DA BLOOD,,C-Show,Narwhal & Alice,593515,2021-09-10T03:43:03.000Z,2021-09-19T16:57:12.000Z,2021-09-11T16:28:14.000Z,,True,False,False,-1,4.9,4590,False,https://cdn.scoresaber.com/covers/39C57A98472E376ADA8F8573C5F4FB4AB5AF51D9.png,39c57a98472e376ada8f8573c5f4fb4ab5af51d9,,2021-09-09T21:46:50.332232Z,8,17.0,0.2,653,44,184,5.059,473.276,Standard,14337,True,False,False,False,129.075,4.54,593515,0,0,4,5.233875853200613e-08,0.935664642005678
14,944737,188947,0,7.060530622543655e-22,"NF,NA",0.2,26,4,1004,False,2022-01-09T16:19:22.000Z,403083,Tutorial,,Beat Saber,megamaz,1683715,2021-12-16T01:13:44.000Z,,,,False,False,False,-1,0,147,False,https://cdn.scoresaber.com/covers/875C2CEFB05C21265630D8ADEA34ABD2401D428A.png,875c2cefb05c21265630d8adea34abd2401d428a,,2021-12-16T01:10:36.136230Z,1,22.0,-1.0,1838,5760,0,49.376,78.172,Standard,0,False,False,False,False,37.225,,1683715,1515,8,0,0.0,0.5611026806793311
3339,622795,622795,231.379,5.225035164306019e-07,,1,12,26,138,False,2022-01-09T16:13:18.000Z,196176,For UltraPlayers,,cosMo@BousouP,Mystikmol & Loloppe,923795,2020-01-07T10:27:37.000Z,2020-01-17T21:11:22.000Z,2020-01-13T20:40:13.000Z,,True,False,False,-1,9.17,4544,False,https://cdn.scoresaber.com/covers/F1D22EA0A91AE709E5CF7166D5AA556EF4537F01.png,f1d22ea0a91ae709e5cf7166d5aa556ef4537f01,7ced,2020-01-07T10:21:28.098Z,5,21.0,0.0,1012,0,2,8.726,388.5,Standard,5715,False,False,False,False,115.97,8.53,923795,0,0,0,0.00012089634112819624,0.674170135149032
56,618653,309327,0,6.813412050754628e-22,NF,0.5,40,156,79,False,2022-01-03T17:45:24.000Z,207700,666,,Rough Sketch ,That_One_Narwhal,1355275,2020-02-27T08:17:35.000Z,,,,False,False,False,-1,0,137,False,https://cdn.scoresaber.com/covers/68B2F4968B8299C0BF01A7AC539526C0B7550EFE.png,68b2f4968b8299c0bf01a7ac539526c0b7550efe,8b12,2020-02-27T04:04:00.480Z,3,26.0,0.4,1481,5,47,12.685,324.0,Standard,7189,False,False,False,False,116.407,,1355275,1,0,0,0.0,0.45647783660142777
81,572053,286027,0,6.574942628978215e-22,NF,0.5,27,117,102,False,2022-01-03T17:41:10.000Z,259576,666,,RoughSketch,Soba`s,1198875,2020-06-01T14:59:48.000Z,,,,False,False,False,-1,0,100,False,https://cdn.scoresaber.com/covers/5C8BD339D0FE3AF5C4131DDBE5CAD73CA0118215.png,5c8bd339d0fe3af5c4131ddbe5cad73ca0118215,ad31,2020-06-01T14:51:03.997Z,4,26.0,0.4,1311,8,18,11.229,648.0,Standard,1485,False,False,False,False,116.757,,1198875,0,0,2,0.0,0.4771581691168804
44,1144839,1144839,0,6.122750949670237e-22,,1,17,28,215,False,2022-01-03T16:53:54.000Z,402278,1052,Bach - BWV 1052 (Cover),Ludwig!,Splamy,1563195,2021-12-10T08:19:24.000Z,,,,False,False,False,-1,0,120,False,https://cdn.scoresaber.com/covers/FFF57E84EFB266C80A7E2126B600EB159FCBEDE1.png,fff57e84efb266c80a7e2126b600eb159fcbede1,,2021-12-09T10:33:13.611826Z,4,21.0,0.0,1707,434,50,7.303,448.0,Standard,7333,False,False,False,False,233.739,,1563195,0,0,12,0.0,0.7323712012896664
199,486759,486759,0,5.908454666431779e-22,,1,9,7,147,False,2022-01-03T16:48:29.000Z,278916,ROCK-mode,(Short Ver.),LiSa,CoolingCloset,631235,2020-07-14T00:55:48.000Z,,,,False,False,False,-1,0,309,False,https://cdn.scoresaber.com/covers/FA85A5DADEFF7122B8B70AF5B9D96AD4163C41E3.png,fa85a5dadeff7122b8b70af5b9d96ad4163c41e3,bf25,2020-07-14T00:28:27.778Z,4,20.0,-0.3,694,0,0,6.987,298.0,Standard,0,False,False,False,False,99.333,,631235,0,2,0,0.0,0.7711216900203569
1384,1325293,662647,42.39772,2.959015429963736e-15,NF,0.5,32,113,156,False,2022-01-01T15:59:27.000Z,277877,Pumpin' Junkies,(Kobaryo's FTN-Remix),t+pazolite,checkthepan & Vilawes,2312995,2020-07-09T22:36:29.000Z,2020-07-14T09:54:30.000Z,2020-07-10T06:40:49.000Z,,True,False,False,-1,11.57,2208,False,https://cdn.scoresaber.com/covers/8F4F34521B4FCA8C862DEE92E38AEEEFA66203DE.png,8f4f34521b4fca8c862dee92e38aeeefa66203de,bc7f,2020-07-09T22:30:37.337Z,7,24.0,-1.4,2522,0,4,12.958,1038.0,Standard,17723,False,False,False,False,194.625,11.57,2312995,0,0,0,1.2545550767528209e-13,0.5729770276200338
180,1184365,592183,0,4.944364441082575e-22,NF,0.5,24,150,127,False,2022-01-01T15:47:11.000Z,337792,Toymatic Parade,(Kobaryo's FTN-Remix),DJ Genki,cerret,2020435,2021-03-06T14:11:29.000Z,,,,False,False,False,-1,0,218,False,https://cdn.scoresaber.com/covers/A43B44FCD5127A42C14108533D12333857A67F2E.png,a43b44fcd5127a42c14108533d12333857a67f2e,150ec,2021-03-06T09:06:53.217Z,5,23.0,0.05,2204,0,17,11.856,867.521,Standard,9597,False,False,False,False,185.897,,2020435,0,0,0,0.0,0.5861930722839389
400,239503,119752,0,1.216048964213434e-23,NF,0.5,137,134,31,False,2022-01-01T13:43:09.000Z,172764,Francium,,Nanahira,BEEG kitten,1036035,2019-08-26T01:08:18.000Z,,,,False,False,False,-1,0,682,False,https://cdn.scoresaber.com/covers/BFDBAFF96774F5B58AD58361375CC402F5260C2A.png,bfdbaff96774f5b58ad58361375cc402f5260c2a,5f39,2019-08-26T00:54:09.277Z,5,20.0,0.0,1134,53,46,6.612,514.5,Standard,1323,False,False,False,False,171.5,,1036035,22,47,0,0.0,0.23117269204225727
3003,458198,458198,190.5432,2.552315001836369e-10,,1,8,18,169,False,2022-01-01T13:39:24.000Z,86346,Inferno,,9mm Parabellum Bullet,Hexagonial,692875,2018-11-08T07:08:01.000Z,1970-01-01T00:00:50.000Z,,,True,False,False,-1,7.64,5140,False,https://cdn.scoresaber.com/covers/53C04084A8B33AC931C10D1D942E9D6B86D3ECA0.png,53c04084a8b33ac931c10d1d942e9d6b86d3eca0,1ed4,2018-11-07T23:30:09Z,6,13.0,0.0,761,0,0,8.678,285.0,Standard,2190,False,False,False,False,87.692,7.24,692875,12,14,0,4.863262678579077e-08,0.6612996572253292
48,761347,761347,0,9.911476681883528e-26,,1,17,20,111,False,2021-12-23T11:22:36.000Z,121695,Re: End of a Dream,,uma vs. Morimori Atsushi,Scrappy,1049835,2019-03-02T19:45:30.000Z,,,,False,False,False,-1,0,112,False,https://cdn.scoresaber.com/covers/98DEE77DC0787B20D953263C992082018C3CF450.png,98dee77dc0787b20d953263c992082018c3cf450,3ae5,2019-03-02T19:38:50Z,6,20.0,0.0,1149,22,0,8.243,492.5,Standard,1173,False,False,False,False,139.387,,1049835,6,6,7,0.0,0.7252063419489729
4123,903383,903383,248.4342,4.430476292142274e-06,,1,3,20,279,False,2021-12-20T19:12:12.000Z,228135,FIRST:DREAMS,,uma vs. Morimori Atsushi,muffn & altrewin,1082955,2020-04-29T19:53:06.000Z,2020-05-04T20:24:19.000Z,2020-04-30T15:28:52.000Z,,True,False,False,-1,8.12,7595,False,https://cdn.scoresaber.com/covers/3F97C2436882538C7B482E87A5E97B9F14EDCB69.png,3f97c2436882538c7b482e87a5e97b9f14edcb69,a066,2020-04-29T19:47:10.202Z,6,22.0,-1.33,1185,26,80,10.162,583.063,Standard,6417,False,False,False,False,116.613,7.74,1082955,1,0,10,0.0011006818332573321,0.8341833224833903
2538,380449,380449,208.0493,1.649068180748904e-08,,1,1,4,378,False,2021-12-20T19:00:14.000Z,98976,Monochrome Butterfly,,Aitsuki Nakuru,fraies,433435,2018-12-24T18:58:02.000Z,2019-01-02T23:46:58.000Z,,,True,False,False,-1,6.28,13190,False,https://cdn.scoresaber.com/covers/D60CA1E3B6175D57DAC7463D532989F83C257EFB.png,d60ca1e3b6175d57dac7463d532989f83c257efb,27d8,2018-12-24T18:45:01Z,5,17.0,0.0,479,0,0,5.714,244.5,Standard,481,False,False,False,False,83.829,5.41,433435,12,16,0,3.43087480657083e-06,0.877753296342012
3825,824735,824735,197.998,1.876742659553741e-09,,1,0,5,286,False,2021-12-20T16:54:55.000Z,233766,Tinnitus,(Schwank's PTSD Remix),SP-#,abcbadq & Tootie,904475,2020-05-03T17:44:58.000Z,2020-07-11T21:14:17.000Z,2020-07-07T16:39:09.000Z,,True,False,False,-1,5.51,9471,False,https://cdn.scoresaber.com/covers/A52682E4986B7DBDE1589287A00B8F20F9745000.png,a52682e4986b7dbde1589287a00b8f20f9745000,a203,2020-05-03T17:41:30.354Z,5,20.0,0.2,991,3,44,5.52,622.333,Standard,7398,False,False,False,False,179.519,5.41,904475,0,0,2,3.715912931063216e-07,0.9118383592691893
2219,958365,958365,256.3104,2.050104236837465e-05,,1,31,42,215,False,2021-12-20T16:48:36.000Z,325658,Hardware Store,(Sped Up Ver.),Weird Al Yankovic,That_Narwhal,1407715,2021-01-27T16:20:33.000Z,2021-02-07T23:23:23.000Z,2021-01-31T16:20:52.000Z,,True,False,False,-1,10.1,4088,False,https://cdn.scoresaber.com/covers/85F2204FE701F2E88AAF29331009446687A9BCB6.png,85f2204fe701f2e88aaf29331009446687a9bcb6,13377,2021-01-27T03:34:35.698Z,5,22.0,-0.7,1538,0,77,8.644,468.25,Standard,5029,False,False,False,False,177.929,10.1,1407715,0,0,0,0.005254630369855054,0.6807947631445286
2421,1221145,1221145,243.4276,2.333146756889963e-06,,1,15,26,185,False,2021-12-20T16:40:12.000Z,197990,New World,,FELT,Kival Evan,1542955,2020-01-18T15:53:40.000Z,2020-04-18T23:41:39.000Z,2020-04-14T03:37:59.000Z,,True,False,False,-1,8.5,4287,False,https://cdn.scoresaber.com/covers/B92ABFB912ED12CED131C9B798AE7D69800DF51B.png,b92abfb912ed12ced131c9b798ae7d69800df51b,7f35,2020-01-18T14:33:13.796Z,7,21.0,0.0,1685,64,105,7.135,767.5,Standard,21637,False,False,False,False,236.154,7.48,1542955,11,21,0,0.0005679523154775072,0.791432673020276
280,986408,986408,0,4.771311685644685e-22,,1,1,19,295,False,2021-12-20T16:31:37.000Z,284110,Doktorspiele - Nightcore,maikel6311 remix,Alex C. feat. Yass,Arombolosch,1164835,2020-08-03T13:36:00.000Z,,,,False,False,False,-1,0,1116,False,https://cdn.scoresaber.com/covers/0837293802863F304EC55E80151A81A74F4390EC.png,0837293802863f304ec55e80151a81a74f4390ec,cdc3,2020-08-03T13:15:33.328Z,5,20.0,-0.2,1274,66,22,7.188,509.0,Standard,2854,False,False,False,False,177.558,,1164835,0,0,4,0.0,0.8468220820974645
1019,793389,793389,262.7299,4.180513943455915e-05,,1,1,8,388,False,2021-12-17T16:42:48.000Z,344080,REANIMATE,,Warak,epicmoo34 & TheWildDash,906315,2021-03-31T01:52:57.000Z,2021-04-08T13:53:09.000Z,2021-03-31T23:28:29.000Z,,True,False,False,-1,7.97,2583,False,https://cdn.scoresaber.com/covers/247E7CD970F32FAFD9A14DE4904EE20EF19EA745.png,247e7cd970f32fafd9a14de4904ee20ef19ea745,16155,2021-03-31T01:15:13.881Z,5,20.0,-0.5,993,12,123,6.697,430.0,Standard,4554,False,False,False,False,148.276,7.76,906315,0,0,1,0.010983460103127781,0.8754009367603979
6256,727159,727159,221.4954,1.129181336495274e-07,,1,5,5,301,False,2021-12-17T16:35:47.000Z,70185,Avalanche,,Memme,Zorowo,874115,2018-09-09T23:15:17.000Z,,,,True,False,False,-1,7.27,18650,False,https://cdn.scoresaber.com/covers/3DEDF5840D5438920D9105315D44FD35625F5BCD.png,3dedf5840d5438920d9105315d44fd35625f5bcd,1460,2018-09-09T19:31:54Z,6,15.0,0.0,958,0,12,8.391,333.0,Standard,1032,False,False,False,False,114.171,6.2,874115,47,13,0,2.501084717995553e-05,0.8318802445902427
141,2206,1103,0,4.604315776647121e-22,NF,0.5,1,4,8,False,2021-12-16T21:16:08.000Z,330718,CSGO Flashbang,,The Church of Gaben,J1K,7475,2021-02-12T23:57:41.000Z,,,,False,False,False,-1,0,510,False,https://cdn.scoresaber.com/covers/9B5EA84DDF2875893F2B4F7D652124CCED9E6F41.png,9b5ea84ddf2875893f2b4f7d652124cced9e6f41,13f94,2021-02-12T23:16:56.022Z,,20.0,0.0,16,212,0,1.368,81.875,Lawless,20,True,False,True,False,11.696,,7475,0,0,2,0.0,0.2951170568561873
2345,895528,895528,246.7044,3.452562986709216e-06,,1,1,4,469,False,2021-12-15T11:00:01.000Z,369371,cold weather,(GWIZ '180mph on the 405' Remix),glass beach,foxy boi,1008435,2021-07-18T20:34:03.000Z,2021-08-01T03:27:56.000Z,2021-07-23T17:10:39.000Z,,True,False,False,-1,7.28,6568,False,https://cdn.scoresaber.com/covers/A043595F41E8B23CE5DB900218C4B13C74149BCA.png,a043595f41e8b23ce5db900218c4b13c74149bca,1a67e,2021-07-18T20:25:38.183Z,6,18.0,-0.2,1104,184,6,7.186,460.875,Standard,6997,False,False,False,False,153.625,7.09,1008435,0,16,7,0.0008517624800983051,0.8880374044931006
278,451769,451769,176.2417,6.740936471107285e-12,,1,0,0,530,True,2021-12-15T10:41:37.000Z,368037,Oyasumi,,Shiggy Jr.,Alice,480355,2021-07-12T07:37:19.000Z,2021-07-23T20:46:11.000Z,2021-07-12T07:42:58.000Z,,True,False,False,-1,4.43,3409,False,https://cdn.scoresaber.com/covers/8B7FC7B898AECE2967690846DA7889048C0880FF.png,8b7fc7b898aece2967690846da7889048c0880ff,1a32a,2021-07-12T07:33:40.363Z,6,16.0,0.45,530,9,517,4.015,440.0,Standard,4005,True,False,False,False,132.0,3.14,480355,0,0,4,1.188034103259949e-09,0.9404898460513579
1046,858280,858280,253.3528,1.04182529265507e-05,,1,0,7,334,False,2021-12-12T19:55:12.000Z,292813,La Lune ,(the sky remix),Madeon,MaNaB,970715,2020-09-11T13:07:52.000Z,2020-09-18T18:48:45.000Z,2020-09-14T14:39:58.000Z,,True,False,False,-1,7.54,4658,False,https://cdn.scoresaber.com/covers/E5C179CD6D5D1D8206093AFC100A63F2C22D6CC2.png,e5c179cd6d5d1d8206093afc100a63f2c22d6cc2,e829,2020-09-11T06:20:01.577Z,7,21.0,-0.35,1063,12,33,6.857,478.0,Standard,5887,False,False,False,False,155.027,6.55,970715,0,0,0,0.002639493550049814,0.8841730064952122
642,1717511,858756,0,2.924445928609993e-24,NF,0.5,788,469,129,False,2021-12-12T19:26:39.000Z,119070,Scattered Faith,,Kurokotei,"BananenTropfen, Puds, Loloppe",5161315,2019-02-22T05:26:22.000Z,,2021-04-01T01:16:33.000Z,,False,False,False,-1,0,2958,False,https://cdn.scoresaber.com/covers/38D4A4487B42D83A54FBF57D58D5C1E24A1EADC8.png,38d4a4487b42d83a54fbf57d58d5c1e24a1eadc8,386f,2019-02-22T04:48:07Z,2,25.0,1.0,5618,40,22,11.346,2475.69,Standard,21863,False,False,False,False,495.138,,5161315,595,85,10,0.0,0.3327661652117726
3818,1295539,1295539,232.9534,7.200180726626328e-07,,1,13,11,252,False,2021-12-12T19:06:16.000Z,97518,Routine,,Silent Siren,Hexagonial & Splake & Puds,1538355,2018-12-18T04:14:51.000Z,2018-12-27T10:12:54.000Z,,,True,False,False,-1,7.51,14836,False,https://cdn.scoresaber.com/covers/AEDD974BD0B7BFAF8C9F9950BFD6368C04ADE258.png,aedd974bd0b7bfaf8c9f9950bfd6368c04ade258,2683,2018-12-18T02:37:47Z,6,17.0,0.0,1680,0,0,7.08,696.0,Standard,6218,False,False,False,False,237.273,6.34,1538355,28,27,0,0.00016773065808820735,0.842158669487862
2357,508937,508937,201.375,4.739085880678534e-09,,1,0,2,416,False,2021-12-12T18:58:43.000Z,237670,Hold Angel,,you,Rogdude,559475,2020-05-09T23:56:54.000Z,2020-05-21T22:58:17.000Z,2020-05-17T06:47:44.000Z,,True,False,False,-1,5.64,6558,False,https://cdn.scoresaber.com/covers/805220F74ECB8FFFD9930ABCF4AB601E90E5751E.png,805220f74ecb8fffd9930abcf4ab601e90e5751e,a49b,2020-05-09T23:52:18.997Z,7,16.0,0.0,616,9,41,5.07,607.5,Standard,6238,False,False,False,False,121.5,4.01,559475,0,0,0,9.543334192216396e-07,0.909668886009205
1189,1618642,809321,48.50602,7.74300909766056e-15,NF,0.5,35,88,134,False,2021-12-09T16:00:42.000Z,321128,Apocalypse Simulator,,Kobaryo,xScaramouche & Scrappy,2437195,2021-01-13T17:50:47.000Z,2021-01-22T05:21:28.000Z,2021-01-13T21:36:01.000Z,,True,False,False,-1,11.42,1820,False,https://cdn.scoresaber.com/covers/620CBED0B317879355E561B5C06FF356686C1706.png,620cbed0b317879355e561b5c06ff356686c1706,12ad9,2021-01-13T17:14:49.352Z,7,23.0,0.0,2657,31,36,11.816,832.0,Standard,11806,False,False,False,False,224.865,11.42,2437195,34,3,6,3.7558255415130507e-13,0.6641413592264879
2407,440200,440200,280.4936,0.0006495708820907482,,1,3,2,175,False,2021-12-08T16:07:38.000Z,325267,More One Night,(Assertive Hardcore Bootleg) [Short ver.],"Chito (CV: Minase Inori), Yuuri (CV: Kubo Yurika)",That_Narwhal,518075,2021-01-26T04:04:26.000Z,2021-02-03T19:47:32.000Z,2021-01-26T04:21:21.000Z,,True,False,False,-1,8.93,8016,False,https://cdn.scoresaber.com/covers/E774B798DA2258D2FE017E84B79B9AD3A86162B9.png,e774b798da2258d2fe017e84b79b9ad3a86162b9,132e9,2021-01-26T03:36:52.050Z,6,22.0,-0.55,571,0,31,9.038,179.0,Standard,2352,True,False,False,False,63.176,8.66,518075,0,0,0,0.18220047517280952,0.8496839260724799
2826,650665,650665,226.8984,2.386108078736915e-07,,1,3,2,220,False,2021-12-01T20:20:59.000Z,318376,Radiclaw,,Azazal & Paper Skies,CyanSnow,735195,2021-01-05T01:35:11.000Z,2021-01-22T05:04:03.000Z,2021-01-05T17:34:13.000Z,,True,False,False,-1,6.74,8656,False,https://cdn.scoresaber.com/covers/11685B6D771D12B7733481DD28444AA007DEFCFA.png,11685b6d771d12b7733481dd28444aa007defcfa,1245e,2021-01-05T01:18:27.637Z,6,18.0,0.0,807,136,444,4.904,288.0,Standard,6761,False,False,False,False,164.571,6.74,735195,2,8,64,5.414041052924801e-05,0.8850237011949211
1043,1641151,1641151,281.9386,0.0008335571006952316,,1,4,11,425,False,2021-12-01T20:12:27.000Z,394359,SLIME INCIDENT,,Camellia,Foxy Boi,1869555,2021-11-10T22:22:32.000Z,2021-11-20T15:45:26.000Z,2021-11-11T04:46:54.000Z,,True,False,False,-1,8.51,1956,False,https://cdn.scoresaber.com/covers/D13D74987C4095E5064B91D2963A96D06561962B.png,d13d74987c4095e5064b91d2963a96d06561962b,,2021-11-10T22:08:10.523958Z,6,18.0,-0.4,2040,129,318,7.351,740.0,Standard,11330,False,False,False,False,277.5,8.48,1869555,0,30,27,0.23501192199007265,0.8778297509300341
2487,703792,703792,232.0635,6.025317881570373e-07,,1,0,1,825,False,2021-12-01T20:07:22.000Z,392120,Feel Alive,,Linko,Timbo,774755,2021-11-03T14:57:24.000Z,2021-11-27T18:58:28.000Z,2021-11-19T08:19:18.000Z,,True,False,False,-1,6.52,9176,False,https://cdn.scoresaber.com/covers/76FB15ADEFB00B8FAC21F5631FEC3F58C47C5D54.png,76fb15adefb00b8fac21f5631fec3f58c47c5d54,,2021-11-03T14:38:31.782536Z,6,19.0,-1.4,850,0,122,5.442,781.0,Standard,4890,False,False,False,False,156.2,6.52,774755,0,0,0,0.00013982563562098062,0.9084058831501571
3210,910908,910908,207.4393,1.535653516617898e-08,,1,1,3,412,False,2021-12-01T20:04:26.000Z,288955,Jellyfish,(feat. Roller Girl),Yunomi,ItsVasili,998315,2020-08-24T23:21:30.000Z,2020-10-16T15:28:26.000Z,2020-10-08T16:18:26.000Z,,True,False,False,-1,5.76,10422,False,https://cdn.scoresaber.com/covers/968B1ED73705D32A15C59CA95F048A9D5DFBA8FB.png,968b1ed73705d32a15c59ca95f048a9d5dfba8fb,dd5e,2020-08-24T23:13:24.241Z,4,20.0,-0.5,1093,11,3,4.784,609.25,Standard,4189,False,False,False,False,228.469,5.67,998315,0,0,0,3.1855489052975513e-06,0.9124454706179913
1910,675895,675895,189.4991,1.787340953841083e-10,,1,0,0,788,True,2021-12-01T19:53:29.000Z,192645,tinnitus,,SP-#,Souk & Oddloop,717715,2019-12-23T07:14:33.000Z,2020-01-21T21:53:02.000Z,2020-01-17T19:41:35.000Z,,True,False,False,-1,4.73,8349,False,https://cdn.scoresaber.com/covers/9F783CE7F810062852795F4CBDF8335245FD044A.png,9f783ce7f810062852795f4cbdf8335245fd044a,78ca,2019-12-23T06:34:46.442Z,3,17.0,0.0,788,0,4,4.758,574.125,Standard,12364,False,False,False,False,165.613,3.43,717715,0,0,0,3.3869950214602675e-08,0.9417317458879918
1359,1288899,1288899,250.7509,5.891581776990834e-06,,1,3,5,465,False,2021-12-01T19:48:44.000Z,384485,Spin Eternally,,Camellia,Nolanimations,1447275,2021-10-12T09:21:35.000Z,2021-11-06T05:07:44.000Z,2021-10-19T23:52:24.000Z,,True,False,False,-1,7.36,4947,False,https://cdn.scoresaber.com/covers/C0CB89A82AA9E43113417572397B8F9BD4C2F236.png,c0cb89a82aa9e43113417572397b8f9bd4c2f236,,2021-10-12T08:56:34.781368Z,4,18.0,0.2,1581,4,45,7.142,819.0,Standard,8868,False,False,False,False,221.351,6.8,1447275,0,0,1,0.001477319433004051,0.8905695185780174
5303,1422483,1422483,114.4184,2.99827775394778e-14,,1,9,23,646,False,2021-11-29T14:30:49.000Z,86492,Overkill,,RIOT,Kry,1787675,2018-11-08T18:58:31.000Z,1970-01-01T00:00:47.000Z,,,True,False,False,-1,4.93,20266,True,https://cdn.scoresaber.com/covers/27FCBAB3FB731B16EABA14A5D039EEFFD7BD44C9.png,27fcbab3fb731b16eaba14a5d039eeffd7bd44c9,1ef6,2018-11-08T17:03:21Z,6,17.0,0.0,1951,0,107,6.59,858.5,Standard,5357,False,False,False,False,296.034,4.93,1787675,73,35,0,3.4305814336229872e-12,0.7957167829722964
2154,17814,17814,111.4165,2.893338032559607e-14,,1,0,0,28,True,2021-11-29T14:21:21.000Z,396209,Sleeping With Roses,,Chelsea Cutler,FatBeanzoop & VeryMerryChicken,18515,2021-11-17T06:55:11.000Z,2021-11-27T18:58:43.000Z,2021-11-19T08:19:34.000Z,,True,False,False,-1,2.37,5271,False,https://cdn.scoresaber.com/covers/82E257B8DF9C3C730820A8431751697F5507DC68.png,82e257b8df9c3c730820a8431751697f5507dc68,,2021-11-17T05:50:06.917224Z,5,9.0,-2.5,28,1,26,0.427,135.5,Standard,2252,False,False,False,False,65.533,0.82,18515,10,0,2,3.2236559690467748e-12,0.9621388063732109
4133,363158,363158,188.2937,1.297039572894125e-10,,1,1,0,308,False,2021-11-29T14:19:17.000Z,137896,Deja Vu (Short Ver.),,Dave Rodgers,Redmagi,403075,2019-05-05T19:57:31.000Z,2019-06-02T05:03:56.000Z,,,True,False,False,-1,5.4,58700,False,https://cdn.scoresaber.com/covers/C9C15D3F3109A8F732B41B299CE84556BEBF73AC.png,c9c15d3f3109a8f732b41b299ce84556bebf73ac,4adb,2019-05-05T18:37:01Z,8,18.0,0.0,446,32,0,4.353,263.0,Standard,1439,False,False,False,False,102.468,3.88,403075,19,56,0,2.4422438022665453e-08,0.9009688023320722
140,1488495,744248,0,7.826258520789365e-25,NF,0.5,324,293,172,False,2021-11-28T18:25:02.000Z,65121,Megalomania,,,UNDEAD CORPORATION,3834675,2018-08-22T23:34:49.000Z,,,,False,False,False,-1,0,281,False,https://cdn.scoresaber.com/covers/BB372E18E52426C1A635B128049C2354EACC86E3.png,bb372e18e52426c1a635b128049c2354eacc86e3,116f,2018-08-23T17:46:34Z,4,15.5,0.0,4162,14,1,15.556,1204.0,Standard,0,False,False,False,False,267.556,,3821795,326,12,2,0.0,0.38816718496352365
4407,319629,319629,0,6.403872879550127e-24,,1,1,4,92,False,2021-11-28T18:19:00.000Z,320736,Mope Mope,,LeaF,waika,386515,2021-01-12T07:16:45.000Z,,,,False,False,False,-1,0,53149,False,https://cdn.scoresaber.com/covers/6C9D463C1CF556246CF60BFAEF75FC4F8EA3053F.png,6c9d463c1cf556246cf60bfaef75fc4f8ea3053f,129bf,2021-01-12T07:11:32.915Z,5,16.0,2.0,428,495,0,4.019,355.0,Standard,5812,True,False,True,False,106.5,,386515,0,0,0,0.0,0.8269510885735353
480,60714,60714,0,4.287653959108215e-22,,1,0,4,44,False,2021-11-28T18:16:24.000Z,133819,Darude - Sandstorm (RENGE FLUTE REMIX),,MrBakaOppai,thelitlewiseowl,85675,2019-04-17T19:05:23.000Z,,,,False,False,False,-1,0,1692,False,https://cdn.scoresaber.com/covers/F6626C3DBCCA9F9384A8A208CB141679A79B66B8.png,f6626c3dbcca9f9384a8a208cb141679a79b66b8,469f,2019-04-17T17:49:10Z,4,18.0,0.0,101,3,1,7.341,31.188,Standard,227,False,False,False,False,13.759,,85675,3,8,2,0.0,0.7086548001167202
2399,1110619,1110619,248.0089,4.125770285150188e-06,,1,18,29,150,False,2021-11-28T18:04:11.000Z,192896,tinnitus,,SP-#,Souk & Oddloop,1500635,2019-12-24T10:11:28.000Z,2020-01-21T21:53:03.000Z,2020-01-17T19:41:36.000Z,,True,False,False,-1,9.22,3326,False,https://cdn.scoresaber.com/covers/9F783CE7F810062852795F4CBDF8335245FD044A.png,9f783ce7f810062852795f4cbdf8335245fd044a,78ca,2019-12-23T06:34:46.442Z,3,20.0,0.0,1639,0,39,9.897,574.125,Standard,12364,False,False,False,False,165.613,8.3,1500635,0,0,0,0.0010232277500727845,0.7400993579384727
606,994542,994542,0,1.775930568726176e-24,,1,8,49,123,False,2021-11-28T17:47:09.000Z,304392,YURUSHITE,,t+pazolite,cerret,1382875,2020-11-04T04:23:41.000Z,,,,False,False,False,-1,0,786,False,https://cdn.scoresaber.com/covers/E84805C9D720D8BE7CF679134CDAF850AC7C916E.png,e84805c9d720d8be7cf679134cdaf850ac7c916e,10964,2020-11-04T04:13:45.961Z,4,23.0,0.0,1511,0,33,11.038,616.0,Standard,5643,False,False,False,False,136.889,,1382875,0,1,0,0.0,0.7191843080538732
359,850041,850041,0,2.424692902890395e-22,,1,12,14,188,False,2021-11-28T14:48:42.000Z,386032,Schadenfreude,,S3RL,HypersonicSharkz,1086635,2021-10-16T07:48:17.000Z,,,,False,False,False,-1,0,825,False,https://cdn.scoresaber.com/covers/090F31BEF123BAC6BE4A02F9731FFA52F62B9906.png,090f31bef123bac6be4a02f9731ffa52f62b9906,,2021-10-16T07:28:50.972726Z,6,19.0,-0.4,1189,47,81,7.232,479.5,Standard,65140,True,False,False,False,164.4,,1086635,0,0,2,0.0,0.7822691152042774
2134,964637,964637,225.2638,2.069185205210395e-07,,1,3,9,271,False,2021-11-17T15:53:14.000Z,334818,FLOWER,(TAK Remix),BADA,Alice,1093995,2021-02-25T08:50:13.000Z,2021-03-05T14:18:40.000Z,2021-02-25T18:02:17.000Z,,True,False,False,-1,6.74,5842,False,https://cdn.scoresaber.com/covers/B736B0AA8465561A42C46672FE39AC95F8E413E3.png,b736b0aa8465561a42c46672fe39ac95f8e413e3,14972,2021-02-25T08:44:34.156Z,7,20.0,0.1,1197,18,93,6.412,392.0,Standard,53170,True,False,False,False,186.667,6.7,1093995,0,0,0,4.661125222294733e-05,0.8817563151568334
1604,921722,921722,254.7867,1.435651657223475e-05,,1,10,31,153,False,2021-11-17T15:46:22.000Z,221343,Sad Spring,,Draw The Emotional & Foreground Eclipse,Scrappy,1232915,2020-04-16T19:15:31.000Z,2020-04-23T17:14:19.000Z,2020-04-18T23:24:48.000Z,,True,False,False,-1,9.4,2351,False,https://cdn.scoresaber.com/covers/83799EA6C53ACB1EF0ADF4E79DA70AD789176896.png,83799ea6c53acb1ef0adf4e79da70ad789176896,9bab,2020-04-16T18:45:31.850Z,9,22.0,-0.25,1348,0,3,7.108,581.543,Standard,1488,False,False,False,False,189.634,9.25,1232915,0,0,0,0.0036578494809350035,0.7475957385545637
754,855706,855706,236.6375,9.574693726556584e-07,,1,1,5,629,False,2021-11-17T15:42:24.000Z,221342,Sad Spring,,Draw The Emotional & Foreground Eclipse,Scrappy,967035,2020-04-16T19:11:47.000Z,2020-04-23T17:14:19.000Z,2020-04-18T23:24:47.000Z,,True,False,False,-1,7.03,2113,False,https://cdn.scoresaber.com/covers/83799EA6C53ACB1EF0ADF4E79DA70AD789176896.png,83799ea6c53acb1ef0adf4e79da70ad789176896,9bab,2020-04-16T18:45:31.850Z,9,20.0,0.0,1059,0,3,5.584,581.543,Standard,1446,False,False,False,False,189.634,5.71,967035,0,0,0,0.00022657315867180333,0.8848759352039999
204,1357151,678576,0,4.137586070539427e-22,NF,0.5,31,56,142,False,2021-11-15T19:28:13.000Z,345217,Dragoon,(Sword of the valiant Ver.),Massive New Krew,abcbadq,1903595,2021-04-03T18:57:36.000Z,,,,False,False,False,-1,0,280,False,https://cdn.scoresaber.com/covers/EDD5C74C42056BC116CE98296FCCEBDCBBF3D7DF.png,edd5c74c42056bc116ce98296fccebdcbbf3d7df,163e1,2021-04-03T14:11:28.269Z,5,20.0,-0.25,2077,2,186,9.092,761.5,Standard,8557,False,False,False,False,228.45,,1903595,0,12,1,0.0,0.7129410405049393
2460,967954,967954,265.874,7.133784340078528e-05,,1,9,14,223,False,2021-11-15T19:13:41.000Z,322828,RELOADED,(Short Ver.),EGOIST,CoolingCloset,1197035,2021-01-18T12:35:09.000Z,2021-01-25T19:22:55.000Z,2021-01-18T18:34:28.000Z,,True,False,False,-1,9.06,4629,False,https://cdn.scoresaber.com/covers/701587CE2D1E502F8352C3CFD0627C1844B0FF0A.png,701587ce2d1e502f8352c3cfd0627c1844b0ff0a,12dc3,2021-01-18T12:18:56.841Z,6,20.0,-0.5,1309,12,46,6.762,558.132,Standard,5522,False,False,False,False,193.572,9.06,1197035,0,0,1,0.018966877776340388,0.8086263141846312
2398,788160,394080,42.65226,3.066337233123042e-15,NF,0.5,37,58,114,False,2021-11-08T16:37:31.000Z,237673,Hold Angel,,you,Rogdude,1329515,2020-05-10T00:00:46.000Z,2020-05-21T23:00:16.000Z,2020-05-17T06:47:47.000Z,,True,False,False,-1,11.25,3751,False,https://cdn.scoresaber.com/covers/805220F74ECB8FFFD9930ABCF4AB601E90E5751E.png,805220f74ecb8fffd9930abcf4ab601e90e5751e,a49b,2020-05-09T23:52:18.997Z,7,24.0,0.4,1453,10,50,11.949,608.0,Standard,6468,False,False,False,False,121.6,11.25,1329515,0,0,2,1.307862129148446e-13,0.5928176816357845
2751,712047,712047,216.7202,5.946416591500905e-08,,1,3,2,300,False,2021-11-08T16:10:30.000Z,347796,Enigma,,Toromaru,miitchel & Alice,824435,2021-04-12T12:32:58.000Z,2021-04-25T18:24:08.000Z,2021-04-12T19:56:37.000Z,,True,False,False,-1,6.72,6562,False,https://cdn.scoresaber.com/covers/BDE6A1F8FC7008247443CF3F810BBD8E910DD839.png,bde6a1f8fc7008247443cf3f810bbd8e910dd839,16973,2021-04-12T12:28:12.026Z,9,18.0,0.05,904,0,2,7.934,376.0,Standard,10138,True,False,False,False,113.939,6.42,824435,0,0,0,1.2887085929933944e-05,0.8636787618187001
14,733384,366692,0,2.990829460461019e-25,NF,0.5,46,156,172,False,2021-11-08T15:47:29.000Z,191720,northern_limit,feat. Sennzai,Kobaryo,Light Ai & shrado,1499715,2019-12-18T02:35:33.000Z,,2020-01-02T21:50:52.000Z,,False,False,False,-1,0,26,False,https://cdn.scoresaber.com/covers/5B91DEFD91B1ED2B6A6B8E77B7D04146AC9EF6F4.png,5b91defd91b1ed2b6a6b8e77b7d04146ac9ef6f4,770b,2019-12-17T21:30:37.889Z,5,23.0,0.2,1638,0,21,8.22,896.667,Standard,60464,False,False,False,False,199.259,,1499715,1,0,0,0.0,0.48901557962679576
2479,853898,853898,227.905,3.288094502700018e-07,,1,0,2,511,False,2021-11-07T21:01:31.000Z,348884,Dyscontrolled Galaxy,,Camellia,That_Narwhal,942195,2021-04-16T22:51:01.000Z,2021-04-29T19:06:55.000Z,2021-04-18T12:57:25.000Z,,True,False,False,-1,6.44,7655,False,https://cdn.scoresaber.com/covers/A3E5691076181E88776A41E9FF112D3C33576782.png,a3e5691076181e88776a41e9ff112d3c33576782,16c56,2021-04-16T22:38:21.017Z,7,18.0,-0.425,1032,136,220,8.328,332.5,Standard,4192,False,False,False,False,123.913,6.24,942195,0,0,12,7.493731776378476e-05,0.9062858537776151
705,1184217,1184217,0,3.992770558070547e-22,,1,17,38,222,False,2021-11-05T12:26:59.000Z,361816,Dreaded Note,,t+pazolite,cerret,1614715,2021-06-12T19:34:06.000Z,,,,False,False,False,-1,0,1105,False,https://cdn.scoresaber.com/covers/5CE48D47C4062374D72DAF63979B50691A124EE7.png,5ce48d47c4062374d72daf63979b50691a124ee7,19142,2021-06-12T19:28:19.510Z,6,22.0,-0.2,1763,20,75,9.141,771.5,Standard,6219,False,False,False,False,192.875,,1614715,0,0,4,0.0,0.7333907222017507
438,775574,387787,0,3.853023588538078e-22,NF,0.5,40,89,144,False,2021-11-05T12:22:36.000Z,354928,Speed of Link,,antiPLUR,cerret,1394835,2021-05-10T05:27:38.000Z,,,,False,False,False,-1,0,683,False,https://cdn.scoresaber.com/covers/9927993EB50901890DDA8908C9CB18FB5B2A414B.png,9927993eb50901890dda8908c9cb18fb5b2a414b,17c1f,2021-05-10T04:08:58.810Z,5,22.0,0.0,1524,0,25,12.102,552.123,Standard,6709,False,False,False,False,125.925,,1394835,0,0,0,0.0,0.5560327924091379
420,1456295,728148,0,3.718167762939246e-22,NF,0.5,25,106,129,False,2021-11-05T12:19:03.000Z,368385,t/a/n/a/s/i/n/n,,Camellia,cerret,2273435,2021-07-14T03:09:59.000Z,,,,False,False,False,-1,0,612,False,https://cdn.scoresaber.com/covers/11A7D09BC751A7320A9E4B6B06426F134E90079E.png,11a7d09bc751a7320a9e4b6b06426f134e90079e,1a432,2021-07-14T02:53:28.716Z,7,22.0,-0.05,2479,0,86,13.062,824.0,Standard,9843,False,False,False,False,189.789,,2273435,0,0,0,0.0,0.6405703264003589
336,121716,121716,0,7.754088764820918e-23,,1,0,1,143,False,2021-11-05T12:09:51.000Z,179659,Bakuretsu Bakuretsu Bakuretsu,La La La,Konosuba,CyanSnow,140875,2019-10-05T02:42:39.000Z,,,,False,False,False,-1,0,9950,False,https://cdn.scoresaber.com/covers/4E924377E326C1F7B3DB710746C80D5EF4FE9708.png,4e924377e326c1f7b3db710746c80d5ef4fe9708,67dc,2019-10-05T02:39:21Z,4,18.0,0.0,161,120,4,4.291,103.0,Standard,868,False,False,False,False,37.523,,140875,11,0,43,0.0,0.864
2815,1195572,1195572,211.3769,3.245037040300085e-08,,1,2,4,648,False,2021-11-05T11:45:18.000Z,282499,Unity,,TheFatRat,pbjtime12,1308355,2020-07-28T05:40:09.000Z,2020-08-03T07:37:22.000Z,2020-07-29T14:19:05.000Z,,True,False,False,-1,5.85,8447,False,https://cdn.scoresaber.com/covers/ECF140AB3343BE9139BEFC9608961A7332A2A2E1.png,ecf140ab3343be9139befc9608961a7332a2a2e1,c935,2020-07-28T05:31:49.783Z,4,19.0,-0.4,1430,0,161,6.194,404.0,Standard,3611,False,False,False,False,230.857,5.38,1308355,0,0,0,6.85925869963807e-06,0.913797860672371
1681,1339036,1339036,254.9027,1.541680750864157e-05,,1,11,33,250,False,2021-11-05T11:35:35.000Z,384879,The Imperial March,(Pegboard Nerds Remix),Celldweller,Fvrwvrd & FatBeanzoop,1695675,2021-10-13T05:28:25.000Z,2021-10-25T16:35:21.000Z,2021-10-13T20:18:51.000Z,,True,False,False,-1,8.92,2811,False,https://cdn.scoresaber.com/covers/E1B007986790860EA51335771266E84601F42E9E.png,e1b007986790860ea51335771266e84601f42e9e,,2021-10-13T05:23:13.556666Z,4,20.0,-0.65,1851,90,833,7.414,724.001,Standard,10540,True,False,False,False,249.656,8.92,1695675,0,0,14,0.00392978585933301,0.7896772671649933
1764,956818,478409,44.0899,3.797134986676393e-15,NF,0.5,28,83,100,False,2021-11-05T11:30:35.000Z,233772,Tinnitus,(Schwank's PTSD Remix),SP-#,abcbadq & Tootie,1637715,2020-05-03T17:47:36.000Z,2020-07-11T21:14:23.000Z,2020-07-07T16:39:11.000Z,,True,False,False,-1,11.8,2837,False,https://cdn.scoresaber.com/covers/A52682E4986B7DBDE1589287A00B8F20F9745000.png,a52682e4986b7dbde1589287a00b8f20f9745000,a203,2020-05-03T17:41:30.354Z,5,25.0,-0.3,1788,8,40,9.989,620.5,Standard,7555,False,False,False,False,178.99,11.8,1637715,0,0,1,1.6741530184906348e-13,0.5842396265528496
3830,1390781,1390781,251.8398,7.560329380422035e-06,,1,8,11,437,False,2021-11-05T11:22:33.000Z,359644,You & DIE,,USAO,Timbo & eZconfirmed,1629435,2021-05-31T14:58:30.000Z,2021-06-14T10:03:01.000Z,2021-06-02T08:09:40.000Z,,True,False,False,-1,7.96,9196,False,https://cdn.scoresaber.com/covers/CD8960DBA038D58784817B3C55D90863FA08ADA9.png,cd8960dba038d58784817b3c55d90863fa08ada9,18958,2021-05-31T14:02:15.983Z,5,20.0,-0.25,1779,134,573,7.173,868.0,Standard,7761,False,False,False,False,248.0,7.96,1629435,0,2,21,0.001903991839099609,0.8535357347792333
3147,1187884,1187884,186.378,6.591316716169297e-11,,1,5,6,460,False,2021-11-05T11:17:12.000Z,359661,You & DIE,,USAO,Timbo & eZconfirmed,1340555,2021-05-31T18:33:01.000Z,2021-06-14T10:02:56.000Z,2021-06-02T08:09:43.000Z,,True,False,False,-1,5.52,7567,False,https://cdn.scoresaber.com/covers/CD8960DBA038D58784817B3C55D90863FA08ADA9.png,cd8960dba038d58784817b3c55d90863fa08ada9,18958,2021-05-31T14:02:15.983Z,5,18.5,0.0,1465,124,543,5.907,868.0,Standard,7746,False,False,False,False,248.0,5.27,1340555,0,0,19,1.2284764269262011e-08,0.8861135872828791
210,773461,386731,0,3.462450775043098e-22,NF,0.5,9,24,270,False,2021-11-05T11:01:17.000Z,201480,Cross The Finish Line,(feat.nanahira),Kobaryo,Soba`s,1010275,2020-02-05T19:04:23.000Z,,,,False,False,False,-1,0,274,False,https://cdn.scoresaber.com/covers/3DB65C6E7D8E4147B8F2A04FED536272394949BD.png,3db65c6e7d8e4147b8f2a04fed536272394949bd,8471,2020-02-05T18:56:28Z,4,22.0,0.3,1106,24,0,7.331,653.75,Standard,1300,False,False,False,False,150.865,,1010275,0,0,9,0.0,0.7655945163445597
271,174114,174114,0,3.34126499791659e-22,,1,1,0,189,False,2021-11-05T10:57:30.000Z,326863,Nyanpasu Bang Bang,,Kansou,Bloodcloak,191475,2021-01-31T03:55:48.000Z,,,,False,False,False,-1,0,1479,False,https://cdn.scoresaber.com/covers/66C089833CED3282E29B5EAC91855B563C0FF8E9.png,66c089833ced3282e29b5eac91855b563c0ff8e9,136bf,2021-01-31T03:46:22.300Z,4,18.0,-0.4,216,0,67,3.349,139.75,Standard,927,False,False,False,False,64.5,,191475,5,2,0,0.0,0.9093301997649824
2929,1744830,1744830,275.8716,0.0003073973569444995,,1,31,65,211,False,2021-11-03T19:27:03.000Z,196495,ANOMALY,,Camellia,fraies,2619355,2020-01-10T15:44:01.000Z,2020-01-19T03:55:22.000Z,2020-01-14T22:55:14.000Z,,True,False,False,-1,11.01,4350,False,https://cdn.scoresaber.com/covers/83FCF7F36599F78D231C8C4A302542853E491AF0.png,83fcf7f36599f78d231c8c4a302542853e491af0,7d6c,2020-01-10T15:37:14.153Z,5,23.0,-0.3,2855,67,46,11.152,896.063,Standard,3677,False,False,False,False,256.018,10.86,2619355,0,0,1,0.0848022006960502,0.6661296387851208
201,712067,712067,0,3.75277392598944e-24,,1,13,33,208,False,2021-10-31T15:31:47.000Z,192291,Recollection,,Kobaryo,muffn & ExUnReal,999235,2019-12-21T14:20:29.000Z,,,,False,False,False,-1,0,318,False,https://cdn.scoresaber.com/covers/68B26B53BC3E1B5999770DB7B6C4358251717521.png,68b26b53bc3e1b5999770db7b6c4358251717521,765d,2019-12-14T17:04:23.047Z,5,22.0,0.2,1094,4,7,5.829,832.0,Lawless,4434,False,False,False,False,187.669,,999235,0,0,1,0.0,0.7126121482934444
348,370545,370545,0,2.361606176398001e-24,,1,55,15,152,False,2021-10-29T12:47:39.000Z,63725,Zero-Risk Syndrome,,,Kobaryo,1001995,2018-08-18T01:25:15.000Z,,,,False,False,False,-1,0,851,False,https://cdn.scoresaber.com/covers/0087E4C76D04EC50B0FDEA078288EE542724916B.png,0087e4c76d04ec50b0fdea078288ee542724916b,100b,2018-08-15T21:52:07Z,4,17.0,0.0,1097,96,1,11.019,448.0,Standard,0,False,False,False,False,99.556,,1001995,118,0,3,0.0,0.36980723456703873
3173,703841,703841,0,3.224320722989509e-22,,1,18,16,106,False,2021-10-29T12:45:35.000Z,186819,Chocolate Planet,,Freezer ft. Kiichigo,Mystikmol,1014875,2019-11-19T11:50:33.000Z,,,,False,False,False,-1,0,5651,False,https://cdn.scoresaber.com/covers/176E1549CC6AA8CE28517676C0894F7C16308ED5.png,176e1549cc6aa8ce28517676c0894f7c16308ed5,70d7,2019-11-19T11:04:27.328Z,4,16.0,0.0,1111,0,2,9.622,356.001,Standard,2646,False,False,False,False,115.46,,1014875,37,34,0,0.0,0.6935248183273802
132,2425530,1091489,0,3.111469497684876e-22,"NF,NO",0.45,80,390,305,False,2021-10-28T16:51:27.000Z,378790,Scattered Faith,,Kurokotei,slamsyk,4152075,2021-09-08T16:19:47.000Z,,,,False,False,False,-1,0,204,False,https://cdn.scoresaber.com/covers/48C65664719B6FAA1D7BF7D2BB47BA9478EE05BF.png,48c65664719b6faa1d7bf7d2bb47ba9478ee05bf,,2021-09-08T14:21:04.160288Z,4,23.0,-1.7,4521,196,235,9.131,2640.894,Standard,5611,False,False,False,False,495.121,,4152075,2,0,2,0.0,0.5841729737540868
43,441000,220500,0,2.330681040560145e-25,NF,0.5,53,70,123,False,2021-10-27T13:45:37.000Z,217026,Hitorigoto (TV Size),,ClariS,Hexagonial,890675,2020-04-01T23:02:00.000Z,,,,False,False,False,-1,0,101,False,https://cdn.scoresaber.com/covers/98A087D678F2B6271AEE6E22E2B3E0662651FA57.png,98a087d678f2b6271aee6e22e2b3e0662651fa57,9645,2020-04-01T16:52:18.238Z,6,23.0,-0.3,976,4,2,11.289,237.75,Standard,3828,False,False,False,False,86.455,,890675,0,0,1,0.0,0.4951300979594128
1810,654652,654652,227.8211,3.061955803276824e-07,,1,14,3,131,False,2021-10-25T13:59:30.000Z,379997,XEVILIED,,DRIVE.,abcbadq,799595,2021-09-15T17:33:22.000Z,2021-09-27T12:58:34.000Z,2021-09-16T13:26:52.000Z,,True,False,False,-1,7.64,3331,False,https://cdn.scoresaber.com/covers/EFFE5E569BB1C3BB8612BF69F5DC7373CBBE7579.png,effe5e569bb1c3bb8612bf69f5dc7373cbbe7579,,2021-09-15T14:20:53.200499Z,4,18.0,0.25,877,0,343,7.246,472.0,Standard,5087,False,False,False,False,121.026,7.08,799595,0,0,0,6.975781392539097e-05,0.8187294818001614
3071,705120,705120,272.3937,0.0001866734336246886,,1,4,6,279,False,2021-10-25T13:48:04.000Z,310950,THE LAUNCH OF THE MEGANTO METEOR,,Camellia,Kuurama & miitchel & ExUnReal,843755,2020-12-02T14:06:07.000Z,2020-12-26T15:22:12.000Z,2020-12-20T19:07:49.000Z,,True,False,False,-1,8.88,5157,False,https://cdn.scoresaber.com/covers/8B0954E826D02175872F9D80BF8BB96DE5A1B227.png,8b0954e826d02175872f9d80bf8bb96de5a1b227,119f0,2020-12-02T13:25:00.946Z,6,21.0,0.0,925,0,273,7.367,544.125,Standard,6303,False,False,False,False,125.567,8.81,843755,0,0,0,0.050848667276733345,0.8356928255239969
2015,185324,185324,164.4083,3.038061038407061e-13,,1,1,0,226,False,2021-10-25T13:31:12.000Z,383040,21st Century Humor But It's A Rave Song,(RADIO VERSION),R O C K Y,miitchel,206195,2021-10-04T17:51:31.000Z,2021-10-18T10:41:17.000Z,2021-10-05T15:52:27.000Z,,True,False,False,-1,4.74,5565,False,https://cdn.scoresaber.com/covers/5C6D84C52B7B1B387CA62D9217E99D9303D2E716.png,5c6d84c52b7b1b387ca62d9217e99d9303d2e716,,2021-10-04T17:35:22.262043Z,6,16.0,0.075,232,0,71,6.182,125.102,Standard,391,False,False,False,False,37.531,3.65,206195,0,0,0,4.9948245062073954e-11,0.8987802808021533
2343,1554760,1554760,228.5473,3.530934524631554e-07,,1,8,16,324,False,2021-10-25T13:20:42.000Z,383122,Freedom Dive,,xi,That_Narwhal,1875995,2021-10-05T00:42:33.000Z,2021-10-21T13:11:32.000Z,2021-10-11T22:13:54.000Z,,True,False,False,-1,7.54,6980,False,https://cdn.scoresaber.com/covers/0CA3FEC750A562897C03E37D415C61C41ECCEE31.png,0ca3fec750a562897c03e37d415c61c41eccee31,,2021-10-04T23:23:23.638234Z,4,16.5,-1.5,2047,275,128,7.898,959.875,Standard,9770,False,False,False,False,259.169,7.54,1875995,0,0,20,8.069855520813253e-05,0.8287655350893792
837,728504,728504,0,1.142954943003766e-25,,1,14,23,157,False,2021-10-24T15:11:00.000Z,180885,CENSORED!!,,t+pazolite,Hexagonial,1013035,2019-10-12T22:51:43.000Z,,,,False,False,False,-1,0,1379,False,https://cdn.scoresaber.com/covers/21FB4C015ABEB60B7DCF612057B3A258D386E4CD.png,21fb4c015abeb60b7dcf612057b3a258d386e4cd,6974,2019-10-12T22:00:37.353Z,8,19.0,0.0,1109,50,83,9.848,366.0,Standard,1250,False,False,False,False,112.615,,1013035,2,0,1,0.0,0.7191301386427912
1629,1239683,1239683,266.3203,7.660645214720964e-05,,1,4,9,449,False,2021-10-16T14:52:55.000Z,354320,ListENiNg to spEEDcorE turNs you iNto A fuckiNg idiot,(Kobaryo's FTN-Remix),kenta-v.ez.,Emilia,1447275,2021-05-07T20:29:04.000Z,2021-05-18T06:47:13.000Z,2021-05-09T15:14:34.000Z,,True,False,False,-1,8.37,3828,False,https://cdn.scoresaber.com/covers/1209AA9835B057B2BD169EC0C3E9D4C7DE27B4DA.png,1209aa9835b057b2bd169ec0c3e9d4c7de27b4da,17a70,2021-05-07T20:15:50.628Z,8,20.0,-1.0,1581,19,106,7.271,1268.442,Standard,9282,False,False,False,False,217.447,8.18,1447275,0,0,2,0.020401853317780515,0.8565635418286089
187,716037,358019,0,2.796066446577243e-22,NF,0.5,207,253,69,False,2021-10-16T14:05:39.000Z,119850,PISS ME A RIVER JESUS (HOLY SHHITT),,KODEK,"Loloppe, BananenTropfen",2228355,2019-02-24T09:04:02.000Z,,,,False,False,False,-1,0,264,False,https://cdn.scoresaber.com/covers/47F6029A6CC95C8FF927B8C6DAFD124C6C2071F0.png,47f6029a6cc95c8ff927b8c6dafd124c6c2071f0,3852,2019-02-21T22:35:08Z,5,20.0,1.0,2430,0,8,9.939,815.0,Standard,8379,False,False,False,False,244.5,,2228355,44,8,0,0.0,0.3213298599190883
509,247317,247317,0,2.698204120947039e-22,,1,7,12,79,False,2021-10-16T14:00:43.000Z,11082,More One Night (Assertive Bootleg Remix),,"Chito (CV: Minase Inori), Yuuri (CV: Kubo Yurika)",Hexagonial,382835,2018-06-12T22:25:29.000Z,,,,False,False,False,-1,0,1640,False,https://cdn.scoresaber.com/covers/31D072839A9794509AD7EFD5DFE8FC2F8F7AB198.png,31d072839a9794509ad7efd5dfe8fc2f8f7ab198,4e0,2018-06-12T21:02:08Z,5,10.0,0.0,424,0,9,6.711,179.0,Standard,0,False,False,False,False,63.176,,382835,65,37,0,0.0,0.6460146015907636
271,861817,861817,0,2.603766976713893e-22,,1,14,28,160,False,2021-10-16T13:56:20.000Z,301012,XTREME,,USAO,Nolanimations,1213595,2020-10-15T12:35:43.000Z,,,,False,False,False,-1,0,354,False,https://cdn.scoresaber.com/covers/3E8F441BEB8AD644D85BD1E52410EB8356AF976B.png,3e8f441beb8ad644d85bd1e52410eb8356af976b,fee1,2020-10-15T12:31:50.195Z,5,22.0,-0.3,1327,28,8,9.688,468.0,Standard,5717,True,False,False,False,136.976,,1213595,0,0,14,0.0,0.7101355888908574
734,632483,632483,0,2.512635132528906e-22,,1,21,17,201,False,2021-10-16T13:53:34.000Z,130769,Utauyo Miracle,,Ho-kago Tea Time,Todokete,916435,2019-04-03T23:42:55.000Z,,,,False,False,False,-1,0,1407,False,https://cdn.scoresaber.com/covers/20DDF140BDAB06321799376880ED9F40464870FE.png,20ddf140bdab06321799376880ed9f40464870fe,4333,2019-04-03T19:25:00Z,-1,18.0,0.0,1004,20,6,5.608,486.335,Standard,3217,False,False,False,False,180.124,,916435,53,75,13,0.0,0.6901558757576914
2138,906730,906730,250.8702,6.105266090145942e-06,,1,13,26,165,False,2021-10-16T13:42:07.000Z,378580,BATTLE NO.1,,TANO*C Sound Team,Various Mappers,1229235,2021-09-07T12:45:37.000Z,2021-10-04T04:10:36.000Z,2021-09-19T22:47:52.000Z,,True,False,False,-1,9.35,3699,False,https://cdn.scoresaber.com/covers/01BDA6C582867AD1F9664D1382488D7FA925ED6B.png,01bda6c582867ad1f9664d1382488d7fa925ed6b,,2021-09-07T12:31:09.689179Z,6,20.0,-0.37,1344,90,80,10.692,419.0,Standard,5790,False,False,False,False,125.7,9.16,1229235,0,0,12,0.0015316293250881307,0.737637636416145
2096,1269869,634935,42.24678,2.855449889915005e-15,NF,0.5,18,136,231,False,2021-10-13T15:54:01.000Z,348666,Toymatic Parade,(Kobaryo's FTN-Remix),DJ Genki,cerret,2000195,2021-04-16T03:02:31.000Z,2021-04-29T19:06:13.000Z,2021-04-18T12:54:00.000Z,,True,False,False,-1,10.4,3876,False,https://cdn.scoresaber.com/covers/1AB633C075210C9AEABDBECA34843D88AE4714E0.png,1ab633c075210c9aeabdbeca34843d88ae4714e0,16bb1,2021-04-16T02:05:50.457Z,5,23.0,0.05,2182,0,17,11.738,867.521,Standard,9597,False,False,False,False,185.897,10.31,2000195,0,0,0,1.2063356330026344e-13,0.6348725999215077
111,1253997,626999,0,2.339828651289231e-22,NF,0.5,73,123,120,False,2021-10-13T14:40:09.000Z,167991,TRiGGER (Zekk Remix),,Dustvoxx,cerret,2054475,2019-08-01T01:34:14.000Z,,,,False,False,False,-1,0,141,False,https://cdn.scoresaber.com/covers/470AB1D7EA4958E6DC78732236052717B7ECDB70.png,470ab1d7ea4958e6dc78732236052717b7ecdb70,59e2,2019-08-01T00:44:45.364Z,6,20.0,0.0,2241,8,54,8.978,832.0,Standard,2672,False,False,False,False,249.6,,2054475,4,12,2,0.0,0.6103734530719527
29,175207,175207,0,2.257934648494108e-22,FS,1,2,11,65,False,2021-10-13T14:34:59.000Z,131085,Yuima-ru*World TVver.,,Ayase Rie feat. Hata-tan,Wannrick,253115,2019-04-06T01:19:19.000Z,,,,False,False,False,-1,0,44,False,https://cdn.scoresaber.com/covers/E51A81056C80B7AB9508E67FEA18DAB5377142BE.png,e51a81056c80b7ab9508e67fea18dab5377142be,43ab,2019-04-05T23:25:11Z,4,19.0,0.0,283,0,0,6.738,126.0,Standard,625,False,False,False,False,42.0,,253115,6,0,0,0.0,0.692203148766371
935,322510,322510,0,2.102645193043925e-22,FS,1,11,5,134,False,2021-10-13T14:29:40.000Z,178497,Marshmary ,,MIMI feat. Hatsune Miku,Monteblanco,424235,2019-09-28T11:28:35.000Z,,,,False,False,False,-1,0,1581,False,https://cdn.scoresaber.com/covers/8AB7ABB6BFF1EC8819C1052DE6DB3D48D9C26469.png,8ab7abb6bff1ec8819c1052de6db3d48d9c26469,6653,2019-09-28T10:18:06.014Z,4,15.0,0.0,469,2,2,5.136,277.0,Standard,57,False,False,False,False,91.319,,424235,0,0,1,0.0,0.7602154466274589
419,702716,351358,0,1.889504517946097e-22,NF,0.5,19,46,120,False,2021-10-11T16:27:51.000Z,372273,Grass Grass Grass Grass Grass Grass Grass Grass!,,7_7,cerret,1054435,2021-08-05T00:37:31.000Z,,,,False,False,False,-1,0,748,False,https://cdn.scoresaber.com/covers/874DB280854AC1EE8ECC6312296A7F49FA497268.png,874db280854ac1ee8ecc6312296a7f49fa497268,,2021-08-05T00:11:01.095833Z,6,22.0,0.18,1154,12,2,12.742,437.743,Standard,3694,False,False,False,False,90.568,,1054435,1,0,7,0.0,0.666438424369449
2243,1707220,853610,45.04918,4.537529585134564e-15,NF,0.5,41,86,249,False,2021-10-11T16:05:07.000Z,273964,Glitched Character,,Kobaryo,Oddloop & fraies,2571515,2020-06-22T07:38:33.000Z,2020-08-07T05:13:50.000Z,2020-08-02T22:31:39.000Z,,True,False,False,-1,10.61,2750,False,https://cdn.scoresaber.com/covers/93219A28885AFC6665B7289631420FDE9A2ECBFF.png,93219a28885afc6665b7289631420fde9a2ecbff,b4f0,2020-06-22T04:33:52.762Z,7,22.0,-0.1,2803,123,211,10.074,1066.641,Standard,6683,False,False,False,False,278.254,10.61,2571515,12,0,3,2.044119870360523e-13,0.6638965745873542
3338,587180,587180,0,9.602114673051807e-23,,1,7,9,167,False,2021-10-11T15:58:10.000Z,256357,Girly Cupid,feat. Marpril,PSYQUI,Bloodcloak,695635,2020-05-29T01:43:33.000Z,,,,False,False,True,-1,0,12793,False,https://cdn.scoresaber.com/covers/09083EC4540755CAC095737C4AF6AF2910C4E856.png,09083ec4540755cac095737c4af6af2910c4e856,abbf,2020-05-29T01:13:29.257Z,3,18.0,-0.2,764,0,36331,3.232,524.0,Standard,3539,True,False,True,False,236.391,,695635,28,16,0,0.0,0.8440920885234354
16,1295255,647628,0,6.636137699015676e-24,NF,0.5,33,108,96,False,2021-10-11T15:49:34.000Z,327519,Galaxy Friends,,Kobaryo,WDG_Doctor,2149235,2021-02-02T06:01:02.000Z,,,,False,False,False,-1,0,21,False,https://cdn.scoresaber.com/covers/57C3144D7043845CA23E1C3900050BE445B800E4.png,57c3144d7043845ca23e1c3900050be445b800e4,13806,2021-02-02T01:26:35.298Z,4,22.0,-1.5,2344,85,191,10.153,1154.375,Standard,0,False,False,False,False,230.875,,2149235,3,0,7,0.0,0.6026586203928375
165,2343897,1171949,0,1.759553844724355e-22,NF,0.5,129,316,135,False,2021-10-11T15:43:23.000Z,238817,Galaxy Collapse,,Kurokotei,Skeelie,4455675,2020-05-11T20:19:16.000Z,,2020-05-16T01:11:36.000Z,,False,False,False,-1,0,418,False,https://cdn.scoresaber.com/covers/CB24CE05B6D0994586E2D4FBE999B304CF8F9D67.png,cb24ce05b6d0994586e2d4fbe999b304cf8f9d67,a54c,2020-05-11T20:07:46.105Z,7,24.0,0.25,4851,193,16,12.078,1807.314,Standard,26848,False,False,False,False,401.625,,4455675,0,2,12,0.0,0.5260475685502196
5046,1220776,1220776,238.236,1.319407871247488e-06,,1,40,23,205,False,2021-10-11T15:34:43.000Z,63706,G1ll35 d3 R415,,Team Grimoire,Hexagonial,1876915,2018-08-18T00:36:43.000Z,,,,True,False,False,-1,9.64,8158,False,https://cdn.scoresaber.com/covers/A03D474F37137E0DB7FD0D58BE1D97D8458E8AE5.png,a03d474f37137e0db7fd0d58be1d97d8458e8ae5,1009,2018-08-15T21:21:10Z,6,18.0,0.0,2048,0,288,8.831,831.0,Standard,3865,False,False,False,False,231.907,9.64,1876915,106,107,0,0.00031433045361451653,0.6504162415453018
2490,239256,239256,77.21668,2.69434870937032e-14,,1,2,1,190,False,2021-10-10T00:11:27.000Z,137234,Crying for Rain,,Minami,squeaksies,279795,2019-05-03T12:32:55.000Z,2019-06-02T05:11:49.000Z,,,True,False,False,-1,2.43,4536,False,https://cdn.scoresaber.com/covers/B70AEEF2EE915CED48593422931E8BA2A1F4E973.png,b70aeef2ee915ced48593422931e8ba2a1f4e973,4a2a,2019-05-03T08:08:54Z,4,10.0,0.0,312,0,0,1.264,563.558,Standard,1914,False,False,False,False,246.814,1.33,279795,177,8,0,2.0804866209986097e-12,0.8551117782662306
1420,615542,615542,222.9622,1.398298240908509e-07,,1,2,1,385,False,2021-10-07T17:14:48.000Z,348488,Last Kingdom,"(Uninstaller's ""Last Note"" Re-Edit)",USAO,Uninstaller,688275,2021-04-15T10:10:10.000Z,2021-04-29T19:04:53.000Z,2021-04-15T20:58:26.000Z,,True,False,False,-1,6.49,5047,False,https://cdn.scoresaber.com/covers/4BA8B460A7F5A1C32CFB2EE728B8FA0773E40559.png,4ba8b460a7f5a1c32cfb2ee728b8fa0773e40559,16b33,2021-04-15T08:53:05.259Z,2,18.0,-0.25,756,367,232,5.339,354.0,Standard,5109,False,False,False,False,141.6,6.49,688275,7,3,53,3.1176765204909115e-05,0.8943256692455777
3681,499946,499946,204.9887,9.663808428577173e-09,,1,2,3,242,False,2021-10-07T16:39:40.000Z,108237,DeltaMAX,,DM Ashura,Yun0,573275,2019-01-20T23:51:17.000Z,2019-02-12T11:03:24.000Z,,,True,False,False,-1,6.26,13980,False,https://cdn.scoresaber.com/covers/200549108BB22752112C62D102BF69EE0C47FD7A.png,200549108bb22752112c62d102bf69ee0c47fd7a,2f94,2019-01-20T21:16:32Z,1,18.0,0.0,631,0,45,5.535,189.989,Standard,6978,False,False,False,False,113.993,5.63,573275,36,37,0,1.9809715268230776e-06,0.8720875670489731
4866,777338,777338,229.0441,4.071743492800473e-07,,1,5,30,172,False,2021-10-07T16:36:12.000Z,203738,Chocolate Lily,,Kobaryo,xScaramouche,1069155,2020-02-14T03:12:02.000Z,2020-04-15T01:16:22.000Z,,,True,False,False,-1,8.63,7085,False,https://cdn.scoresaber.com/covers/018ACAAD1EC1E13BD9E428A19E41C844AA05B9DA.png,018acaad1ec1e13bd9e428a19e41c844aa05b9da,86af,2020-02-14T03:06:03.390Z,5,22.0,0.5,1170,0,97,9.165,600.0,Standard,8888,False,False,False,False,127.66,8.0,1069155,0,0,0,9.326088237393408e-05,0.727058284346049
2518,787848,787848,238.9408,1.416851857765296e-06,,1,11,37,118,False,2021-10-07T16:30:35.000Z,211943,Carol of the Bells,,August Burns Red,Skeelie,1116995,2020-03-14T13:34:12.000Z,2020-03-25T23:21:49.000Z,2020-03-21T19:45:33.000Z,,True,False,False,-1,9.21,3164,False,https://cdn.scoresaber.com/covers/C802AEC7EA699A24800712DCE2486791AC0880E3.png,c802aec7ea699a24800712dce2486791ac0880e3,8fe5,2020-03-14T08:03:51.654Z,7,21.0,-0.25,1222,0,53,9.204,398.305,Standard,8012,False,False,False,False,132.768,8.73,1116995,1,1,0,0.00033854371637592604,0.7053281348618391
955,953732,953732,217.5571,6.857188342922072e-08,,1,5,9,315,False,2021-10-07T15:38:41.000Z,350950,The Vampire,(feat. Hatsune Miku),DECO*27,Alice,1109635,2021-04-24T12:36:51.000Z,2021-07-11T08:31:52.000Z,2021-07-01T20:46:42.000Z,,True,False,False,-1,6.8,3104,False,https://cdn.scoresaber.com/covers/5B394FA294CF61796DC4AD412168D904198B39C2.png,5b394fa294cf61796dc4ad412168d904198b39c2,171ff,2021-04-24T12:24:33.914Z,8,18.0,-0.253,1214,4,283,6.89,481.583,Standard,5896,True,False,False,False,176.189,6.8,1109635,0,0,0,1.4918300100399316e-05,0.85950064660902
74,1158214,1158214,0,1.697969460159002e-22,,1,30,58,138,False,2021-10-07T15:26:10.000Z,298773,DropZ-Line-,(Extended Mix),Getty vs. DJ DiA,abcbadq & fraies,1787675,2020-10-04T22:50:21.000Z,,,,False,False,False,-1,0,92,False,https://cdn.scoresaber.com/covers/AE916AB9905721EACA36FCE9FBDBBAFACFDC4654.png,ae916ab9905721eaca36fce9fbdbbafacfdc4654,f957,2020-10-04T22:35:33.407Z,5,22.0,-0.3,1951,28,88,11.3,575.5,Standard,7664,False,False,False,False,172.65,,1787675,0,0,4,0.0,0.6478884584725971
116,906778,906778,0,1.638540529053437e-22,,1,21,57,97,False,2021-10-07T15:20:15.000Z,188220,BroGamer,,USAO,fraies,1479475,2019-11-28T16:54:07.000Z,,,,False,False,False,-1,0,128,False,https://cdn.scoresaber.com/covers/B9B2455EA543A9417D24BE1718468C7789B882F9.png,b9b2455ea543a9417d24be1718468c7789b882f9,726a,2019-11-28T15:58:52.387Z,5,23.0,0.0,1616,0,20,12.787,436.0,Standard,1838,False,False,False,False,126.377,,1479475,0,0,0,0.0,0.6129052535527806
1321,1077522,1077522,203.6726,6.767393743344057e-09,,1,1,8,333,False,2021-10-06T17:50:47.000Z,379185,Sparkling Software,,Kobaryo,"Cobayo, Vilawes & Slimy",1215435,2021-09-11T01:44:26.000Z,2021-09-19T16:56:41.000Z,2021-09-11T03:16:16.000Z,,True,False,False,-1,6.03,3135,False,https://cdn.scoresaber.com/covers/B4DB069AF0DBC55BBBA06FE5DD7A71F965C1446C.png,b4db069af0dbc55bbba06fe5dd7a71f965c1446c,,2021-09-11T01:25:51.048927Z,8,18.5,-0.8,1329,130,265,6.515,1088.0,Standard,6482,False,False,False,False,204.0,5.7,1215435,5,0,8,1.3783326789306168e-06,0.88653198237668
1781,486564,486564,267.0132,0.0001018701258532606,,1,11,27,125,False,2021-10-04T17:50:56.000Z,285226,Bassline Yatteru? w,feat. Nanahira (Cranky Remix) (Short Ver.),Camellia,Uninstaller,729675,2020-08-08T03:26:11.000Z,2020-08-12T10:17:26.000Z,2020-08-08T03:38:29.000Z,,True,False,False,-1,10.65,3481,False,https://cdn.scoresaber.com/covers/75CCD1DEF27021C38B58246F650802D9702BC70E.png,75ccd1def27021c38b58246f650802d9702bc70e,d0f6,2020-08-08T03:07:58.881Z,6,20.0,-0.5,801,59,0,8.463,244.5,Standard,3144,False,False,False,False,94.645,10.65,729675,13,98,19,0.027200668288481843,0.6668229006064343
1917,515129,515129,209.9374,2.272441918292435e-08,,1,3,13,133,False,2021-10-04T17:49:02.000Z,299109,Drop That Low (When I Dip),(Short Ver.),Tujamo,Uninstaller,642275,2020-10-06T05:35:24.000Z,2021-01-22T05:16:46.000Z,2021-01-13T05:25:37.000Z,,True,False,False,-1,7.23,4447,False,https://cdn.scoresaber.com/covers/F2444F0BFFB7D2BAB08EB5C457F7A0F53E1E2985.png,f2444f0bffb7d2bab08eb5c457f7a0f53e1e2985,fa33,2020-10-06T04:19:10.230Z,2,20.0,0.5,706,34,222,5.304,279.5,Standard,2576,False,False,False,False,133.095,7.13,642275,0,0,1,4.770705479773262e-06,0.8020380678058464
5182,1806523,1806523,238.2766,1.367262042743511e-06,,1,14,36,235,False,2021-10-04T17:39:47.000Z,259148,Exit This Earth's Atomosphere,,Camellia,Umbranox,2288155,2020-06-01T02:32:17.000Z,2020-07-03T12:36:31.000Z,2020-06-29T02:42:07.000Z,,True,False,False,-1,8.34,7528,False,https://cdn.scoresaber.com/covers/14149559186C24D676EC5032070B52006843923A.png,14149559186c24d676ec5032070b52006843923a,acfb,2020-06-01T02:10:25.477Z,5,21.0,-0.6,2495,185,284,7.642,925.0,Standard,14590,False,False,False,False,326.471,8.29,2288155,0,0,7,0.0003257865508539785,0.7895107630383431
4502,900742,900742,202.6193,6.081397420292974e-09,,1,1,3,552,False,2021-10-04T17:31:08.000Z,380100,Myths You Forgot,(feat. Toby Fox),Camellia,nolan121405,995555,2021-09-16T06:41:33.000Z,2021-09-27T12:59:49.000Z,2021-09-18T11:18:33.000Z,,True,False,False,-1,5.75,15259,False,https://cdn.scoresaber.com/covers/B3574125C2C8D6E187D4B7C5D59B5BB625FD2217.png,b3574125c2c8d6e187d4b7c5d59b5bb625fd2217,,2021-09-16T00:56:04.916750Z,6,18.0,-0.6,1090,352,307,4.606,591.604,Standard,2867,False,False,False,False,236.641,5.38,995555,0,0,16,1.2322084883215681e-06,0.9047636745333005
1665,688513,344257,40.46022,2.565999002405337e-15,NF,0.5,31,40,78,False,2021-10-04T17:15:51.000Z,348885,Dyscontrolled Galaxy,,Camellia,That_Narwhal,1178635,2021-04-16T23:01:12.000Z,2021-04-29T19:06:57.000Z,2021-04-18T12:57:23.000Z,,True,False,False,-1,10.83,2924,False,https://cdn.scoresaber.com/covers/A3E5691076181E88776A41E9FF112D3C33576782.png,a3e5691076181e88776a41e9ff112d3c33576782,16c56,2021-04-16T22:38:21.017Z,7,21.0,-0.7,1289,136,264,10.401,332.563,Standard,5140,False,False,False,False,123.936,10.83,1178635,0,0,7,1.0382088415710047e-13,0.5841613391762505
2871,1431566,1431566,228.347,3.407351816269449e-07,,1,6,12,306,False,2021-10-04T16:37:12.000Z,379183,Sparkling Software,,Kobaryo,"Cobayo, Vilawes & Slimy",1686475,2021-09-11T01:40:38.000Z,2021-09-19T16:56:46.000Z,2021-09-11T03:16:12.000Z,,True,False,False,-1,7.28,5292,False,https://cdn.scoresaber.com/covers/B4DB069AF0DBC55BBBA06FE5DD7A71F965C1446C.png,b4db069af0dbc55bbba06fe5dd7a71f965c1446c,,2021-09-11T01:25:51.048927Z,8,21.0,-1.3,1841,192,276,8.983,1093.0,Standard,6482,False,False,False,False,204.938,6.95,1686475,1,0,28,7.780585651896799e-05,0.8488510057961132
3239,1558774,1558774,251.8734,8.118692453941889e-06,,1,4,17,315,False,2021-10-04T16:27:13.000Z,368474,KillerToy,,Camellia,Jabob,1818955,2021-07-14T17:31:30.000Z,2021-09-19T16:56:07.000Z,2021-09-10T18:53:58.000Z,,True,False,False,-1,7.91,7159,False,https://cdn.scoresaber.com/covers/9E3CD9B0C5559167E31E6894C14E391AEA937991.png,9e3cd9b0c5559167e31e6894c14e391aea937991,1a466,2021-07-14T17:21:43.275Z,7,20.0,-0.51,1985,200,452,7.614,738.621,Standard,10074,False,False,False,False,260.69,7.91,1818955,0,0,28,0.002044882671928687,0.8569612772168635
2595,2113969,2113969,245.135,2.788081664991176e-06,,1,13,19,346,False,2021-10-04T16:02:51.000Z,348264,Light It Up,,Camellia,cat_using_a_toaster,2562315,2021-04-14T12:02:27.000Z,2021-04-29T19:05:01.000Z,2021-04-16T22:31:17.000Z,,True,False,False,-1,8.14,4683,False,https://cdn.scoresaber.com/covers/9055198167622A1BAE4F58C5E2F3F093F98A264C.png,9055198167622a1bae4f58c5e2f3f093f98a264c,16aba,2021-04-14T11:43:26.187Z,5,21.0,-0.6,2793,4,427,7.722,1055.0,Standard,10400,False,False,False,False,361.714,7.89,2562315,0,0,0,0.0006834563989476119,0.8250230748366224
933,358465,358465,135.0468,3.457503346233585e-14,,1,0,2,324,False,2021-09-30T18:35:05.000Z,347745,EgO,,Kabocha,Soba`s,421475,2021-04-12T07:13:03.000Z,2021-04-25T18:14:43.000Z,2021-04-12T16:33:39.000Z,,True,False,False,-1,4.29,1275,False,https://cdn.scoresaber.com/covers/1C93C87B8FF700AE69D2DD9A742F5C13BD35CC47.png,1c93c87b8ff700ae69d2dd9a742f5c13bd35cc47,1695f,2021-04-12T06:27:41.072Z,3,16.0,-1.0,466,0,19,4.073,450.0,Standard,4962,False,False,False,False,114.407,2.75,421475,0,0,0,4.669247628981377e-12,0.8505012159677323
2017,1074138,1074138,230.76,4.865683370880872e-07,,1,16,16,136,False,2021-09-29T21:12:00.000Z,374321,THAT'S A JOKE,,NF,FatBeanzoop & muffn,1364475,2021-08-14T17:56:38.000Z,2021-09-14T12:36:28.000Z,2021-09-05T16:12:58.000Z,,True,False,False,-1,8.1,3239,False,https://cdn.scoresaber.com/covers/64540ADD6F4FAE327D8DFEBAA695FFE692B5C1BC.png,64540add6f4fae327d8dfebaa695ffe692b5c1bc,,2021-08-14T17:54:21.642818Z,4,20.5,-1.79,1491,4,223,6.753,1022.937,Standard,5986,False,False,False,False,220.778,8.04,1364475,0,0,0,0.000112280509466447,0.7872170615071731
1126,482768,482768,214.3915,4.315202211148253e-08,,1,2,1,245,False,2021-09-28T16:39:18.000Z,380675,Vertex Gamma,,Silvia,dibl & Cobayo,546595,2021-09-19T08:00:57.000Z,2021-09-27T13:00:25.000Z,2021-09-19T22:43:43.000Z,,True,False,False,-1,6.39,2490,False,https://cdn.scoresaber.com/covers/7494C06408B8532D62D516892FE57FD0FFD53330.png,7494c06408b8532d62d516892fe57fd0ffd53330,,2021-09-19T02:04:38.112644Z,8,17.0,-1.1,602,0,126,5.191,579.875,Standard,5345,False,False,False,False,115.975,6.38,546595,0,0,0,9.251426748513907e-06,0.8832279841564595
1439,689061,344531,39.09856,2.305889136279388e-15,NF,0.5,27,59,150,False,2021-09-28T16:30:44.000Z,380003,XEVILIED,,DRIVE.,abcbadq,1127115,2021-09-15T17:38:17.000Z,2021-09-27T12:58:36.000Z,2021-09-16T13:26:51.000Z,,True,False,False,-1,10,2381,False,https://cdn.scoresaber.com/covers/EFFE5E569BB1C3BB8612BF69F5DC7373CBBE7579.png,effe5e569bb1c3bb8612bf69f5dc7373cbbe7579,,2021-09-15T14:20:53.200499Z,4,21.0,-0.2,1233,3,287,10.188,472.0,Standard,5087,False,False,False,False,121.026,9.75,1127115,0,0,1,9.015694474816782e-14,0.611349329926405
4318,575719,575719,210.004,2.354862091494752e-08,,1,5,9,91,False,2021-09-28T15:57:28.000Z,83542,Belly Flopper,,O2i3,Hexagonial,754515,2018-10-28T02:16:08.000Z,2019-02-20T04:22:47.000Z,,,True,False,False,-1,7.6,9978,False,https://cdn.scoresaber.com/covers/E94785A8520A1AA69F7BBE9CBEF12917A765ACC1.png,e94785a8520a1aa69f7bbe9cbef12917a765acc1,1c77,2018-10-28T00:40:52Z,6,15.0,0.0,828,0,6,7.598,336.0,Standard,1409,False,False,False,False,108.973,6.21,754515,58,33,0,4.945304586622639e-06,0.7630318814072616
529,487000,243500,0,1.276874992620131e-22,NF,0.5,121,129,132,False,2021-09-17T16:14:46.000Z,124730,m1dy Festival,,m1dy,ejiejidayo,1507075,2019-03-14T02:00:00.000Z,,,,False,False,False,-1,0,788,False,https://cdn.scoresaber.com/covers/FFF44D9EFB77EDD808CCC5D9FC08358D90991E37.png,fff44d9efb77edd808ccc5d9fc08358d90991e37,3dc5,2019-03-13T17:23:36Z,6,20.0,0.0,1646,0,7,13.686,902.0,Standard,820,False,False,False,False,120.267,,1507075,38,45,0,0.0,0.3231425111557155
2061,748608,748608,178.9852,1.235252971729996e-11,,1,8,1,309,False,2021-09-15T10:54:15.000Z,88750,Indoor Kei Nara Trackmaker,,Yunomi & nicamoq,Hexagonial,862155,2018-11-15T02:51:04.000Z,2018-12-26T16:34:12.000Z,,,True,False,False,-1,5.5,11958,False,https://cdn.scoresaber.com/covers/DA30511AB750F7DF3B2E5416EACC1729F6A5D8B2.png,da30511ab750f7df3b2e5416eacc1729f6a5d8b2,204c,2018-11-15T02:37:15Z,6,14.0,0.0,945,0,0,4.87,414.0,Standard,1197,False,False,False,False,194.063,4.42,862155,59,61,0,2.2109200019568765e-09,0.868298623797345
817,836160,836160,143.5354,4.436815972499051e-14,,1,20,52,111,False,2021-09-14T17:55:49.000Z,347758,EgO,,Kabocha,Soba`s,1357115,2021-04-12T09:01:26.000Z,2021-04-25T18:14:53.000Z,2021-04-12T16:33:47.000Z,,True,False,False,-1,10.9,1312,False,https://cdn.scoresaber.com/covers/1C93C87B8FF700AE69D2DD9A742F5C13BD35CC47.png,1c93c87b8ff700ae69d2dd9a742f5c13bd35cc47,1695f,2021-04-12T06:27:41.072Z,3,22.0,-0.12,1483,16,68,12.963,450.0,Standard,4966,False,False,False,False,114.407,10.85,1357115,0,0,3,6.368401553390404e-12,0.6161305416269071
3716,326579,326579,199.9944,3.563798048729876e-09,,1,4,5,162,False,2021-09-14T17:05:53.000Z,287696,Watch Me Dance!,,Jake Kaufman,SlimyBlob & Victonator,407675,2020-08-18T17:09:10.000Z,2020-08-22T20:52:31.000Z,2020-08-18T20:44:05.000Z,,True,False,False,-1,6.9,7489,False,https://cdn.scoresaber.com/covers/4BCE6DA72AD5D299CF1E8F940975FCAD73DA1C7D.png,4bce6da72ad5d299cf1e8f940975fcad73da1c7d,d90a,2020-08-18T16:44:19.347Z,5,20.0,-0.25,451,55,13,6.619,194.666,Standard,1369,False,False,False,False,68.304,6.21,407675,0,5,22,7.127396524769023e-07,0.8010768381676581
1173,288084,288084,182.0414,2.107881572684877e-11,,1,0,2,188,False,2021-09-11T09:59:40.000Z,347380,Among Us,(Trap Remix),Leonz,xScaramouche & nolan121405,334075,2021-04-11T03:52:01.000Z,2021-04-25T18:12:21.000Z,2021-04-12T11:52:10.000Z,,True,False,False,-1,5.66,3269,False,https://cdn.scoresaber.com/covers/982D3905470C6755B49F72238603A5B33DE56B38.png,982d3905470c6755b49f72238603a5b33de56b38,1689a,2021-04-11T03:30:56.117Z,8,17.0,0.2,371,0,13,6.091,190.854,Standard,2099,False,False,False,False,60.911,4.8,334075,0,0,0,3.8372171252575675e-09,0.8623333083888348
7556,801650,801650,179.0067,1.280054892984452e-11,,1,22,29,104,False,2021-09-08T17:39:38.000Z,80120,RELOADED,,EGOIST,Saut,1167595,2018-10-14T08:02:08.000Z,,,,True,False,False,-1,7.02,13228,False,https://cdn.scoresaber.com/covers/A5BE6E439863B22BB0CA36E2F4EAD53452E1B978.png,a5be6e439863b22bb0ca36e2f4ead53452e1b978,1a33,2018-10-14T05:36:51Z,5,15.0,0.0,1277,0,50,6.597,558.137,Standard,2396,False,False,False,False,193.574,6.72,1167595,50,36,0,2.291384022119999e-09,0.6865822481254202
619,29044,29044,0,1.189057915002682e-22,,1,3,4,35,False,2021-09-05T19:45:17.000Z,324782,Asian Meme Sound,,On3BananaCandy,Dennileon1,51635,2021-01-24T16:04:34.000Z,,,,False,False,False,-1,0,1346,False,https://cdn.scoresaber.com/covers/F71918E34E373E4151C1EB56F9FE8EE21E26AD1A.png,f71918e34e373e4151c1eb56f9fe8ee21e26ad1a,131c7,2021-01-24T16:01:33.596Z,2,20.0,0.0,64,0,0,5.148,41.438,Standard,0,False,False,False,False,12.431,,51635,0,0,0,0.0,0.5624866853878183
20,1207310,603655,0,1.147440887977588e-22,NF,0.5,71,194,73,False,2021-09-05T18:47:23.000Z,377446,Are You Dead Yet?,,Children Of Bodom,noam15A,2250435,2021-08-31T16:29:25.000Z,,,,False,False,False,-1,0,40,False,https://cdn.scoresaber.com/covers/56AC55F801A7AC0A49201521A2D9374809F44840.png,56ac55f801a7ac0a49201521a2d9374809f44840,,2021-08-31T12:18:57.785186Z,4,23.0,-0.5,2454,94,89,10.562,743.5,Standard,2736,False,False,False,False,232.344,,2250435,0,0,24,0.0,0.5364785030449669
3068,608637,608637,183.8763,3.349586008074651e-11,,1,0,2,406,False,2021-08-31T09:35:25.000Z,346829,Bang!,,AJR,BrightKnight,668955,2021-04-09T10:09:05.000Z,2021-04-29T19:05:36.000Z,2021-04-16T23:36:17.000Z,,True,False,False,-1,5.15,12803,False,https://cdn.scoresaber.com/covers/8D0EDFBE3A32BABADF699BDB1937A1C0CAE1DBDC.png,8d0edfbe3a32babadf699bdb1937a1c0cae1dbdc,1677a,2021-04-09T05:35:23.480Z,6,18.0,-0.5,735,0,387,4.375,392.0,Standard,2887,True,False,False,False,168.0,4.11,668955,0,0,0,6.159094816965369e-09,0.9098324999439424
770,613188,613188,193.763,7.172031464316052e-10,,1,0,0,723,True,2021-08-31T09:18:00.000Z,362815,SCREW // owo // SCREW,,Camellia,ThySpoon,657915,2021-06-17T22:35:21.000Z,2021-06-26T18:34:15.000Z,2021-06-18T07:04:02.000Z,,True,False,False,-1,5.05,3487,False,https://cdn.scoresaber.com/covers/BA220888BB848D07BDFE3C49A4960E487C63BE82.png,ba220888bb848d07bdfe3c49a4960e487c63be82,19448,2021-06-17T22:25:08.327Z,3,18.0,0.25,723,0,129,6.244,440.0,Standard,4215,False,False,False,False,115.789,4.01,657915,0,0,0,1.3896743326202714e-07,0.9320170538747407
3571,694612,694612,199.7775,2.877908393169004e-09,,1,3,10,176,False,2021-08-27T16:41:17.000Z,347284,Moneko,,Geoxor,JohnnyDee & xScaramouche,832715,2021-04-10T20:56:09.000Z,2021-07-28T17:01:41.000Z,2021-07-13T16:15:41.000Z,,True,False,False,-1,6.53,6323,False,https://cdn.scoresaber.com/covers/9B34FED1340B36BB393AB42B15F5EA4B407CE498.png,9b34fed1340b36bb393ab42b15f5ea4b407ce498,16854,2021-04-10T20:32:56.056Z,3,19.0,-0.5,913,10,55,5.487,416.0,Standard,3883,False,False,False,False,166.4,6.53,832715,0,0,2,5.749413440163207e-07,0.8341533417796004
580,1060598,530299,0,7.192571431093225e-26,NF,0.5,9,68,137,False,2021-08-24T15:57:28.000Z,116194,Speedrun,,Camellia,fraies,1610115,2019-02-13T01:21:18.000Z,,,,False,False,False,-1,0,737,False,https://cdn.scoresaber.com/covers/1EC3C886EF05170A433E6A6050D64006AF41955C.png,1ec3c886ef05170a433e6a6050d64006af41955c,35a7,2019-02-13T00:17:48Z,6,21.0,0.0,1758,0,188,6.699,796.0,Standard,2358,False,False,False,False,262.418,,1610115,15,15,0,0.0,0.658709471062626
334,11660,5830,0,1.107280456898372e-22,NF,0.5,0,6,22,False,2021-08-24T15:30:43.000Z,372022,German Spongebob Yelling,,nickelodeon,Salat_,27715,2021-08-02T19:44:04.000Z,,,,False,False,False,-1,0,477,False,https://cdn.scoresaber.com/covers/54D8B698D7EC292CB2FD62754367AC2C80BA639C.png,54d8b698d7ec292cb2fd62754367ac2c80ba639c,1adda,2021-08-02T19:40:06.505Z,-1,16.0,0.0,38,0,0,7.369,7.735,Standard,0,False,False,False,False,5.157,,27715,3,6,0,0.0,0.4207108064225149
220,107702,107702,0,1.068525640906929e-22,,1,3,4,75,False,2021-08-23T16:23:52.000Z,62389,FreeCreditReport.com Loli!,,bbbbeasar on Instagram,Fuzzydacat,173995,2018-08-10T14:11:21.000Z,,,,False,False,False,-1,0,530,False,https://cdn.scoresaber.com/covers/F8F4AE802460204214B94862CE17ECD601C92715.png,f8f4ae802460204214b94862ce17ecd601c92715,eef,2018-08-10T16:27:45Z,5,10.0,0.0,197,32,6,3.532,132.0,Standard,335,False,False,False,False,55.775,,173995,20,15,0,0.0,0.6189947987011121
1754,1648777,1648777,236.4404,9.239579446127103e-07,,1,23,34,288,False,2021-08-23T16:15:05.000Z,369871,Wirepuller,,Yooh,abcbadq,2089435,2021-07-21T03:50:11.000Z,2021-07-29T16:58:18.000Z,2021-07-22T16:26:08.000Z,,True,False,False,-1,8.28,2734,False,https://cdn.scoresaber.com/covers/15D17C6057709BEBAAF9F133E46D660DFFD516FE.png,15d17c6057709bebaaf9f133e46d660dffd516fe,1a7c0,2021-07-21T03:41:53.764Z,5,17.0,-0.64,2279,0,156,7.467,671.5,Standard,11872,False,False,False,False,305.227,8.02,2089435,0,0,0,0.00021846098600740706,0.7891018385352978
1851,658248,658248,210.0918,2.528778857413356e-08,,1,5,21,161,False,2021-08-23T16:08:19.000Z,368943,Forever,,Chester Young & STIMX,Teuflum & muffn,870435,2021-07-16T21:37:50.000Z,2021-07-28T17:03:36.000Z,2021-07-17T22:07:16.000Z,,True,False,False,-1,7.67,3133,False,https://cdn.scoresaber.com/covers/5868546DD2A98E6F0BC288A83506EB766113A9EB.png,5868546dd2a98e6f0bc288a83506eb766113a9eb,1a568,2021-07-16T20:41:47.739Z,7,20.0,0.13,954,0,165,6.053,662.0,Standard,14177,True,False,False,False,157.619,7.15,870435,0,0,0,5.312757019559153e-06,0.7562287821606438
986,2283501,1141751,0,1.031127243475187e-22,NF,0.5,92,74,248,False,2021-08-23T15:13:57.000Z,356996,Moonlight,,Disco Fries (Feat. Danyka Nadeau & Badjack),HypersonicSharkz,3353515,2021-05-18T18:26:59.000Z,,,,False,False,False,-1,0,1974,False,https://cdn.scoresaber.com/covers/4C79E67472FCAF4B3A8D12ADA99C576BA6AFD9FB.png,4c79e67472fcaf4b3a8d12ada99c576ba6afd9fb,180e8,2021-05-18T18:15:52.363Z,5,19.0,-0.8,3653,609,140,19.293,403.938,Standard,49902,True,False,True,False,189.346,,3353515,52,55,1,0.0,0.6809276237022944
173,87562,43781,0,9.950377899535552e-23,NF,0.5,9,63,40,False,2021-08-23T15:10:24.000Z,289450,it do go down,,robert,xCheesy,262315,2020-08-27T15:20:19.000Z,,,,False,False,False,-1,0,287,False,https://cdn.scoresaber.com/covers/CBF388C56C2C55391009AF02B36A29A59A480874.png,cbf388c56c2c55391009af02b36a29a59a480874,debd,2020-08-27T14:56:42.323Z,2,27.0,0.0,293,12,2,12.701,55.75,Standard,0,False,True,False,False,23.069,,262315,0,0,0,0.0,0.3338047766997694
7139,517659,258830,0,9.266040659494993e-23,NF,0.5,2,13,152,False,2021-08-19T15:27:45.000Z,136864,Shatter Me,,Lindsey Stirling,nitronik.exe,629395,2019-05-01T13:57:57.000Z,,,,False,False,False,-1,0,8622,False,https://cdn.scoresaber.com/covers/0C02558F26E46D94C33728885A10EA8A4E2A9FD5.png,0c02558f26e46d94c33728885a10ea8a4e2a9fd5,49ae,2019-05-01T10:07:45Z,8,10.0,0.0,692,0,25,2.57,650.667,Standard,7862,False,False,False,False,269.241,,629395,0,18,0,0.0,0.8224707854368084
6523,370504,185252,0,8.941729236412668e-23,NF,0.5,12,57,54,False,2021-08-19T15:19:00.000Z,199246,Los! Los! Los! (German Ver.),,Selphius,Joetastic,657915,2020-01-25T02:44:49.000Z,,,,False,False,False,-1,0,8019,False,https://cdn.scoresaber.com/covers/CDFD561127D3A71C02AF0996C215242FCB789F79.png,cdfd561127d3a71c02af0996c215242fcb789f79,8115,2020-01-25T01:56:05.274Z,5,12.0,0.0,723,26,13,3.468,413.5,Standard,4753,False,False,False,False,208.487,,657915,27,29,4,0.0,0.5631487350189615
40,1109899,554950,0,8.628768713138224e-23,NF,0.5,214,213,127,False,2021-08-18T18:31:22.000Z,111034,Shinbatsu o Tadori-Kyou-Kotsu ni Itaru,,Imperial Circus Dead Decadence,RaZn,2759195,2019-01-28T02:51:53.000Z,,,,False,False,False,-1,0,70,False,https://cdn.scoresaber.com/covers/C7E954B49C81295FA9022C5AFAD29F67B8873B05.png,c7e954b49c81295fa9022c5afad29f67b8873b05,31d1,2019-01-28T01:50:32Z,6,19.0,0.0,3007,2,36,11.639,1076.5,Standard,3010,False,False,False,False,258.36,,2759195,54,46,1,0.0,0.40225464311148723
717,609512,304756,0,8.326761808178387e-23,NF,0.5,30,86,44,False,2021-08-15T18:47:50.000Z,371104,Anomaly,,Camellia,Jevk,1139075,2021-07-29T17:59:51.000Z,,,,False,False,False,-1,0,1337,False,https://cdn.scoresaber.com/covers/B8450442F7B599FE4B5D74813D2C18C7064315B6.png,b8450442f7b599fe4b5d74813d2c18c7064315b6,1abc1,2021-07-29T17:34:01.959Z,3,22.0,0.5,1246,19,0,4.867,896.0,Standard,21907,True,False,True,False,256.0,,1139075,43,0,4,0.0,0.5350938261308518
973,659699,659699,198.5971,2.324025269171579e-09,,1,1,1,382,False,2021-08-05T15:47:50.000Z,365298,Release The Kraken,(Sefa Remix),"Destructive Tendencies, Warface","Jabob, Daan, & lobster",722315,2021-06-29T17:54:15.000Z,2021-07-11T08:30:43.000Z,2021-07-01T20:42:13.000Z,,True,False,False,-1,5.5,2498,False,https://cdn.scoresaber.com/covers/B666A3E654179B794828E726FC80B506FDEB523F.png,b666a3e654179b794828e726fc80b506fdeb523f,19b97,2021-06-29T17:50:42.222Z,4,18.5,0.0,793,290,782,4.409,599.5,Standard,6319,False,False,False,False,179.85,3.47,722315,0,0,10,4.6154467878419503e-07,0.9133120591431716
2000,835732,835732,200.7395,3.965803079574833e-09,,1,27,28,219,False,2021-08-04T15:02:56.000Z,359655,Wild Ride,,e_ku,abcbadq,1259595,2021-05-31T17:35:58.000Z,2021-06-26T18:33:18.000Z,2021-06-15T20:51:50.000Z,,True,False,False,-1,8.03,2782,False,https://cdn.scoresaber.com/covers/A256C322C34F3C603893A5EE82C16971351A9919.png,a256c322c34f3c603893a5ee82c16971351a9919,1895f,2021-05-31T16:24:54.763Z,4,18.0,0.125,1377,53,46,8.489,589.367,Standard,6988,False,False,False,False,162.211,7.83,1259595,0,0,19,7.96093327292312e-07,0.6634926305677619
5727,768975,768975,179.3478,1.326481754388033e-11,,1,1,2,458,False,2021-08-04T14:54:04.000Z,348285,The Nights,,Avicii,Nolanimations,863075,2021-04-14T13:43:07.000Z,2021-06-26T18:33:50.000Z,2021-06-15T21:17:59.000Z,,True,False,False,-1,5.26,18398,False,https://cdn.scoresaber.com/covers/45F9480A43DDEA9FF338BF449AD9EAD62F73EB52.png,45f9480a43ddea9ff338bf449ad9ead62f73eb52,16abf,2021-04-14T13:27:38.617Z,6,16.0,-0.8,946,4,22,5.612,354.0,Standard,3667,False,False,False,False,168.571,4.26,863075,0,0,0,2.379015843896341e-09,0.8909712365669264
358,865021,432511,0,2.859535825237346e-23,NF,0.5,2,102,115,False,2021-08-03T17:04:26.000Z,178569,A Fool Moon Night,,KOXX,Oddloop & Hoppaw,1394835,2019-09-28T17:38:24.000Z,,,,False,False,False,-1,0,546,False,https://cdn.scoresaber.com/covers/6CCEAC0D86EB52F499627CAFB71D7EF3EA021AA3.png,6cceac0d86eb52f499627cafb71d7ef3ea021aa3,6667,2019-09-28T15:58:59.852Z,5,27.0,0.0,1524,0,21,6.595,531.5,Standard,22852,False,False,False,False,231.087,,1394835,3,0,0,0.0,0.6201600906200375
538,117196,117196,0,7.482695658052185e-23,,1,2,2,146,False,2021-08-03T16:55:00.000Z,60963,Ducktales,,Intro,Edit by Barudaq,141795,2018-08-04T13:58:02.000Z,,,,False,False,False,-1,0,18073,False,https://cdn.scoresaber.com/covers/109E7902EF47EC669B265A9536886F7BCFF124F9.png,109e7902ef47ec669b265a9536886f7bcff124f9,a,2018-05-08T18:49:21Z,,10.0,0.0,162,4,13,3.18,50.945,Standard,102,False,False,False,False,50.945,,141795,18,6,0,0.0,0.8265171550477802
3304,1050642,1050642,217.6091,7.105894655877796e-08,,1,10,26,163,False,2021-07-09T17:30:50.000Z,365341,LEADER,,MY FIRST STORY,Nolanimations,1393915,2021-06-29T22:56:28.000Z,2021-07-11T08:30:29.000Z,2021-06-30T16:26:33.000Z,,True,False,False,-1,7.97,4969,False,https://cdn.scoresaber.com/covers/E3212402DE04646F98FFEA3270A727C257622234.png,e3212402de04646f98ffea3270a727c257622234,19b9f,2021-06-29T19:42:18.792Z,5,20.0,-0.4,1523,0,20,6.532,699.5,Standard,5945,False,False,False,False,233.167,7.93,1393915,0,0,0,1.546307340760377e-05,0.7537346251385486
220,601489,300745,0,7.220801310020359e-23,NF,0.5,110,146,73,False,2021-07-04T18:59:55.000Z,140726,Fantasie-Celeritas,,Kobaryo,CriminalCannoli,1569635,2019-05-21T18:56:27.000Z,,,,False,False,False,-1,0,260,False,https://cdn.scoresaber.com/covers/303013306EE050069E655B5E0423104F42A59404.png,303013306ee050069e655b5e0423104f42a59404,4e2b,2019-05-20T20:00:25Z,6,20.0,0.0,1714,15,160,9.998,500.0,Standard,5371,False,False,False,False,171.429,,1569635,27,1,0,0.0,0.38320310135795904
439,290007,145004,0,6.724190699923708e-23,NF,0.5,74,266,73,False,2021-07-04T18:16:37.000Z,331709,Scary Swings,,Sr Pelo & Master Sword,Water,893435,2021-02-15T20:53:26.000Z,,,,False,False,False,-1,0,709,False,https://cdn.scoresaber.com/covers/E164E6E89219223D65B9F762DA0D6D830A8DD654.png,e164e6e89219223d65b9f762da0d6d830a8dd654,14144,2021-02-15T20:48:21.405Z,2,22.0,-0.4,979,0,12,11.743,264.0,Standard,0,False,False,False,False,83.368,,893435,0,32,0,0.0,0.32459776032951476
31,535740,535740,0,6.261734484536454e-23,,1,15,21,84,False,2021-06-25T16:21:35.000Z,361724,Break Through Myself,feat. Risa Yuzuki,DJ Myosuke & Laur,Jojobanana,795915,2021-06-12T11:49:47.000Z,,,,False,False,False,-1,0,43,False,https://cdn.scoresaber.com/covers/D73E09EA291234D4C1F0A7B611880FF0BE6B2948.png,d73e09ea291234d4c1f0a7b611880ff0be6b2948,1911f,2021-06-12T11:20:39.692Z,5,20.0,-0.3,873,123,47,6.169,471.75,Standard,3521,False,False,False,False,141.525,,795915,0,0,15,0.0,0.6731120785511016
1852,681428,681428,95.05054,2.792071201420021e-14,DA,1,21,50,81,False,2021-06-25T16:12:59.000Z,361092,Ghost Family Living In Graveyard,,RoughSketch,"Jabob, Narwhal & Schwank",1126195,2021-06-08T20:20:19.000Z,2021-06-20T11:15:05.000Z,2021-06-09T16:19:37.000Z,,True,False,False,-1,10.11,3262,False,https://cdn.scoresaber.com/covers/FDCF6854379007B211B5B62919F907F8D3A53FFF.png,fdcf6854379007b211b5b62919f907f8d3a53fff,18f4e,2021-06-08T20:12:30.452Z,4,22.0,-0.0666,1232,421,309,9.696,504.0,Standard,6629,False,False,False,False,127.059,10.11,1126195,0,0,12,2.6538787541342177e-12,0.6050710578541016
1079,1485668,742834,28.89851,1.734031290288266e-15,NF,0.5,119,411,97,False,2021-06-22T20:45:35.000Z,301293,Deadly force - Put an end,,Noah,abcbadq,3748195,2020-10-18T01:51:55.000Z,2020-10-24T19:53:41.000Z,2020-10-18T01:57:38.000Z,,True,False,False,-1,11.4,1478,False,https://cdn.scoresaber.com/covers/B713AE90A9CE8834B6B8BBCE65F27DDF7BBC51AB.png,b713ae90a9ce8834b6b8bbce65f27ddf7bbc51ab,ffb5,2020-10-18T01:43:12.850Z,5,23.0,0.3,4082,0,70,13.223,1543.563,Standard,17291,False,False,False,False,308.713,11.12,3748195,0,0,0,5.0110920582708363e-14,0.3963689189063002
1061,396738,396738,163.5824,2.542336671123161e-13,,1,3,3,118,False,2021-06-22T18:25:26.000Z,361094,Ghost Family Living In Graveyard,,RoughSketch,"Jabob, Narwhal & Schwank",455515,2021-06-08T20:25:17.000Z,2021-06-20T11:15:01.000Z,2021-06-09T16:19:41.000Z,,True,False,False,-1,5.01,2037,False,https://cdn.scoresaber.com/covers/FDCF6854379007B211B5B62919F907F8D3A53FFF.png,fdcf6854379007b211b5b62919f907f8d3a53fff,18f4e,2021-06-08T20:12:30.452Z,4,15.0,-0.75,503,69,174,3.959,504.0,Standard,6624,False,False,False,False,127.059,3.49,455515,0,0,2,4.158815342703374e-11,0.8709658298848556
4259,562787,562787,225.5874,2.222003495621783e-07,,1,0,2,335,False,2021-06-12T20:57:34.000Z,215815,Kill The Beat,,lapix,simplymarvellous,628475,2020-03-28T05:56:43.000Z,2020-04-09T23:10:43.000Z,2020-04-05T20:58:50.000Z,,True,False,False,-1,6.55,13469,False,https://cdn.scoresaber.com/covers/5183C321719C2B93FCA26AA2EF0463F2E22FE9F5.png,5183c321719c2b93fca26aa2ef0463f2e22fe9f5,948a,2020-03-28T05:52:31.213Z,4,19.0,0.2,691,10,18,7.678,180.0,Standard,3661,False,False,False,False,90.0,6.17,628475,0,0,1,5.0125599136822944e-05,0.89548032936871
3018,2240170,1120085,38.70829,2.225183016509609e-15,NF,0.5,60,122,273,False,2021-06-12T20:42:06.000Z,274072,Nacreous Snowmelt,,Camellia,Umbranox,3553155,2020-06-22T21:05:42.000Z,2020-08-05T03:44:24.000Z,2020-07-31T16:45:27.000Z,,True,False,False,-1,9.6,3801,False,https://cdn.scoresaber.com/covers/1F288D9C805E51799B723BE65694F3AC763C2CED.png,1f288d9c805e51799b723be65694f3ac763c2ced,b51b,2020-06-22T20:55:50.264Z,6,21.0,-0.2,3870,122,225,9.212,1407.299,Standard,16300,False,False,False,False,420.089,9.5,3553155,2,5,34,8.613302950612873e-14,0.6304734806108937
453,71806,35903,0,5.83108369536246e-23,NF,0.5,64,159,36,False,2021-06-11T15:04:26.000Z,340346,National Tiles Ad,,Frank Walker,FatBeanzoop,555795,2021-03-16T11:05:45.000Z,,,,False,False,False,-1,0,665,False,https://cdn.scoresaber.com/covers/2A229718B21633AEAE365786E6C41C3CAA3FDC2A.png,2a229718b21633aeae365786e6c41c3caa3fdc2a,15816,2021-03-16T11:01:42.352Z,2,16.0,-0.5,612,24,5,20.629,89.0,Standard,0,False,False,False,False,29.667,,555795,1,3,3,0.0,0.1291951169046141
4023,510189,510189,222.0765,1.302130279390026e-07,,1,12,10,172,False,2021-06-08T19:59:21.000Z,86338,Inferno,,9mm Parabellum Bullet,Hexagonial,695635,2018-11-08T02:55:31.000Z,1970-01-01T00:00:49.000Z,,,True,False,False,-1,8.31,8292,False,https://cdn.scoresaber.com/covers/53C04084A8B33AC931C10D1D942E9D6B86D3ECA0.png,53c04084a8b33ac931c10d1d942e9d6b86d3eca0,1ed4,2018-11-07T23:30:09Z,6,16.0,0.0,764,0,0,8.712,285.0,Standard,2190,False,False,False,False,87.692,6.72,695635,28,24,0,2.891725349909591e-05,0.7334147936777189
922,320549,320549,155.6584,1.006800004426494e-13,,1,1,0,277,False,2021-06-08T19:44:53.000Z,78656,Hitorigoto -TV MIX-,,ClariS,Psyc0pathic,355235,2018-10-08T18:25:32.000Z,1970-01-01T00:00:23.000Z,,,True,False,False,-1,4.45,11048,False,https://cdn.scoresaber.com/covers/C043C27D2825A4A368D7D899437491A0D56C2A1C.png,c043c27d2825a4a368d7d899437491a0d56c2a1c,1955,2018-10-08T17:22:19Z,4,10.0,0.0,394,0,0,4.515,240.001,Standard,732,False,False,False,False,87.273,3.2,355235,49,27,0,1.5671687780902097e-11,0.9023575942685828
10,500469,500469,0,4.708831555181796e-23,,1,0,1,500,False,2021-06-08T18:48:58.000Z,360725,Animosity,,Laur,Various Mappers,545675,2021-06-06T19:03:09.000Z,,,,False,False,False,-1,0,55,False,https://cdn.scoresaber.com/covers/F8AC54AC7E39A2A1D6B5DC662FC65CB031A0D39B.png,f8ac54ac7e39a2a1d6b5dc662fc65cb031a0d39b,18dba,2021-06-06T16:45:52.625Z,6,18.0,0.4,601,180,105,4.141,508.0,Standard,7334,False,False,False,False,145.143,,545675,0,0,4,0.0,0.9171558161909562
123,902716,451358,0,4.083404550965569e-23,"NF,GN",0.5,66,94,109,False,2021-05-25T16:18:55.000Z,171097,Fairy Dance ,,UNDEAD CORPORATION,Nuketime,1541115,2019-08-17T03:43:07.000Z,,,,False,False,False,-1,0,183,False,https://cdn.scoresaber.com/covers/82C1B579D8E683ABBF2FC3A634B0281BC21D5824.png,82c1b579d8e683abbf2fc3a634b0281bc21d5824,5d73,2019-08-17T03:29:27.905Z,5,18.0,0.0,1683,4,0,7.305,672.0,Standard,1689,False,False,False,False,230.4,,1541115,1,0,2,0.0,0.5857551188587484
769,913780,913780,0,3.297511270066655e-23,GN,1,8,12,305,False,2021-05-25T15:48:47.000Z,178610,A Fool Moon Night,,KOXX,Oddloop & Hoppaw,1228315,2019-09-28T20:37:30.000Z,,,,False,False,False,-1,0,1622,False,https://cdn.scoresaber.com/covers/6CCEAC0D86EB52F499627CAFB71D7EF3EA021AA3.png,6cceac0d86eb52f499627cafb71d7ef3ea021aa3,6667,2019-09-28T15:58:59.852Z,5,18.0,0.0,1343,0,33,5.853,527.75,Standard,19736,False,False,False,False,229.457,,1228315,11,10,0,0.0,0.7439296923020561
1356,1422757,711379,33.33636,1.862097012309878e-15,NF,0.5,126,291,94,False,2021-05-21T19:45:54.000Z,334829,Invisible Frenzy,"(Camellia's ""593: Insanely Fluctuated"" Remix)",Kobaryo,Denyah & Astrella,3032435,2021-02-25T10:30:18.000Z,2021-03-05T18:54:49.000Z,2021-02-26T17:37:13.000Z,,True,False,False,-1,11.11,2107,False,https://cdn.scoresaber.com/covers/3D3FA076FB3D04D4633380F80C6022202116B69C.png,3d3fa076fb3d04d4633380f80c6022202116b69c,1496b,2021-02-25T07:51:29.417Z,7,22.0,-1.9,3304,117,383,11.695,1396.125,Standard,12640,False,False,False,False,282.521,11.11,3032435,1,1,16,6.207553635728652e-14,0.4691797186089727
100,1215822,607911,0,3.802568402972912e-23,NF,0.5,105,119,145,False,2021-05-21T18:10:16.000Z,199415,Embraced By The Flame,,Undead Corporation,Nuketime,2414195,2020-01-25T19:57:20.000Z,,,,False,False,False,-1,0,122,False,https://cdn.scoresaber.com/covers/516137A5D30957E20C6A025B74562CD34152BCE3.png,516137a5d30957e20c6a025b74562cd34152bce3,8158,2020-01-25T18:51:14.295Z,3,19.0,0.0,2632,20,72,10.859,868.5,Standard,16098,False,False,False,False,242.372,,2414195,8,2,6,0.0,0.5036138340109229
333,1024976,512488,0,4.647169599459913e-24,NF,0.5,50,143,188,False,2021-05-18T17:36:46.000Z,324931,My Music Playlist,,Kobaryo,cerret,1881515,2021-01-25T02:45:09.000Z,,,,False,False,False,-1,0,419,False,https://cdn.scoresaber.com/covers/CF0EFE4D56C3F1E75B4983DDA3E025114728E0B5.png,cf0efe4d56c3f1e75b4983dda3e025114728e0b5,13225,2021-01-25T02:24:11.036Z,4,23.0,0.05,2053,44,45,11.338,848.0,Standard,8685,False,False,False,False,181.068,,1881515,0,0,1,0.0,0.5447610037655826
29,1280494,640247,0,2.963249559831446e-23,NF,0.5,153,235,93,False,2021-05-18T17:04:05.000Z,355118,FLYING OUT TO THE SKY,"(covered by Nanahira, moimoi, Nana Takahashi)",Camellia,dibl,2899035,2021-05-11T03:44:21.000Z,,,,False,False,False,-1,0,32,False,https://cdn.scoresaber.com/covers/0853216F3112AD3D4122CC3451F7B745720FCFD5.png,0853216f3112ad3d4122cc3451f7b745720fcfd5,17c74,2021-05-10T22:54:51.630Z,4,23.0,-0.3465,3159,94,233,12.028,1068.063,Standard,0,False,False,False,False,262.638,,2899035,0,21,6,0.0,0.44169663353495214
25,1078577,539289,0,3.07072493246782e-23,NF,0.5,196,259,80,False,2021-05-13T15:07:30.000Z,290569,FLYING OUT TO THE SKY,feat. Nanahira,Camellia,zzwhoops,2840155,2020-09-01T17:27:33.000Z,,,,False,False,False,-1,0,35,False,https://cdn.scoresaber.com/covers/FF9525B116EC71A2A9877BAB8AE45D1797256979.png,ff9525b116ec71a2a9877bab8ae45d1797256979,e1e6,2020-09-01T16:37:06.208Z,4,23.0,0.0,3095,22,288,11.782,1068.25,Standard,3561,False,False,False,False,262.684,,2840155,0,0,5,0.0,0.3797599074698388
3240,769962,769962,211.6278,3.362732684248793e-08,,1,10,40,126,False,2021-05-08T17:37:24.000Z,347668,We Are LSM,,Lite Show Magic,hwatwhy & meldi,1105955,2021-04-12T01:37:16.000Z,2021-04-25T18:23:29.000Z,2021-04-12T18:05:20.000Z,,True,False,False,-1,8.23,4531,False,https://cdn.scoresaber.com/covers/ED430D72B59591377C10AF1D354F802F103FB432.png,ed430d72b59591377c10af1d354f802f103fb432,1694e,2021-04-12T01:28:27.297Z,8,20.0,0.15,1210,0,14,8.886,290.484,Standard,3798,False,False,False,False,136.164,8.23,1105955,0,0,0,7.116477199556668e-06,0.6961964998575891
1169,634765,634765,168.8463,6.419820938538232e-13,,1,3,4,186,False,2021-05-08T17:11:53.000Z,341372,Nine Circles,,NIGHTkilla,Jabob & lobster,720475,2021-03-20T18:54:56.000Z,2021-04-25T18:12:00.000Z,2021-04-12T11:48:09.000Z,,True,False,False,-1,5.06,2463,False,https://cdn.scoresaber.com/covers/D74580054A2CC8215947567C0B3721BB3663079E.png,d74580054a2cc8215947567c0b3721bb3663079e,15ac0,2021-03-20T18:44:46.391Z,7,16.5,0.0,791,190,265,4.034,568.679,Standard,4396,False,False,False,False,196.096,4.15,720475,0,0,1,1.083963012134708e-10,0.8810368159894514
884,466934,466934,145.4664,4.764494050845984e-14,,1,1,1,299,False,2021-05-06T16:58:01.000Z,338885,Oniyuri,,Penoreri,Mystikmol & Pug,519915,2021-03-10T12:46:26.000Z,2021-04-25T18:13:37.000Z,2021-04-12T11:57:22.000Z,,True,False,False,-1,4.2,2294,False,https://cdn.scoresaber.com/covers/56617C820776AE2DED07909464CBF1FEFA00375E.png,56617c820776ae2ded07909464cbf1fefa00375e,15421,2021-03-10T11:56:00.825Z,7,15.0,0.25,573,0,3,4.826,302.75,Standard,4064,False,False,False,False,118.725,3.25,519915,0,0,0,6.930737973979822e-12,0.8980968042853159
3322,967130,967130,200.0784,3.693054972777074e-09,,1,0,10,373,False,2021-05-05T20:18:57.000Z,347926,Succession,"""Atomo's 'percussive nightmare' edit""",DJ Myosuke,Helloiamdaan & FatBeanzoop,1217275,2021-04-12T22:19:34.000Z,2021-04-25T18:24:38.000Z,2021-04-13T11:44:06.000Z,,True,False,False,-1,6.96,4662,False,https://cdn.scoresaber.com/covers/CAAD877634E4F483CAAF701D1D103BA8D692BD74.png,caad877634e4f483caaf701d1d103ba8d692bd74,169b1,2021-04-12T22:16:35.577Z,5,20.0,-1.0,1331,32,139,8.343,904.0,Standard,6379,False,False,False,False,159.529,6.91,1217275,0,0,7,7.389005300652805e-07,0.7945041178041117
10865,554364,554364,165.6861,3.898569687666428e-13,,1,3,3,302,False,2021-05-05T20:07:44.000Z,144475,Rockefeller Street (Nightcore),,Getter Jaani,RinkuSenpai,645035,2019-06-11T16:27:49.000Z,2019-08-10T21:56:29.000Z,,,True,False,False,-1,5.18,63401,False,https://cdn.scoresaber.com/covers/B8C98FFC598703AADB4A3CB921D2830D270B57A5.png,b8c98ffc598703aadb4a3cb921d2830d270b57a5,57c2,2019-07-18T21:40:09.204Z,6,17.0,0.0,709,0,6,5.053,380.0,Standard,2247,False,False,False,False,140.308,3.7,645035,87,75,0,6.459388071276686e-11,0.8594324338989358
2004,1090153,1090153,181.7149,1.763935797495157e-11,,1,9,11,344,False,2021-05-03T16:47:24.000Z,349732,LOVE SPICE LIKE U!!!,"(SPICE""MEGA MORI""MIX) [feat. Nanahira, Aitsuki Nakuru & yukacco]",DJ Genki,altrewin,1340555,2021-04-19T20:46:27.000Z,2021-04-29T19:08:15.000Z,2021-04-20T00:38:07.000Z,,True,False,False,-1,6.15,3841,False,https://cdn.scoresaber.com/covers/25F76A04677F383F2C5753FCDF6BB8581572311E.png,25f76a04677f383f2c5753fcdf6bb8581572311e,16e97,2021-04-19T20:36:01.903Z,5,16.5,0.1875,1465,36,126,7.444,656.0,Standard,7777,False,False,False,False,196.8,5.97,1340555,0,0,2,3.205334170482527e-09,0.8132102002528804
518,448983,448983,158.3514,1.3873862585577e-13,,1,0,0,532,True,2021-05-03T16:38:36.000Z,344682,Up & Down,,Marnik,cat_using_a_toaster,482195,2021-04-02T00:26:13.000Z,2021-04-18T16:06:50.000Z,2021-04-03T19:38:49.000Z,,True,False,False,-1,4.14,3984,False,https://cdn.scoresaber.com/covers/12E3EC0E91CF5956ED61CD0C5BE4E484801F9618.png,12e3ec0e91cf5956ed61cd0c5be4e484801f9618,162e4,2021-04-02T00:10:27.193Z,5,15.0,-0.05,532,12,8,3.325,368.0,Standard,4645,False,False,False,False,160.0,2.92,482195,0,0,1,2.196945563833738e-11,0.9311233007393275
1305,575898,575898,172.0518,1.309111530321523e-12,,1,7,3,161,False,2021-05-03T16:35:02.000Z,344684,Up & Down,,Marnik,cat_using_a_toaster,667115,2021-04-02T00:29:17.000Z,2021-04-18T16:06:52.000Z,2021-04-03T19:38:47.000Z,,True,False,False,-1,5.34,3498,False,https://cdn.scoresaber.com/covers/12E3EC0E91CF5956ED61CD0C5BE4E484801F9618.png,12e3ec0e91cf5956ed61cd0c5be4e484801f9618,162e4,2021-04-02T00:10:27.193Z,5,18.0,-0.5,733,12,8,4.581,368.0,Standard,4645,False,False,False,False,160.0,4.16,667115,0,0,1,2.2523499519257259e-10,0.863266453310149
3141,990073,990073,167.7822,5.769057332118106e-13,,1,8,6,304,False,2021-04-29T14:57:03.000Z,100659,CANDYYYLAND (Pa's Lam System Remix),,tofubeats,Saut,1218195,2018-12-30T20:38:00.000Z,2019-01-08T23:36:43.000Z,,,True,False,False,-1,5.68,8650,False,https://cdn.scoresaber.com/covers/061DB548E0E73A58E93835997A3B06C7C27756E6.png,061db548e0e73a58e93835997a3b06c7c27756e6,294c,2018-12-30T19:54:54Z,7,15.0,0.0,1332,0,0,6.215,571.5,Standard,3132,False,False,False,False,214.313,5.01,1218195,14,13,0,9.679451311089064e-11,0.8127376979875964
3748,850937,850937,223.1301,1.556029661090192e-07,,1,32,25,116,False,2021-04-29T14:41:10.000Z,100658,CANDYYYLAND (Pa's Lam System Remix),,tofubeats,Saut,1296395,2018-12-30T20:54:14.000Z,2019-01-08T23:37:02.000Z,,,True,False,False,-1,8.98,5596,False,https://cdn.scoresaber.com/covers/061DB548E0E73A58E93835997A3B06C7C27756E6.png,061db548e0e73a58e93835997a3b06c7c27756e6,294c,2018-12-30T19:54:54Z,7,16.0,0.0,1417,0,0,6.612,571.5,Standard,3132,False,False,False,False,214.313,8.42,1296395,42,47,0,3.4719705388202063e-05,0.6563871350938564
902,288157,288157,162.2941,2.204663516053543e-13,,1,0,1,299,False,2021-04-29T14:13:47.000Z,16769,aLIEz,,Sawano Hiroyuki,Bakuenjin,312915,2018-06-18T22:01:20.000Z,,,,True,False,False,-1,4.4,13536,False,https://cdn.scoresaber.com/covers/AA0A150D83B499C8BECC3BEDA1C17AC4D9D97D40.png,aa0a150d83b499c8becc3beda1c17ac4d9d97d40,5b0,2018-06-18T20:31:13Z,5,10.0,0.0,348,0,36,3.594,159.75,Standard,499,False,False,False,False,96.818,2.93,312915,17,39,0,3.578038811407453e-11,0.9208794720611029
604,990069,990069,0,1.365817092769414e-25,,1,8,32,265,False,2021-04-29T14:10:31.000Z,175817,(can you) understand me?,,Komiya Mao,Hexagonial,1338715,2019-09-12T21:26:11.000Z,,,,False,False,False,-1,0,971,False,https://cdn.scoresaber.com/covers/DC057DA39038B261B9485C38F41F66645824C4F7.png,dc057da39038b261b9485c38f41f66645824c4f7,6304,2019-09-12T21:08:35.420Z,6,20.0,0.0,1463,16,42,6.561,687.5,Standard,1887,False,False,False,False,222.973,,1338715,1,0,4,0.0,0.739566674012019
7309,399247,399247,199.9748,3.43906511702433e-09,,1,11,11,80,False,2021-04-26T15:27:14.000Z,97989,TIERRA,,Dj Genki,Rogdude,595355,2018-12-20T15:54:42.000Z,2019-01-02T23:48:17.000Z,,,True,False,False,-1,7.95,10165,False,https://cdn.scoresaber.com/covers/01FE02CF7CC8C74E94D5AE68D8F23F6AB143B33A.png,01fe02cf7cc8c74e94d5ae68d8f23f6ab143b33a,270b,2018-12-20T15:23:13Z,4,19.0,0.0,655,0,2,5.772,321.5,Standard,656,False,False,False,False,113.471,7.25,595355,12,9,0,6.877263589639169e-07,0.6706032535210085
7537,433480,433480,162.6674,2.367487466566665e-13,,1,13,7,104,False,2021-04-26T15:17:58.000Z,102076,Star Night Snow (Short edit),,n-buna x Orangestar feat. Hatsune Miku,Pug & Puds,558555,2019-01-03T23:14:30.000Z,2019-01-21T22:38:26.000Z,,,True,False,False,-1,5.79,11959,False,https://cdn.scoresaber.com/covers/326C13F6664093537D89222CDF1C3FF7C9CE09C8.png,326c13f6664093537d89222cdf1c3ff7c9ce09c8,2ab1,2019-01-03T22:14:11Z,5,17.0,0.0,615,0,0,5.839,316.0,Standard,1875,False,False,False,False,105.333,5.06,558555,39,40,0,3.8511303071898623e-11,0.7760739766003348
4600,617315,617315,169.5861,6.652664185013712e-13,,1,3,6,248,False,2021-04-26T15:14:53.000Z,303745,Planetes,(Short Ver.),EGOIST,Uninstaller,706675,2020-11-01T13:21:35.000Z,2020-11-11T09:43:11.000Z,2020-11-03T23:33:40.000Z,,True,False,False,-1,5.17,7784,False,https://cdn.scoresaber.com/covers/6C680AB891C7A5AF515161C156BF0249FE77F010.png,6c680ab891c7a5af515161c156bf0249fe77f010,10793,2020-11-01T12:02:28.111Z,4,15.0,0.0,776,18,62,3.292,550.0,Standard,2546,False,False,False,False,235.714,4.55,706675,0,0,1,1.1281993737461539e-10,0.8735486609827714
1950,660569,660569,169.7431,7.403100779435983e-13,,1,14,4,185,False,2021-04-26T14:35:55.000Z,324564,Start of the Determination,,Kobaryo,xScaramouche,820755,2021-01-23T22:35:13.000Z,2021-04-18T16:15:01.000Z,2021-04-10T16:20:06.000Z,,True,False,False,-1,5.82,3044,False,https://cdn.scoresaber.com/covers/BE3CA6ECEC35ADFD4BB4A2A548F302141B100E06.png,be3ca6ecec35adfd4bb4a2a548f302141b100e06,1313f,2021-01-23T20:11:00.613Z,5,18.0,0.2,900,20,203,5.357,560.0,Standard,5356,False,False,False,False,168.0,4.66,820755,0,0,0,1.25662527591388e-10,0.8048309178743961
81,575764,287882,0,2.759452071354039e-23,NF,0.5,16,21,81,False,2021-04-26T14:30:40.000Z,351175,Destr0yer,,Sakuzyo feat. Nikki Simmons,Hexagonial,823515,2021-04-25T05:48:32.000Z,,,,False,False,False,-1,0,115,False,https://cdn.scoresaber.com/covers/F6E5F3950AF28F3BF61A63423416B8EDCD2046CC.png,f6e5f3950af28f3bf61a63423416b8edcd2046cc,172b4,2021-04-25T03:51:22.256Z,7,20.0,-0.4,903,678,493,5.752,470.938,Standard,5040,False,False,False,False,156.979,,823515,0,5,4,0.0,0.699154235199116
3090,859534,859534,220.0729,9.792034720877101e-08,,1,9,6,258,False,2021-04-23T16:52:07.000Z,344685,Up & Down,,Marnik,cat_using_a_toaster,1024075,2021-04-02T00:31:28.000Z,2021-04-18T16:06:55.000Z,2021-04-03T19:38:45.000Z,,True,False,False,-1,7.13,6201,False,https://cdn.scoresaber.com/covers/12E3EC0E91CF5956ED61CD0C5BE4E484801F9618.png,12e3ec0e91cf5956ed61cd0c5be4e484801f9618,162e4,2021-04-02T00:10:27.193Z,5,21.0,0.23,1121,12,8,7.006,368.0,Standard,4645,False,False,False,False,160.0,7.09,1024075,0,0,1,2.1549614779241142e-05,0.8393271977150111
5782,537449,537449,174.9263,3.549865303163703e-12,,1,2,2,306,False,2021-04-23T16:35:54.000Z,282906,Kings & Queens,,Ava Max,Edmard,600875,2020-07-29T22:50:51.000Z,2020-08-03T23:22:02.000Z,2020-07-30T15:42:28.000Z,,True,False,False,-1,5.09,17152,False,https://cdn.scoresaber.com/covers/41D7C7B621D397DB0723B55F75AB2EF6BE1891E8.png,41d7c7b621d397db0723b55f75ab2ef6be1891e8,ca40,2020-07-29T22:38:29.144Z,3,15.0,-0.3,661,0,22,4.455,321.5,Standard,2338,False,False,False,False,148.385,3.95,600875,0,2,0,6.209648029808049e-10,0.8944439359267734
2655,691012,691012,205.8284,1.154813215848382e-08,,1,2,3,218,False,2021-04-23T16:19:55.000Z,194460,Tsurupettan,,Silver Forest,Kival Evan,806955,2019-12-31T11:53:45.000Z,2020-01-16T07:40:40.000Z,2020-01-12T02:39:38.000Z,,True,False,False,-1,6.47,8427,False,https://cdn.scoresaber.com/covers/3751C4E80EA591856BE52EBCA2A9F654B0888D2A.png,3751c4e80ea591856be52ebca2a9f654b0888d2a,7b30,2019-12-31T09:50:40.054Z,7,18.0,0.25,885,8,72,5.734,463.0,Standard,6575,False,False,False,False,154.333,5.49,806955,4,2,2,2.376933565169271e-06,0.8563203648282742
268,758261,758261,0,3.14042892814303e-24,,1,12,15,201,False,2021-04-23T16:13:35.000Z,290966,Cirno's Perfect Math Class,,IOSYS,AQU,1023155,2020-09-03T19:45:17.000Z,,,,False,False,False,-1,0,491,False,https://cdn.scoresaber.com/covers/81C25210CCEF3A0AE46EEA4A81CB4B84602AAF7E.png,81c25210ccef3a0ae46eea4a81cb4b84602aaf7e,e305,2020-09-03T19:33:17.699Z,5,20.0,-0.33,1120,24,28,9.307,351.0,Standard,4503,False,False,False,False,120.343,,1023155,0,0,0,0.0,0.7411008107276024
2952,1438,1438,0,6.179737328765872e-24,,1,0,0,6,True,2021-04-22T18:26:47.000Z,306449,Chonk Chart,,Gyan Ko,Chief Queef,1495,2020-11-12T09:27:35.000Z,,,,False,False,False,-1,0,31211,False,https://cdn.scoresaber.com/covers/B966EDCBA3F8187DACD633DABBF05E128E57D21B.png,b966edcba3f8187dacd633dabbf05e128e57d21b,10dcc,2020-11-12T09:20:18.282Z,4,6.9,6.9,6,0,0,0.383,18.0,Standard,312,True,False,True,False,15.652,,1495,6,0,0,0.0,0.9618729096989966
375,544344,272172,0,2.569670755146664e-23,NF,0.5,122,647,64,False,2021-04-21T19:45:47.000Z,196297,Party People,,Laur,Rogdude,2027795,2020-01-08T18:46:03.000Z,,,,False,False,False,-1,0,457,False,https://cdn.scoresaber.com/covers/25A77FA77B9F04B1CC3F4E92D92C2A55480360A5.png,25a77fa77b9f04b1cc3f4e92d92c2a55480360a5,7d11,2020-01-08T16:04:31.120Z,4,26.0,-1.0,2212,0,37,12.395,1041.0,Standard,0,False,False,False,False,178.457,,2027795,45,0,0,0.0,0.268441336525635
164,404408,202204,0,2.479732278716531e-23,NF,0.5,64,161,63,False,2021-04-21T19:42:17.000Z,215624,NULCTRL,,Silentroom,kizuflux,1123435,2020-03-27T15:16:43.000Z,,,,False,False,False,-1,0,198,False,https://cdn.scoresaber.com/covers/98661F9788BB1AE3384132BE0282E927856B6D7B.png,98661f9788bb1ae3384132be0282e927856b6d7b,9449,2020-03-27T13:27:09.307Z,4,20.0,0.0,1229,0,857,8.541,479.625,Standard,1361,False,False,False,False,143.888,,1123435,41,62,0,0.0,0.3599745423633766
170,597229,597229,0,8.003910867412208e-26,,1,20,41,71,False,2021-04-18T15:47:30.000Z,165495,Reizouko Mitara Pudding ga Nai,,bibuko,Hexagonial & Xhera,1005675,2019-07-16T19:00:53.000Z,,,,False,False,False,-1,0,255,False,https://cdn.scoresaber.com/covers/183F89B97371457FE3500C55F1350CB4FA82A10F.png,183f89b97371457fe3500c55f1350cb4fa82a10f,575e,2019-07-16T18:18:12.781Z,4,20.0,0.0,1101,19,23,9.481,367.75,Standard,3924,False,False,False,False,116.132,,1005675,0,0,0,0.0,0.5938588510204589
82,794336,397168,0,2.309188691247802e-23,NF,0.5,65,80,172,False,2021-04-18T15:41:50.000Z,137935,Overdrive,,IOSYS,DE125,1606435,2019-05-05T22:59:26.000Z,,,,False,False,False,-1,0,115,False,https://cdn.scoresaber.com/covers/C4A5A23027C242E77BF7A0E0616C99C2E0321798.png,c4a5a23027c242e77bf7a0e0616c99c2e0321798,4ae0,2019-05-05T21:54:16Z,7,20.0,0.0,1754,4,1,10.748,544.0,Standard,1914,False,False,False,False,163.2,,1606435,3,5,1,0.0,0.4944712982473614
96,256407,128204,0,2.150374239007234e-23,NF,0.5,324,322,49,False,2021-04-17T16:33:56.000Z,192978,When Hate Takes Over,,Imil,Astrella,1726955,2019-12-24T21:50:54.000Z,,,,False,False,False,-1,0,114,False,https://cdn.scoresaber.com/covers/E78C1ED5E1BB15C0FC8DD2C01C95F6CCCFAC075C.png,e78c1ed5e1bb15c0fc8dd2c01c95f6cccfac075c,7931,2019-12-24T20:00:51.930Z,5,25.0,-1.0,1885,0,0,15.619,704.0,Standard,1142,False,False,False,False,120.686,,1726955,6,0,0,0.0,0.1484734691986763
596,308208,154104,0,2.075111140641981e-23,NF,0.5,4,31,78,False,2021-04-16T12:22:02.000Z,177715,Chikatto Chika Chika,,Fujiwara Chika (CV: Kohara Konomi),Hexagonial,528195,2019-09-23T14:42:55.000Z,,,,False,False,False,-1,0,983,False,https://cdn.scoresaber.com/covers/1383177F813C86BF065A7567E7A9C1A68E336165.png,1383177f813c86bf065a7567e7a9c1a68e336165,656a,2019-09-23T12:50:44.091Z,6,20.0,0.0,582,26,25,6.348,272.0,Standard,1590,False,False,False,False,91.685,,528195,6,0,3,0.0,0.583511771220856
463,375381,187691,0,1.402302824485106e-23,NF,0.5,83,80,73,False,2021-04-13T14:46:54.000Z,93248,NANO DEATH!!!!!,,LeaF,Loloppe,1036955,2018-11-30T23:05:37.000Z,,,,False,False,False,-1,0,593,False,https://cdn.scoresaber.com/covers/499236ABE392374873F6E388A6F3CEA19914DA09.png,499236abe392374873f6e388a6f3cea19914da09,22b5,2018-11-28T20:02:29Z,1,18.0,0.0,1135,0,0,4.786,673.659,Standard,2842,False,False,False,False,237.762,,1036955,53,28,0,0.0,0.36200317275098726
98,219157,109579,0,2.002482250719511e-23,NF,0.5,179,190,34,False,2021-04-13T14:43:56.000Z,112123,MARENOL,,LeaF,BBbear,1070995,2019-01-31T13:20:24.000Z,,,,False,False,False,-1,0,154,False,https://cdn.scoresaber.com/covers/D2D242DEDB71B49C5EDD6717A2445BC3328B323C.png,d2d242dedb71b49c5edd6717a2445bc3328b323c,3294,2019-01-31T14:59:55Z,7,16.0,0.0,1172,1159,50,8.325,657.0,Standard,15837,False,False,False,False,140.786,,1070995,64,91,73,0.0,0.20462934000625588
9,368458,184229,0,1.932395371944328e-23,NF,0.5,293,156,91,False,2021-04-10T13:42:24.000Z,191983,northern_limit,feat. Sennzai,Kobaryo,Light Ai & shrado,1601835,2019-12-19T19:41:55.000Z,,,,False,False,False,-1,0,10,False,https://cdn.scoresaber.com/covers/5B91DEFD91B1ED2B6A6B8E77B7D04146AC9EF6F4.png,5b91defd91b1ed2b6a6b8e77b7d04146ac9ef6f4,770b,2019-12-17T21:30:37.889Z,5,22.0,0.1,1749,0,21,8.778,896.667,Standard,60464,False,False,False,False,199.259,,1601835,302,0,0,0.0,0.23002244301067212
61,1246889,623445,0,1.864761533926277e-23,NF,0.5,174,438,78,False,2021-04-07T19:45:48.000Z,211765,Vafbrudnir,,Team Grimoire,Tseska,3324075,2020-03-13T22:06:10.000Z,,,,False,False,False,-1,0,71,False,https://cdn.scoresaber.com/covers/5792D02D48C71C8B93DE85FBDB614825A086CA8E.png,5792d02d48c71c8b93de85fbdb614825a086ca8e,8fc4,2020-03-13T21:46:20.580Z,4,22.0,-0.2,3621,0,19,12.882,1040.0,Standard,3971,False,False,False,False,281.081,,3324075,13,0,0,0.0,0.3751085640366117
262,309342,154671,0,1.799494880238857e-23,NF,0.5,70,150,66,False,2021-04-07T19:15:22.000Z,194765,CLAMARE,,MAX MAXIMIZER,CriminalCannoli,985435,2020-01-01T17:14:58.000Z,,,,False,False,False,-1,0,338,False,https://cdn.scoresaber.com/covers/7F27995AA2027E88EF8270EDCA964C8F496FADDA.png,7f27995aa2027e88ef8270edca964c8f496fadda,7b8e,2020-01-01T17:01:58.643Z,4,24.0,-0.3,1079,74,420,9.637,418.0,Standard,1332,False,False,False,False,111.964,,985435,3,0,0,0.0,0.31391415973656306
230,333807,166904,0,1.736512559430497e-23,NF,0.5,253,248,71,False,2021-04-07T19:12:55.000Z,253333,Scarlet Police on Ghetto Patrol,,IOSYS,Dennileon1,1325835,2020-05-25T11:52:32.000Z,,,,False,False,False,-1,0,288,False,https://cdn.scoresaber.com/covers/42B5935DC6A023FA4ECB5D77B438AD2E81471B41.png,42b5935dc6a023fa4ecb5d77b438ad2e81471b41,aa23,2020-05-25T05:47:37.951Z,4,21.0,-0.5,1449,0,17,12.679,304.75,Standard,8026,False,False,False,False,114.281,,1325835,38,6,0,0.0,0.2517711479935286
277,65978,65978,0,1.67573461985043e-23,,1,1,10,28,False,2021-04-07T18:58:01.000Z,199002,Timelordz,,Renard,Qwasyx,124315,2020-01-23T22:08:31.000Z,,,,False,False,False,-1,0,359,False,https://cdn.scoresaber.com/covers/3420D4808B47EB46344710F866557A55A48AE821.png,3420d4808b47eb46344710f866557a55a48ae821,80a7,2020-01-23T16:29:26.968Z,5,21.0,0.0,143,0,4,3.9,110.0,OneSaber,2714,False,False,False,False,36.667,,124315,5,0,0,0.0,0.5307324136266742
2866,556409,556409,0,6.549237748536298e-25,,1,5,12,115,False,2021-04-07T18:45:02.000Z,294306,NULCTRL MEISO FLIP,,Meiso,Reaxt,694715,2020-09-17T21:32:34.000Z,,,,False,False,False,-1,0,13695,False,https://cdn.scoresaber.com/covers/89B1DE26BAAD93C63A6BDB3D9DBAE7DC4972897B.png,89b1de26baad93c63a6bdb3d9dbae7dc4972897b,ed2a,2020-09-17T21:26:11.811Z,3,19.0,0.37,763,0,1570,3.636,699.5,Lawless,3557,True,False,True,False,209.85,,694715,0,0,0,0.0,0.80091692276689
3614,1347599,1347599,65.39525,2.509044876883376e-14,,1,31,28,285,False,2021-04-04T18:54:42.000Z,103481,Ascension to Heaven,,xi,miitchel & ManDynasty,2301035,2019-01-07T21:13:05.000Z,2019-01-21T22:35:36.000Z,,,True,False,False,-1,8.73,5724,False,https://cdn.scoresaber.com/covers/B444C14C69F0D04C7350621EBA7955496C698936.png,b444c14c69f0d04c7350621eba7955496c698936,2bcf,2019-01-07T20:43:21Z,4,17.0,0.0,2509,15,216,8.56,977.0,Standard,12027,False,False,False,False,293.1,7.63,2301035,8,1,10,1.6407961698500761e-12,0.5856490666156752
1426,399776,199888,0,2.536021022199792e-24,NF,0.5,15,33,103,False,2021-04-04T18:43:50.000Z,304203,Oh No,(instrumental),Capone,Chief Queef,616515,2020-11-03T10:02:45.000Z,,,,False,False,False,-1,0,4193,False,https://cdn.scoresaber.com/covers/E74D24186F14746E46835E9F799AE73BBEAA6FD6.png,e74d24186f14746e46835e9f799ae73bbeaa6fd6,108ee,2020-11-03T09:57:02.880Z,2,17.0,0.0,678,59,23,4.109,484.0,Lawless,856,True,False,True,False,165.0,,616515,40,38,1,0.0,0.6484448877967284
163,907140,453570,0,1.560485971370216e-23,NF,0.5,37,89,142,False,2021-04-04T18:34:42.000Z,210893,Third Eye Ya!,,IOSYS,Hexagonial,1509835,2020-03-09T22:55:36.000Z,,,,False,False,False,-1,0,200,False,https://cdn.scoresaber.com/covers/073277E13845372714FE5339BDB61E93B4698B24.png,073277e13845372714fe5339bdb61e93b4698b24,8ed7,2020-03-09T22:22:38.299Z,4,22.0,-0.4,1649,16,122,6.104,783.438,Standard,0,False,False,False,False,270.151,,1509835,0,0,3,0.0,0.6008206194716641
273,1149994,574997,0,7.552339472561737e-25,NF,0.5,47,119,200,False,2021-04-04T18:28:17.000Z,259110,Packet Hero,,sana,Hexagonial,2011235,2020-06-01T01:53:05.000Z,,,,False,False,False,-1,0,352,False,https://cdn.scoresaber.com/covers/D560EE8DFA88C3AC029469CE6C55E0A8173332A1.png,d560ee8dfa88c3ac029469ce6c55e0a8173332a1,acfa,2020-06-01T01:47:33.631Z,5,23.0,0.0,2194,8,121,8.172,1056.0,Standard,1648,False,False,False,False,268.475,,2011235,0,0,2,0.0,0.5717849977749989
6791,1251204,1251204,202.3587,5.663149312712324e-09,,1,21,37,211,False,2021-04-02T14:23:14.000Z,332652,Kingslayer,(feat. BABYMETAL),Bring Me The Horizon,muffn & altrewin,1783075,2021-02-18T22:54:26.000Z,2021-02-27T01:20:14.000Z,2021-02-19T21:13:21.000Z,,True,False,False,-1,7.83,11425,False,https://cdn.scoresaber.com/covers/A949BB798E16A81092E54A38B78EB1375F06E49F.png,a949bb798e16a81092e54a38b78eb1375f06e49f,14427,2021-02-18T22:22:38.961Z,2,20.0,-0.38,1946,101,81,9.368,640.5,Standard,7965,False,False,False,False,207.73,7.73,1783075,0,0,44,1.1459875328263594e-06,0.701711369403979
287,354120,177060,0,1.453163548689229e-23,NF,0.5,160,91,76,False,2021-04-02T14:03:57.000Z,66972,Circus Galop,,Marc-Andre Hamelin,Loloppe,1285355,2018-09-01T03:18:13.000Z,,,,False,False,False,-1,0,376,False,https://cdn.scoresaber.com/covers/EEB14FDAECB654608D04B83DEC282509F17499DE.png,eeb14fdaecb654608d04b83dec282509f17499de,1276,2018-08-29T16:25:00Z,5,14.0,0.0,1405,0,1,13.245,353.603,Standard,2641,False,False,False,False,106.081,,1285355,20,0,0,0.0,0.2755036546323778
149,658068,329034,0,1.173487250465963e-23,NF,0.5,148,243,111,False,2021-03-28T17:37:07.000Z,169861,Slash Your Mind,,UNDEAD CORPORATION,Nuketime,1898075,2019-08-11T07:19:41.000Z,,,,False,False,False,-1,0,168,False,https://cdn.scoresaber.com/covers/DC2D3F09082A7F3FC155CAEA8CBAE150A1D9858B.png,dc2d3f09082a7f3fc155caea8cbae150a1d9858b,5bee,2019-08-11T06:43:17.402Z,4,24.0,0.0,2071,0,51,10.39,897.0,Standard,0,False,False,False,False,199.333,,1898075,17,7,0,0.0,0.346702843670561
324,869175,434588,0,1.054533341546636e-23,NF,0.5,148,266,97,False,2021-03-28T17:26:35.000Z,178580,A Fool Moon Night,,KOXX,Oddloop & Hoppaw,2117035,2019-09-28T18:11:08.000Z,,,,False,False,False,-1,0,658,False,https://cdn.scoresaber.com/covers/6CCEAC0D86EB52F499627CAFB71D7EF3EA021AA3.png,6cceac0d86eb52f499627cafb71d7ef3ea021aa3,6667,2019-09-28T15:58:59.852Z,5,24.0,0.4,2309,4,21,9.992,531.5,Standard,1234,False,False,False,False,231.087,,2117035,1,0,1,0.0,0.41056241394214077
69,204881,204881,0,3.977160735199263e-25,,1,9,4,91,False,2021-03-24T15:40:39.000Z,80662,Attack on titan - season 3 ending,,,Zoyer,304635,2018-10-16T12:29:22.000Z,,,,False,False,False,-1,0,992,False,https://cdn.scoresaber.com/covers/EE6556C5AB250C7D6CFF005272341431CB062B89.png,ee6556c5ab250c7d6cff005272341431cb062b89,1a84,2018-10-16T09:58:26Z,4,10.0,0.0,339,0,0,4.096,189.0,Standard,67,False,False,False,False,82.774,,304635,85,57,0,0.0,0.6725458335384968
88,582672,582672,0,2.170388451995621e-25,,1,14,11,166,False,2021-03-24T15:37:09.000Z,165573,Reizouko Mitara Pudding ga Nai,,bibuko,Hexagonial & Xhera,886075,2019-07-17T02:54:27.000Z,,,,False,False,False,-1,0,126,False,https://cdn.scoresaber.com/covers/183F89B97371457FE3500C55F1350CB4FA82A10F.png,183f89b97371457fe3500c55f1350cb4fa82a10f,575e,2019-07-16T18:18:12.781Z,4,18.0,0.0,971,19,34,8.361,367.75,Standard,3924,False,False,False,False,116.132,,886075,0,0,0,0.0,0.6575876759867957
3575,101668,50834,0,1.335501836189536e-24,NF,0.5,19,63,25,False,2021-03-24T15:34:42.000Z,289474,Try This,,Pegboard Nerds,Aeroluna,339595,2020-08-27T16:55:49.000Z,,,,False,False,False,-1,0,9583,False,https://cdn.scoresaber.com/covers/4EB39FDB6A9D70DB1ABB8BCCE664C90FAD845C19.png,4eb39fdb6a9d70db1abb8bcce664c90fad845c19,decf,2020-08-27T16:52:00.298Z,2,18.0,0.0,377,0,637,3.796,288.0,Standard,4951,True,False,True,False,99.31,,339595,401,46,7,0.0,0.2993801439950529
5193,849797,849797,0,8.515775341409225e-24,,1,11,32,143,False,2021-03-22T19:57:32.000Z,341504,"Lucy, The God of Time",,Codly,Shan_Man & Reddek,1131715,2021-03-21T03:06:32.000Z,,,,False,False,False,-1,0,12039,False,https://cdn.scoresaber.com/covers/DD4A025F814B8570F2726939B1C5B000ED210ECF.png,dd4a025f814b8570f2726939b1c5b000ed210ecf,15b16,2021-03-21T02:47:31.861Z,3,20.0,-0.4,1238,20,4342,5.181,677.0,Standard,31217,True,False,True,False,238.941,,1131715,0,0,3,0.0,0.7508931135489059
4778,572336,572336,0,5.754725893979999e-24,,1,5,10,294,False,2021-03-21T18:48:13.000Z,329292,The Wall,(Buunshin Remix),ABIS & Signal & Tasha Baxter,Tall_Chilis_Boi,699315,2021-02-08T08:40:20.000Z,,,,False,False,False,-1,0,12743,False,https://cdn.scoresaber.com/covers/9192703D277E652E3DC367BC87C68107967C6898.png,9192703d277e652e3dc367bc87c68107967c6898,13bea,2021-02-08T08:27:12.773Z,4,20.0,-0.5,768,0,14814,2.991,736.0,Standard,15872,True,False,True,False,256.744,,699315,0,0,0,0.0,0.8184237432344509
1944,987871,987871,193.14,5.393375933989032e-10,,1,16,28,121,False,2021-03-21T18:43:06.000Z,332692,Kingslayer,(feat. BABYMETAL),Bring Me The Horizon,muffn & altrewin,1399435,2021-02-19T02:23:03.000Z,2021-02-27T01:19:20.000Z,2021-02-19T21:13:23.000Z,,True,False,False,-1,7.44,3245,False,https://cdn.scoresaber.com/covers/A949BB798E16A81092E54A38B78EB1375F06E49F.png,a949bb798e16a81092e54a38b78eb1375f06e49f,14427,2021-02-18T22:22:38.961Z,2,19.0,-0.25,1529,10,304,7.361,640.5,Standard,5691,False,False,False,False,207.73,7.24,1399435,0,2,0,1.0416766278906414e-07,0.7059070267643728
2118,1125346,1125346,189.5935,1.852166791545164e-10,,1,5,12,319,False,2021-03-21T18:38:56.000Z,331863,Azure Raindrop,,Akatsuki Records,Kival Evan,1386555,2021-02-16T04:41:16.000Z,2021-02-26T02:22:57.000Z,2021-02-16T05:47:28.000Z,,True,False,False,-1,6.43,4317,False,https://cdn.scoresaber.com/covers/04B4DFC0D8F8C7C427F620AE8E6411CD889FEEEA.png,04b4dfc0d8f8c7c427f620ae8e6411cd889feeea,14182,2021-02-16T04:15:24.283Z,7,17.0,0.0,1515,0,258,6.618,671.5,Standard,19757,False,False,False,False,228.92,5.86,1386555,0,0,0,3.511587845928181e-08,0.8116129544085882
997,923959,923959,151.7313,6.803676498320509e-14,,1,4,1,416,False,2021-03-21T18:34:47.000Z,331881,Azure Raindrop,,Akatsuki Records,Kival Evan,1044315,2021-02-16T05:32:15.000Z,2021-02-26T02:22:55.000Z,2021-02-16T05:47:29.000Z,,True,False,False,-1,4.51,3665,False,https://cdn.scoresaber.com/covers/04B4DFC0D8F8C7C427F620AE8E6411CD889FEEEA.png,04b4dfc0d8f8c7c427f620ae8e6411cd889feeea,14182,2021-02-16T04:15:24.283Z,7,15.0,0.5,1143,0,262,4.993,671.5,Standard,19757,False,False,False,False,228.92,3.71,1044315,0,0,0,1.0323306798696186e-11,0.8847512484260017
724,516761,516761,169.7047,7.143992252155723e-13,,1,1,3,245,False,2021-03-17T20:25:34.000Z,335704,Melancholia,,you,Emilia,586155,2021-02-27T23:14:45.000Z,2021-03-08T17:09:31.000Z,2021-02-28T13:59:12.000Z,,True,False,False,-1,5.08,1681,False,https://cdn.scoresaber.com/covers/5909C4CC3F242632BF4C826305732489F8C54F9B.png,5909c4cc3f242632bf4c826305732489f8c54f9b,14c51,2021-02-27T22:59:12.666Z,6,19.0,-0.715,645,57,83,3.541,1032.25,Standard,5053,False,False,False,False,182.162,3.49,586155,0,0,4,1.2123690619544111e-10,0.8816115191374295
2614,335004,167502,0,1.288759271922902e-24,NF,0.5,32,66,76,False,2021-03-17T20:15:38.000Z,304205,Oh No,(instrumental),Capone,Chief Queef,686435,2020-11-03T10:07:50.000Z,,,,False,False,False,-1,0,8304,False,https://cdn.scoresaber.com/covers/E74D24186F14746E46835E9F799AE73BBEAA6FD6.png,e74d24186f14746e46835e9f799ae73bbeaa6fd6,108ee,2020-11-03T09:57:02.880Z,2,17.0,0.0,754,62,23,4.57,484.0,Lawless,856,True,False,True,False,165.0,,686435,45,57,0,0.0,0.4880345553475566
15454,312145,312145,0,5.553310487690699e-24,,1,7,17,68,False,2021-03-17T19:38:46.000Z,314128,Up & Down,,Marnik,The Good Boi,472995,2020-12-20T22:04:45.000Z,,,,False,False,False,-1,0,45205,False,https://cdn.scoresaber.com/covers/2AA85AAD10E124EB674D18D49251BC94EE1A4283.png,2aa85aad10e124eb674d18d49251bc94ee1a4283,11cf8,2020-12-20T21:25:04.106Z,7,17.0,0.0,522,0,8,3.335,360.0,Lawless,2790,True,False,True,False,156.522,,472995,25,13,0,0.0,0.659932980264062
3851,900225,900225,146.3826,5.116372574668833e-14,,1,14,18,187,False,2021-03-15T20:46:01.000Z,332655,Kingslayer,(feat. BABYMETAL),Bring Me The Horizon,muffn & altrewin,1171275,2021-02-18T23:10:01.000Z,2021-02-27T01:19:18.000Z,2021-02-19T21:13:25.000Z,,True,False,False,-1,5.26,7704,False,https://cdn.scoresaber.com/covers/A949BB798E16A81092E54A38B78EB1375F06E49F.png,a949bb798e16a81092e54a38b78eb1375f06e49f,14427,2021-02-18T22:22:38.961Z,2,17.0,0.0,1281,10,320,6.167,640.5,Standard,5691,False,False,False,False,207.73,4.31,1171275,0,0,2,7.489479200487178e-12,0.7685855157840814
432,411263,411263,175.8924,5.443573789186151e-12,,1,2,3,144,False,2021-03-15T20:41:55.000Z,327129,Evacuate The Moshpit,,Imil,Emilia & Oddloop,466555,2021-01-31T21:33:02.000Z,2021-02-07T23:24:07.000Z,2021-01-31T22:13:44.000Z,,True,False,False,-1,5.27,819,False,https://cdn.scoresaber.com/covers/48C1968A3A37307D61E90AC20EA8497821FB5A25.png,48c1968a3a37307d61e90ac20ea8497821fb5a25,1374b,2021-01-31T21:24:48.508Z,8,16.0,0.25,515,0,98,3.53,486.285,Standard,5477,False,False,False,False,145.886,2.48,466555,0,0,0,9.574832583570461e-10,0.8814887848163667
2851,628649,628649,205.9164,1.196697633003504e-08,,1,0,3,422,False,2021-03-14T14:58:04.000Z,335700,Melancholia,,you,Emilia,725995,2021-02-27T23:07:04.000Z,2021-03-08T17:09:33.000Z,2021-02-28T13:59:10.000Z,,True,False,False,-1,6.36,5090,False,https://cdn.scoresaber.com/covers/5909C4CC3F242632BF4C826305732489F8C54F9B.png,5909c4cc3f242632bf4c826305732489f8c54f9b,14c51,2021-02-27T22:59:12.666Z,6,21.0,-1.1,797,57,51,4.375,1032.25,Standard,5059,False,False,False,False,182.162,5.47,725995,0,0,3,2.4641966847660273e-06,0.8659136770914401
4431,1536062,1536062,226.9987,2.562332496160342e-07,,1,35,9,349,False,2021-03-09T14:42:04.000Z,38595,Freedom Dive,,v2,Roffle,2241235,2018-07-10T00:32:57.000Z,,,,True,False,False,-1,8.91,14360,False,https://cdn.scoresaber.com/covers/4692C6C200BC92364C268A518E9DEE89146E4391.png,4692c6c200bc92364c268a518e9dee89146e4391,86a,2018-07-07T18:55:56Z,5,16.0,0.0,2444,0,2,9.429,960.0,Standard,378,False,False,False,False,259.459,7.72,2241235,234,67,0,5.816461455961526e-05,0.6853640961344972
919,524870,524870,193.6622,6.678775000357715e-10,,1,11,14,139,False,2021-03-09T14:03:17.000Z,327131,Evacuate The Moshpit,,Imil,Emilia & Oddloop,691035,2021-01-31T21:35:48.000Z,2021-02-07T23:24:08.000Z,2021-01-31T22:13:42.000Z,,True,False,False,-1,7.04,1293,False,https://cdn.scoresaber.com/covers/48C1968A3A37307D61E90AC20EA8497821FB5A25.png,48c1968a3a37307d61e90ac20ea8497821fb5a25,1374b,2021-01-31T21:24:48.508Z,8,19.0,-0.175,759,8,169,5.05,500.973,Standard,5477,False,False,False,False,150.292,5.85,691035,0,0,0,1.293426259874276e-07,0.7595418466503144
634,379108,379108,163.7239,2.730099246823443e-13,,1,2,0,208,False,2021-03-06T19:38:47.000Z,324114,Quon,,DJ Noriken,+1 Rabbit,411355,2021-01-22T15:26:14.000Z,2021-02-03T19:47:59.000Z,2021-01-26T09:59:49.000Z,,True,False,False,-1,4.43,2094,False,https://cdn.scoresaber.com/covers/FF4BB1DF4D36EDDE892DA375FE60EA34FEF8B7A0.png,ff4bb1df4d36edde892da375fe60ea34fef8b7a0,13069,2021-01-22T06:15:44.853Z,6,14.0,0.5,455,100,152,3.814,338.0,Standard,3361,False,False,False,False,119.294,2.71,411355,1,0,1,4.4698249607699664e-11,0.9216078569605328
2258,333127,333127,154.8598,8.425191394714437e-14,,1,2,2,154,False,2021-03-06T19:35:20.000Z,215817,Kill The Beat,,lapix,simplymarvellous,376395,2020-03-28T06:00:10.000Z,2020-04-09T23:14:27.000Z,2020-04-05T20:58:54.000Z,,True,False,False,-1,4.6,4916,False,https://cdn.scoresaber.com/covers/5183C321719C2B93FCA26AA2EF0463F2E22FE9F5.png,5183c321719c2b93fca26aa2ef0463f2e22fe9f5,948a,2020-03-28T05:52:31.213Z,4,14.0,0.0,417,13,20,4.633,180.0,Standard,3659,False,False,False,False,90.0,3.34,376395,0,0,1,1.3047234543471988e-11,0.8850462944513078
1862,497224,497224,165.7334,4.186495946378618e-13,,1,1,2,241,False,2021-03-06T19:08:54.000Z,282905,Kings & Queens,,Ava Max,Edmard,550275,2020-07-29T22:48:07.000Z,2020-08-03T23:21:59.000Z,2020-07-30T15:42:30.000Z,,True,False,False,-1,4.72,8213,False,https://cdn.scoresaber.com/covers/41D7C7B621D397DB0723B55F75AB2EF6BE1891E8.png,41d7c7b621d397db0723b55f75ab2ef6be1891e8,ca40,2020-07-29T22:38:29.144Z,3,15.0,0.0,606,0,25,4.084,321.5,Standard,2338,False,False,False,False,148.385,2.78,550275,0,0,0,6.93842207279546e-11,0.9035918404434147
3616,604686,604686,178.9696,1.192019117719446e-11,,1,5,16,105,False,2021-02-28T16:42:43.000Z,330066,Ultimate Ascension,,Camellia,Narwhal and Complex,849275,2021-02-11T00:24:21.000Z,2021-02-19T21:29:46.000Z,2021-02-11T16:52:06.000Z,,True,False,False,-1,6.85,5128,False,https://cdn.scoresaber.com/covers/FAAF10021BD1CEC27E6E2A70DD19C9E1CDF2AC78.png,faaf10021bd1cec27e6e2a70dd19c9e1cdf2ac78,13de6,2021-02-11T00:18:07.749Z,8,19.0,0.15,931,61,144,7.837,396.0,Standard,4708,False,False,False,False,118.8,6.54,849275,0,0,5,2.133351846906022e-09,0.7120025904447912
3857,904713,904713,173.6138,2.314939442106753e-12,,1,11,19,183,False,2021-02-28T16:21:00.000Z,197978,New World,,FELT,Kival Evan,1202555,2020-01-18T15:00:00.000Z,2020-04-18T23:41:48.000Z,2020-04-14T03:37:55.000Z,,True,False,False,-1,6.37,5485,False,https://cdn.scoresaber.com/covers/B92ABFB912ED12CED131C9B798AE7D69800DF51B.png,b92abfb912ed12ced131c9b798ae7d69800df51b,7f35,2020-01-18T14:33:13.796Z,7,19.0,0.25,1315,66,105,5.568,767.5,Standard,21637,False,False,False,False,236.154,5.12,1202555,2,2,2,4.019054333140334e-10,0.75232567325403
1042,1848088,924044,0,3.284619578422174e-26,NF,0.5,113,235,163,False,2021-02-27T19:37:40.000Z,134339,Angreifer,,Unlucky Morpheus,Hexagonial & Psyc0pathic,3706795,2019-04-20T01:34:08.000Z,,,,False,False,False,-1,0,1378,False,https://cdn.scoresaber.com/covers/F01B8111FA651D29C670C028F360678FCF43F0E1.png,f01b8111fa651d29c670c028f360678fcf43f0e1,472c,2019-04-19T23:47:55Z,6,20.0,0.0,4037,0,151,9.687,1528.0,Standard,21723,False,False,False,False,416.727,,3706795,11,21,0,0.0,0.4985676305271805
1819,714910,714910,193.5015,6.219442249708113e-10,,1,3,9,362,False,2021-02-21T18:13:35.000Z,327975,Quaerite Veritatis,,Laur,Rusty & Nolanimations,837315,2021-02-03T21:58:44.000Z,2021-02-16T12:31:36.000Z,2021-02-08T21:49:44.000Z,,True,False,False,-1,6.11,4415,False,https://cdn.scoresaber.com/covers/B4B6CAD8A29458FA9FBBA1394790CD1387E0DC87.png,b4b6cad8a29458fa9fbba1394790cd1387e0dc87,138f2,2021-02-03T21:16:32.025Z,5,20.0,0.12,918,0,21,6.376,527.951,Standard,4242,False,False,False,False,143.987,5.09,837315,0,0,0,1.2034714044818945e-07,0.8538124839516789
1984,1060484,1060484,186.143,5.923168947199237e-11,,1,9,3,341,False,2021-02-21T18:01:54.000Z,274751,T.R.Y Revolution,,Halozy,Kival Evan,1277995,2020-06-26T09:59:49.000Z,2020-07-01T03:26:11.000Z,2020-06-26T21:49:29.000Z,,True,False,False,-1,6.13,3454,False,https://cdn.scoresaber.com/covers/3054C83ED7170A77B1D98F4381123BDB95485421.png,3054c83ed7170a77b1d98f4381123bdb95485421,b642,2020-06-26T09:35:09.576Z,7,16.0,0.0,1397,48,47,5.387,657.0,Standard,16934,True,False,False,False,259.342,6.13,1277995,19,30,12,1.1025564373385076e-08,0.8298029335013047
86,672876,672876,0,6.876826631104326e-24,,1,8,13,137,False,2021-02-21T17:52:12.000Z,290999,Cirno's Perfect Math Class,,IOSYS,AQU,906315,2020-09-03T23:05:18.000Z,,,,False,False,False,-1,0,222,False,https://cdn.scoresaber.com/covers/81C25210CCEF3A0AE46EEA4A81CB4B84602AAF7E.png,81c25210ccef3a0ae46eea4a81cb4b84602aaf7e,e305,2020-09-03T19:33:17.699Z,5,18.0,-0.165,993,5,20,8.251,351.0,Standard,4493,False,False,False,False,120.343,,906315,0,0,0,0.0,0.7424306118733552
2011,1020775,1020775,206.7122,1.331688017500492e-08,,1,11,62,115,False,2021-02-20T18:30:39.000Z,302580,Splatter Party,feat. Hatsune Miku,Camellia,Skeelie & AaltopahWi,1548475,2020-10-26T19:06:34.000Z,2021-01-22T05:25:10.000Z,2021-01-14T05:34:23.000Z,,True,False,False,-1,8.3,2875,False,https://cdn.scoresaber.com/covers/7B9DAB9DDAD1BD3234C1E12D83E6BC2D4A48EC5B.png,7b9dab9ddad1bd3234c1e12d83e6bc2d4a48ec5b,10405,2020-10-26T17:59:10.417Z,6,20.0,0.25,1691,430,801,6.089,999.833,Standard,74483,True,False,False,False,277.731,8.24,1548475,4,0,18,2.752761598111652e-06,0.6592130967564862
4116,829485,829485,175.6116,4.555338780641875e-12,,1,11,12,357,False,2021-02-20T18:09:28.000Z,68737,Greenlights Serenade ,,Omoi ft. Hatsune Miku,Edzo,1096755,2018-09-05T02:39:41.000Z,1970-01-01T00:01:23.000Z,,,True,False,False,-1,6.41,8544,False,https://cdn.scoresaber.com/covers/B3F11301E4AC555184E7EF4344242049FEA41345.png,b3f11301e4ac555184e7ef4344242049fea41345,13a0,2018-09-05T01:06:14Z,5,14.0,0.0,1200,0,18,5.148,777.0,Standard,1680,False,False,False,False,233.1,4.76,1096755,94,82,0,7.999703318105687e-10,0.7563083824555165
3544,756973,756973,173.7747,2.485907747436713e-12,,1,10,14,187,False,2021-02-20T18:04:20.000Z,80122,RELOADED,,EGOIST,Saut,1031435,2018-10-14T08:20:38.000Z,,,,True,False,False,-1,6.5,6951,False,https://cdn.scoresaber.com/covers/A5BE6E439863B22BB0CA36E2F4EAD53452E1B978.png,a5be6e439863b22bb0ca36e2f4ead53452e1b978,1a33,2018-10-14T05:36:51Z,5,12.0,0.0,1129,0,48,5.832,558.137,Standard,2396,False,False,False,False,193.574,5.6,1031435,47,18,0,4.3198787303849055e-10,0.7339027665340035
400,621289,621289,149.8058,6.335753647148516e-14,,1,2,3,287,False,2021-02-20T17:31:45.000Z,123372,Majesty (ft. Veela),,Ben Moon,ManDynasty,696555,2019-03-08T19:31:21.000Z,2019-05-08T00:18:34.000Z,,,True,False,False,-1,4.38,1458,False,https://cdn.scoresaber.com/covers/E1E30AF04360132974CACBC604496FA38E2A6693.png,e1e30af04360132974cacbc604496fa38e2a6693,3c8f,2019-03-08T19:10:00Z,3,12.0,0.0,765,0,53,2.716,831.0,Standard,7448,False,False,False,False,281.695,1.8,696555,113,119,0,9.491326437140011e-12,0.8919453596629124
676,401984,401984,171.9678,1.21907738482366e-12,,1,0,0,474,True,2021-02-18T19:47:06.000Z,292796,La Lune ,(the sky remix),Madeon,MaNaB,428835,2020-09-11T11:00:23.000Z,2020-09-18T18:48:41.000Z,2020-09-14T14:40:02.000Z,,True,False,False,-1,4.38,3381,False,https://cdn.scoresaber.com/covers/E5C179CD6D5D1D8206093AFC100A63F2C22D6CC2.png,e5c179cd6d5d1d8206093afc100a63f2c22d6cc2,e829,2020-09-11T06:20:01.577Z,7,16.0,0.4,474,16,11,3.058,478.0,Standard,5878,False,False,False,False,155.027,2.92,428835,0,0,1,2.096420558978782e-10,0.9373861741695524
147,678714,339357,0,5.963446522259066e-24,NF,0.5,224,142,56,False,2021-02-18T18:37:15.000Z,91399,Villain Virus,,Kobaryo (ft. Camellia),Rogdude,2135435,2018-12-01T01:56:07.000Z,,,,False,False,False,-1,0,241,False,https://cdn.scoresaber.com/covers/88F00568C8B92A8858E35FDB1131F6EAFCEBC942.png,88f00568c8b92a8858e35fdb1131f6eafcebc942,216e,2018-11-22T01:31:30Z,5,20.0,0.0,2329,8,4,8.884,1136.0,Standard,2333,False,False,False,False,262.154,,2135435,171,63,0,0.0,0.31783407127821733
4626,711699,711699,0,5.358944620621524e-24,,1,8,5,197,False,2021-02-18T18:12:40.000Z,190652,Savior,,Rise Against,Joetastic,843755,2019-12-11T15:37:55.000Z,,,,False,False,False,-1,0,14610,False,https://cdn.scoresaber.com/covers/20527803675E3A3D7721C0B8D05A1439A02A580D.png,20527803675e3a3d7721c0b8d05a1439a02a580d,75ba,2019-12-11T15:27:50.619Z,5,15.0,0.0,925,30,6,3.912,664.996,Standard,3686,False,False,False,False,236.093,,843755,20,13,0,0.0,0.8434901126511843
597,723250,723250,0,5.171381558899771e-24,,1,2,9,217,False,2021-02-18T18:07:23.000Z,321516,Moonglow,,Avantasia,Cyrix,838235,2021-01-14T20:48:58.000Z,,,,False,False,False,-1,0,2257,False,https://cdn.scoresaber.com/covers/750FB4A1310EFD3C715DF4E142818DEA871D4877.png,750fb4a1310efd3c715df4e142818dea871d4877,12ba3,2021-01-14T20:00:52.686Z,5,17.0,-0.5,919,26,26,4.05,476.5,Standard,3123,False,False,False,False,226.905,,838235,0,0,8,0.0,0.8628248641490751
93,818774,409387,0,8.70907939195849e-25,NF,0.5,62,379,76,False,2021-02-17T20:42:07.000Z,285269,ListENiNg to spEEDcorE turNs you iNto A fuckiNg idiot,(Kobaryo's FTN-Remix),kenta-v.ez.,Vilawes,2102315,2020-08-08T06:17:23.000Z,,2020-08-09T23:40:18.000Z,,False,False,False,-1,0,115,False,https://cdn.scoresaber.com/covers/89E817565AC32DE4674C57621BB38B8318BC6A75.png,89e817565ac32de4674c57621bb38b8318bc6a75,d10b,2020-08-08T06:08:00.585Z,7,24.0,-1.3,2293,8,89,10.545,1268.442,Standard,9578,False,False,False,False,217.447,,2102315,0,0,2,0.0,0.3894630443106766
6506,835996,835996,187.3406,9.753752549307437e-11,,1,7,13,232,False,2021-02-17T19:23:21.000Z,235380,The Government Knows,,KNOWER,Ramen Noodle,1046155,2020-05-05T23:02:34.000Z,2020-05-10T23:18:40.000Z,2020-05-06T02:54:02.000Z,,True,False,False,-1,6.48,10188,False,https://cdn.scoresaber.com/covers/237109CFBDF4594DE63BD16C52A18204D85AD778.png,237109cfbdf4594de63bd16c52a18204d85ad778,a2de,2020-05-05T17:50:44.371Z,5,21.0,-0.5,1145,44,13,5.167,539.25,Standard,11076,False,False,False,False,221.61,6.33,1046155,4,0,6,1.8272738548387848e-08,0.7991129421548432
3411,691340,691340,0,4.990383204338278e-24,,1,9,22,144,False,2021-02-17T17:22:12.000Z,199252,Los! Los! Los! (German Ver.),,Selphius,Joetastic,888835,2020-01-25T02:55:57.000Z,,,,False,False,False,-1,0,8957,False,https://cdn.scoresaber.com/covers/CDFD561127D3A71C02AF0996C215242FCB789F79.png,cdfd561127d3a71c02af0996c215242fcb789f79,8115,2020-01-25T01:56:05.274Z,5,16.0,0.0,974,16,25,4.672,413.5,Standard,4753,False,False,False,False,208.487,,888835,21,12,4,0.0,0.7778046544071734
139,877177,438589,0,4.815719792186438e-24,NF,0.5,23,96,85,False,2021-02-15T18:11:08.000Z,328698,Jujutsu Kaisen (Full Version),KaiKai Kitan,Eve,Electrostats,1649675,2021-02-06T16:43:18.000Z,,,,False,False,False,-1,0,242,False,https://cdn.scoresaber.com/covers/BC0543BFA8A4ECFE4D6794B4D043602421E9CCF3.png,bc0543bfa8a4ecfe4d6794b4d043602421e9ccf3,13acb,2021-02-06T15:57:53.087Z,3,21.0,-0.38,1801,48,58,8.433,658.5,Standard,0,False,False,False,False,213.568,,1649675,0,0,9,0.0,0.5317271583796809
2308,724250,724250,141.1873,4.131673953990429e-14,,1,16,15,138,False,2021-02-15T16:51:17.000Z,123389,Majesty (ft. Veela),,Ben Moon,ManDynasty,928395,2019-03-08T20:26:18.000Z,2019-05-08T00:18:29.000Z,,,True,False,False,-1,5,3742,False,https://cdn.scoresaber.com/covers/E1E30AF04360132974CACBC604496FA38E2A6693.png,e1e30af04360132974cacbc604496fa38e2a6693,3c8f,2019-03-08T19:10:00Z,3,16.0,2.0,1017,68,41,3.61,831.0,Standard,7448,False,False,False,False,281.695,3.37,928395,62,141,34,5.833398900442328e-12,0.7801097593158085
1330,370588,370588,136.9604,3.712854945081571e-14,,1,0,3,177,False,2021-02-11T17:19:33.000Z,275213,Falling,,Dropgun x Asketa & Natan Chaim,Teuflum,410435,2020-06-28T12:16:54.000Z,2020-07-12T22:21:06.000Z,2020-07-08T22:12:58.000Z,,True,False,False,-1,3.91,2763,False,https://cdn.scoresaber.com/covers/2DDDD6672560CB2C1D4C689FF31B5EA58EF1641E.png,2dddd6672560cb2c1d4c689ff31b5ea58ef1641e,b724,2020-06-28T11:22:49.373Z,7,12.0,0.5,454,0,65,2.432,392.0,Standard,9228,False,False,False,False,186.667,2.2,410435,12,2,0,5.0851409842035e-12,0.9029151997271188
1373,1001484,1001484,0,3.888884897398383e-24,,1,17,25,194,False,2021-02-06T19:11:18.000Z,123369,Majesty (ft. Veela),,Ben Moon,ManDynasty,1383795,2019-03-08T20:05:00.000Z,,,,False,False,False,-1,0,2399,False,https://cdn.scoresaber.com/covers/E1E30AF04360132974CACBC604496FA38E2A6693.png,e1e30af04360132974cacbc604496fa38e2a6693,3c8f,2019-03-08T19:10:00Z,3,18.0,1.0,1512,64,39,5.368,831.0,Standard,7448,False,False,False,False,281.695,,1383795,62,100,33,0.0,0.7237228057624142
1461,950658,950658,176.11,5.8456052932279e-12,,1,7,13,265,False,2021-02-06T18:57:37.000Z,302630,Splatter Party,feat. Hatsune Miku,Camellia,Skeelie & AaltopahWi,1174955,2020-10-27T00:12:24.000Z,2021-01-22T05:25:08.000Z,2021-01-14T05:34:25.000Z,,True,False,False,-1,6,2452,False,https://cdn.scoresaber.com/covers/7B9DAB9DDAD1BD3234C1E12D83E6BC2D4A48EC5B.png,7b9dab9ddad1bd3234c1e12d83e6bc2d4a48ec5b,10405,2020-10-26T17:59:10.417Z,6,18.0,0.5,1285,266,801,4.627,999.833,Standard,74483,True,False,False,False,277.731,4.55,1174955,4,0,12,1.0294695481903654e-09,0.8091016251686235
1991,754712,754712,146.0929,4.937299534555424e-14,,1,5,3,310,False,2021-02-06T18:47:44.000Z,198005,New World,,FELT,Kival Evan,867675,2020-01-18T17:24:07.000Z,2020-04-18T23:41:49.000Z,2020-04-14T03:37:53.000Z,,True,False,False,-1,4.48,5230,False,https://cdn.scoresaber.com/covers/B92ABFB912ED12CED131C9B798AE7D69800DF51B.png,b92abfb912ed12ced131c9b798ae7d69800df51b,7f35,2020-01-18T14:33:13.796Z,7,16.0,0.75,951,76,173,4.027,767.5,Standard,21637,False,False,False,False,236.154,3.23,867675,0,0,5,7.21304407171852e-12,0.8698095485060651
819,944330,944330,0,3.621426838579809e-24,,1,1,13,369,False,2021-02-03T16:47:19.000Z,191129,Recollection,,Kobaryo,muffn & ExUnReal,1106875,2019-12-14T19:10:27.000Z,,,,False,False,False,-1,0,1617,False,https://cdn.scoresaber.com/covers/68B26B53BC3E1B5999770DB7B6C4358251717521.png,68b26b53bc3e1b5999770db7b6c4358251717521,765d,2019-12-14T17:04:23.047Z,5,20.0,0.5,1211,4,7,6.453,832.0,Standard,4434,False,False,False,False,187.669,,1106875,0,0,1,0.0,0.8531496329757199
2399,981014,490507,0,3.494676899229516e-24,NF,0.5,18,79,74,False,2021-01-30T16:54:37.000Z,321525,Dark Chest of Wonders,,Nightwish,Cyrix,1491435,2021-01-14T20:58:28.000Z,,,,False,False,False,-1,0,3289,False,https://cdn.scoresaber.com/covers/FA41A12CFE48A86375DBB37B1E19CA0B35E6D3E7.png,fa41a12cfe48a86375dbb37b1e19ca0b35e6d3e7,12ba7,2021-01-14T20:04:58.768Z,5,21.0,-0.2,1629,30,9,6.294,819.625,Standard,6108,False,False,False,False,258.829,,1491435,0,0,2,0.0,0.6577651724681264
262,171613,171613,0,3.372363207756483e-24,,1,4,0,68,False,2021-01-28T18:34:48.000Z,212681,Shinzou wo Sasageyo,,Linked Horizon,Waterdev,208955,2020-03-16T18:04:55.000Z,,,,False,False,False,-1,0,1947,False,https://cdn.scoresaber.com/covers/B2F2654F9E4140EFAC5C49E425DDEAB056EEFCFB.png,b2f2654f9e4140efac5c49e425ddeab056eefcfb,90b3,2020-03-16T17:51:46.701Z,3,12.0,0.0,235,0,4610,2.956,212.0,Standard,334,False,True,False,False,79.5,,208955,35,29,0,0.0,0.8212916656696417
847,442058,442058,0,1.0407242707715e-24,,1,2,7,253,False,2021-01-28T17:53:50.000Z,297540,adrenaline!!!,,"Mikami Kamiki, Nicole Saito, Jun Toda",Joetastic,549355,2020-09-30T09:35:58.000Z,,,,False,False,False,-1,0,2557,False,https://cdn.scoresaber.com/covers/058160285251938EF2F7D6B08E6F1D91AAC67018.png,058160285251938ef2f7d6b08e6f1d91aac67018,f5a4,2020-09-30T09:05:28.234Z,5,18.0,-0.4,605,4,12,5.933,227.75,Standard,4615,False,False,False,False,101.978,,549355,0,0,0,0.0,0.804685494807547
31,788321,394161,0,3.254330495485006e-24,NF,0.5,14,187,105,False,2021-01-28T17:46:09.000Z,198883,Overdrive,,IOSYS,DE125,1825395,2020-01-23T07:29:52.000Z,,,,False,False,False,-1,0,47,False,https://cdn.scoresaber.com/covers/C56551127CE265FE1719009EBA4A500543C80724.png,c56551127ce265fe1719009eba4a500543c80724,8082,2020-01-23T06:11:11.561Z,4,25.0,-0.3,1992,0,8,11.528,576.0,Standard,0,False,False,False,False,172.8,,1825395,0,0,0,0.0,0.43186324055889275
1456,1035191,1035191,0,3.030513915658024e-24,,1,6,25,179,False,2021-01-28T17:34:26.000Z,321520,Dark Chest of Wonders,,Nightwish,Cyrix,1273395,2021-01-14T20:53:40.000Z,,,,False,False,False,-1,0,3840,False,https://cdn.scoresaber.com/covers/FA41A12CFE48A86375DBB37B1E19CA0B35E6D3E7.png,fa41a12cfe48a86375dbb37b1e19ca0b35e6d3e7,12ba7,2021-01-14T20:04:58.768Z,5,17.0,0.5,1392,19,31,5.378,819.708,Standard,6078,False,False,False,False,258.855,,1273395,0,0,8,0.0,0.8129378551038758
5381,944972,944972,204.351,7.803908921408029e-09,,1,21,10,257,False,2021-01-27T16:42:12.000Z,103321,Stay Alive (Jun Kuroda Bootleg Remix),,EMILIA (CV: Rie Takahashi),splake,1287195,2019-01-07T06:30:01.000Z,2019-03-03T20:16:30.000Z,,,True,False,False,-1,7.64,9280,False,https://cdn.scoresaber.com/covers/6D657DEC81613BF44917E7A1AD1B00763128B9E4.png,6d657dec81613bf44917e7a1ad1b00763128b9e4,2bb6,2019-01-07T05:51:53Z,6,16.0,0.0,1407,12,15,6.711,608.0,Standard,2999,False,False,False,False,209.655,6.12,1287195,127,100,0,1.594736591998652e-06,0.7341327460097343
6406,336157,336157,148.7479,5.693511763413569e-14,,1,8,2,179,False,2021-01-27T16:37:49.000Z,78657,Hitorigoto -TV MIX-,,ClariS,Psyc0pathic,426075,2018-10-08T18:32:04.000Z,1970-01-01T00:00:22.000Z,,,True,False,False,-1,5.21,17910,False,https://cdn.scoresaber.com/covers/C043C27D2825A4A368D7D899437491A0D56C2A1C.png,c043c27d2825a4a368d7d899437491a0d56c2a1c,1955,2018-10-08T17:22:19Z,4,12.0,0.0,471,10,3,5.397,240.0,Standard,732,False,False,False,False,87.273,4.31,426075,47,45,0,8.468979184330653e-12,0.7889620372000234
944,350472,350472,0,2.723317159869841e-24,,1,4,9,116,False,2021-01-22T16:36:24.000Z,297551,adrenaline!!!,,"Mikami Kamiki, Nicole Saito, Jun Toda",Joetastic,447235,2020-09-30T10:09:41.000Z,,,,False,False,False,-1,0,2410,False,https://cdn.scoresaber.com/covers/058160285251938EF2F7D6B08E6F1D91AAC67018.png,058160285251938ef2f7d6b08e6f1d91aac67018,f5a4,2020-09-30T09:05:28.234Z,5,15.0,0.0,494,4,11,4.844,227.75,Standard,4615,False,False,False,False,101.978,,447235,0,0,0,0.0,0.7836417096157501
4364,795938,795938,161.1322,1.981181460341166e-13,,1,5,2,329,False,2021-01-20T18:48:02.000Z,2701,Click Bait,,Feat. Gl!tch,DJ S3RL,967955,2018-05-23T18:32:53.000Z,,,,True,False,False,-1,5.37,34646,False,https://cdn.scoresaber.com/covers/0167975F8788AFBBC7D27B4C939395660C1DE854.png,0167975f8788afbbc7d27b4c939395660c1de854,1d3,2018-05-23T15:15:10Z,5,10.0,0.0,1060,0,7,5.652,547.0,Standard,2120,False,False,False,False,187.543,4.28,967955,156,73,0,3.192321273039848e-11,0.822288226208863
5595,1015278,1015278,228.6154,3.658999507390211e-07,,1,5,28,249,False,2021-01-20T18:18:48.000Z,275204,Falling,,Dropgun x Asketa & Natan Chaim,Teuflum,1357115,2020-06-28T11:34:22.000Z,2020-07-12T22:21:21.000Z,2020-07-08T22:13:10.000Z,,True,False,False,-1,8.43,8734,False,https://cdn.scoresaber.com/covers/2DDDD6672560CB2C1D4C689FF31B5EA58EF1641E.png,2dddd6672560cb2c1d4c689ff31b5ea58ef1641e,b724,2020-06-28T11:22:49.373Z,7,22.0,0.1,1483,16,39,7.945,392.0,Standard,9228,False,False,False,False,186.667,8.08,1357115,2,0,4,8.36503635981816e-05,0.7481149349907709
1544,399520,399520,157.9582,1.291968768625394e-13,,1,4,4,158,False,2021-01-20T17:32:26.000Z,211917,Carol of the Bells,,August Burns Red,Skeelie,465635,2020-03-14T10:52:12.000Z,2020-03-25T23:21:50.000Z,2020-03-21T19:45:35.000Z,,True,False,False,-1,4.95,2897,False,https://cdn.scoresaber.com/covers/C802AEC7EA699A24800712DCE2486791AC0880E3.png,c802aec7ea699a24800712dce2486791ac0880e3,8fe5,2020-03-14T08:03:51.654Z,7,14.0,1.0,514,0,61,4.12,374.305,Standard,8012,False,False,False,False,124.768,3.05,465635,1,1,0,2.0407706114828374e-11,0.8580111031172485
146,931306,931306,0,1.383939726621281e-24,,1,8,18,234,False,2021-01-19T17:35:53.000Z,194870,Sendan Life,,Remo Prototype[CV: Hanamori Yumiri],Rigid,1186915,2020-01-02T02:36:36.000Z,,,,False,False,False,-1,0,314,False,https://cdn.scoresaber.com/covers/43E2B3586C481212EA22776E275B5E8A1F1E47DA.png,43e2b3586c481212ea22776e275b5e8a1f1e47da,7ba2,2020-01-01T22:55:40.341Z,3,22.0,0.0,1298,8,2,6.709,732.0,Standard,1492,False,False,False,False,193.48,,1186915,4,2,1,0.0,0.7846442247338689
6131,1195240,1195240,200.7856,4.109640496968739e-09,,1,11,45,155,False,2021-01-19T17:22:04.000Z,304695,Bonfire,,Knife Party,SlimyBlob & Pixelguy,1587115,2020-11-05T13:11:50.000Z,2020-11-16T21:45:40.000Z,2020-11-09T21:58:54.000Z,,True,False,False,-1,7.36,8693,False,https://cdn.scoresaber.com/covers/53E0D70A6FE3618533BDDBBF7A7E3AB488B10C96.png,53e0d70a6fe3618533bddbbf7a7e3ab488b10c96,109e8,2020-11-05T13:04:24.311Z,4,20.0,-0.25,1733,363,128,6.544,768.0,Standard,25231,True,False,False,False,264.828,7.01,1587115,0,0,13,8.251566329681665e-07,0.7530897256972557
13736,874107,874107,161.7178,2.127500292991669e-13,,1,3,3,249,False,2021-01-19T17:07:47.000Z,97889,IGNITE,,Aoi Eir,Joetastic,998315,2018-12-20T01:48:36.000Z,2018-12-26T17:16:27.000Z,,,True,False,False,-1,4.91,92624,False,https://cdn.scoresaber.com/covers/125B07EBCC06FE9667E83FC2D6B9AE5ECBC72E8C.png,125b07ebcc06fe9667e83fc2d6b9ae5ecbc72e8c,26f6,2018-12-20T01:21:47Z,6,14.0,0.0,1093,16,16,4.594,678.0,Standard,1642,False,False,False,False,237.895,3.32,998315,77,79,0,3.4405466688196815e-11,0.8755823562703154
3035,783174,783174,167.4426,5.184260249608124e-13,,1,8,5,189,False,2021-01-19T17:02:18.000Z,13493,Time To Say Goodbye,,ft. Casey Lee Williams,Jeff Williams,938515,2018-06-16T02:44:43.000Z,,,,True,False,False,-1,5.47,20350,False,https://cdn.scoresaber.com/covers/60DBD91B8D38DE792614A847FFE1D8E227597EB8.png,60dbd91b8d38de792614a847ffe1d8e227597eb8,554,2018-06-16T00:19:31Z,4,12.5,0.0,1028,0,2,5.272,812.5,Standard,345,False,False,False,False,195.0,4.57,938515,104,44,0,8.680660152710332e-11,0.8344821340095789
3912,750993,750993,160.6279,1.911840109229225e-13,,1,1,8,316,False,2021-01-19T16:58:16.000Z,209797,Meowchine,,Azazal & MachineDoll,CyanSnow,872275,2020-03-06T02:37:36.000Z,2020-05-04T20:17:49.000Z,2020-04-30T15:24:42.000Z,,True,False,False,-1,5.01,8850,False,https://cdn.scoresaber.com/covers/24A148CDF2192F7A4F10A265B70E5C0DEB6424E9.png,24a148cdf2192f7a4f10a265b70e5c0deb6424e9,8d89,2020-03-06T02:16:39.709Z,6,17.0,-0.5,956,0,39,5.462,335.5,Standard,5054,False,False,False,False,175.043,3.78,872275,0,0,0,3.0709486188126104e-11,0.8609589865581382
2750,883759,883759,154.87,8.730768284678173e-14,,1,3,5,271,False,2021-01-19T16:50:34.000Z,100972,CANDYYYLAND (Pa's Lam System Remix),,tofubeats,Saut,1055355,2018-12-31T13:51:32.000Z,2019-01-08T23:36:30.000Z,,,True,False,False,-1,5.03,7002,False,https://cdn.scoresaber.com/covers/061DB548E0E73A58E93835997A3B06C7C27756E6.png,061db548e0e73a58e93835997a3b06c7c27756e6,294c,2018-12-30T19:54:54Z,7,13.0,0.0,1155,0,4,5.389,571.5,Standard,3132,False,False,False,False,214.313,3.92,1055355,20,6,0,1.3521340842481087e-11,0.8374044752713542
5020,635161,635161,59.91228,2.421228306192458e-14,,1,23,56,62,False,2021-01-18T14:47:58.000Z,132356,Monster,,Reol,Saut & ManDynasty,1169435,2019-04-12T01:31:08.000Z,2019-04-24T09:51:47.000Z,,,True,False,False,-1,8.62,6141,False,https://cdn.scoresaber.com/covers/283095490EB5D0AA60B8117BF90D52FBC7D8300F.png,283095490eb5d0aa60b8117bf90d52fbc7d8300f,4502,2019-04-11T23:23:44Z,3,18.0,0.0,1279,0,19,6.596,530.0,Standard,4251,False,False,False,False,193.902,7.76,1169435,50,53,0,1.4506130822452828e-12,0.5431349326811665
5078,1040682,1040682,158.5517,1.489850743437623e-13,,1,8,8,458,False,2021-01-12T17:24:09.000Z,97246,Soar,,Erik McClure,Hexagonial,1222795,2018-12-16T21:26:15.000Z,2019-01-21T22:43:09.000Z,,,True,False,False,-1,5.03,9978,False,https://cdn.scoresaber.com/covers/087CEDEAB4B9E4C3A4B9C594C97BEE6F446F0A77.png,087cedeab4b9e4c3a4b9c594c97bee6f446f0a77,2649,2018-12-16T21:04:48Z,6,15.0,0.0,1337,0,71,3.961,900.0,Standard,3056,False,False,False,False,337.5,3.5,1222795,26,7,0,2.36218368118299e-11,0.8510682493794953
264,2196239,1098120,0,1.595908260826862e-24,NF,0.5,84,175,216,False,2021-01-07T20:57:57.000Z,180988,"Yomi yori Kikoyu, Koukoku no Tou to Honoo no Shoujo",,Imperial Circus Dead Decadence,Nuketime,3897235,2019-10-13T13:44:37.000Z,,,,False,False,False,-1,0,357,False,https://cdn.scoresaber.com/covers/746F77C76F01EFC88BFA14D68BB873F508926080.png,746f77c76f01efc88bfa14d68bb873f508926080,699a,2019-10-13T12:30:33.996Z,5,21.0,0.0,4244,71,193,8.608,1807.75,Standard,10238,False,False,False,False,493.023,,3897235,5,10,4,0.0,0.5635377389354247
418,378495,189248,0,2.628001059274396e-24,NF,0.5,18,30,148,False,2021-01-07T20:22:03.000Z,242192,Armageddon,,LeaF,Skeelie,964275,2020-05-15T20:29:18.000Z,,,,False,False,False,-1,0,501,False,https://cdn.scoresaber.com/covers/706974811E3C4DDEB69E3658FE6EF72077CB6FCD.png,706974811e3c4ddeb69e3658fe6ef72077cb6fcd,a6a2,2020-05-15T19:12:17.408Z,2,19.0,0.5,1056,85,55,7.247,510.0,Standard,5487,False,False,False,False,145.714,,964275,0,1,2,0.0,0.3925176946410516
1024,1011038,505519,0,1.976259827931454e-24,NF,0.5,29,120,122,False,2021-01-05T16:31:22.000Z,242528,TRICKL4SH 220,,Lite Show Magic,cerret,1809755,2020-05-16T05:56:41.000Z,,,,False,False,False,-1,0,1212,False,https://cdn.scoresaber.com/covers/2C388532C027B389EC1CD0A0C06D94C4B21D860B.png,2c388532c027b389ec1cd0a0c06d94c4b21d860b,a6d4,2020-05-16T05:48:18.865Z,4,23.0,-0.2,1975,14,150,8.896,814.0,Standard,2199,False,False,False,False,222.0,,1809755,4,0,1,0.0,0.5586601501308188
566,1139637,1139637,0,2.278949960224071e-24,,1,22,56,92,False,2021-01-05T16:21:09.000Z,302772,Frightmare,(feat. Myles Travitz),Strangers,Kival Evan,1680955,2020-10-27T17:45:54.000Z,,,,False,False,False,-1,0,796,False,https://cdn.scoresaber.com/covers/B5B25CDD10279219479799FDBC620E4B27ABEE36.png,b5b25cdd10279219479799fdbc620e4b27abee36,10479,2020-10-27T15:59:58.826Z,7,19.0,-0.75,1835,404,666,6.696,584.625,Standard,15340,True,False,False,False,274.043,,1680955,1,0,0,0.0,0.6779699635028897
1678,885923,885923,0,2.199186711616229e-24,,1,6,21,191,False,2021-01-05T16:15:26.000Z,220564,Formula,,RL Grime & Juelz,Xhera,1199795,2020-04-14T02:32:25.000Z,,,,False,False,False,-1,0,2739,False,https://cdn.scoresaber.com/covers/9B6078FBC0898BDD41C845CC8BC6FB7E1DB06023.png,9b6078fbc0898bdd41c845cc8bc6fb7e1db06023,9ac9,2020-04-14T02:12:23.763Z,3,20.0,-0.4,1312,74,62,6.627,508.167,Standard,4792,False,False,False,False,197.987,,1199795,0,0,10,0.0,0.7383953091986548
1954,838873,838873,0,2.047937645524822e-24,,1,11,8,207,False,2021-01-05T16:03:56.000Z,170826,Weight of the World,NieR:Automata,JVNA,Skyler Wallace & Excession,1068235,2019-08-15T23:46:57.000Z,,,,False,False,False,-1,0,4537,False,https://cdn.scoresaber.com/covers/6B4E0F6A698973CA55754D057B40463063AE59D8.png,6b4e0f6a698973ca55754d057b40463063ae59d8,5d1f,2019-08-15T23:12:42.493Z,6,17.0,0.0,1169,5,58,4.432,637.5,Standard,12404,False,False,False,False,263.793,,1068235,89,78,1,0.0,0.7852888175354674
4697,324437,324437,0,1.907090733953853e-24,,1,0,6,97,False,2021-01-04T17:12:05.000Z,210694,Warriors,(feat. Edda Hayes),"2WEI, League of Legends",Halcyon12,399395,2020-03-09T01:53:42.000Z,,,,False,False,False,-1,0,15203,False,https://cdn.scoresaber.com/covers/3A49F1B40044BA90EB27963C29121537CEC28A44.png,3a49f1b40044ba90eb27963c29121537cec28a44,8e98,2020-03-09T01:22:45.508Z,8,19.0,0.5,442,0,178,2.346,386.268,Standard,3343,False,False,False,False,188.424,,399395,1,0,0,0.0,0.8123211357177731
67,743809,743809,0,3.169657893177398e-26,,1,27,10,179,False,2021-01-04T16:59:39.000Z,127945,Grief & Malice,,Helblinde,Booze,1128955,2019-03-25T16:19:05.000Z,,,,False,False,False,-1,0,134,False,https://cdn.scoresaber.com/covers/13D5E81D0C1E5DE2B2388ACE5A7795A69134115B.png,13d5e81d0c1e5de2b2388ace5a7795a69134115b,4093,2019-03-25T11:35:15Z,6,17.0,0.0,1235,28,25,5.75,716.0,Standard,1265,False,False,False,False,214.8,,1128955,124,56,2,0.0,0.6588473411251998
5533,680821,680821,0,1.71377299882076e-24,,1,10,9,158,False,2021-01-02T20:13:46.000Z,179496,world.execute (me) ;,,Mili,ejiejidayo,898035,2019-10-03T23:06:23.000Z,,,,False,False,False,-1,0,11288,False,https://cdn.scoresaber.com/covers/CFC9D5013D12ADB3CA5E0A4A31D8A06F2081DBE6.png,cfc9d5013d12adb3ca5e0a4a31d8a06f2081dbe6,67a8,2019-10-03T22:51:56.567Z,5,16.0,0.0,984,0,610,4.764,447.5,Standard,1025,False,True,False,False,206.538,,898035,0,0,0,0.0,0.7581230130228778
836,953229,953229,0,1.653790943862033e-24,,1,2,5,542,False,2021-01-02T19:53:26.000Z,136859,Shatter Me,,Lindsey Stirling,nitronik.exe,1065475,2019-05-01T13:16:00.000Z,,,,False,False,False,-1,0,14500,False,https://cdn.scoresaber.com/covers/0C02558F26E46D94C33728885A10EA8A4E2A9FD5.png,0c02558f26e46d94c33728885a10ea8a4e2a9fd5,49ae,2019-05-01T10:07:45Z,8,16.0,0.0,1166,38,29,4.305,654.5,Standard,7862,False,False,False,False,270.828,,1065475,0,0,0,0.0,0.8946516811750628
9541,923642,923642,0,1.540051471697922e-24,,1,14,31,152,False,2020-12-22T20:42:45.000Z,136836,Shatter Me,,Lindsey Stirling,nitronik.exe,1337795,2019-05-01T12:01:37.000Z,,,,False,False,False,-1,0,15444,False,https://cdn.scoresaber.com/covers/0C02558F26E46D94C33728885A10EA8A4E2A9FD5.png,0c02558f26e46d94c33728885a10ea8a4e2a9fd5,49ae,2019-05-01T10:07:45Z,8,19.0,0.0,1462,64,33,5.427,651.0,Standard,7862,False,False,False,False,269.379,,1337795,8,4,20,0.0,0.6904211781326736
95,529416,529416,0,1.184409267361416e-25,,1,11,11,163,False,2020-12-16T18:12:29.000Z,99046,Gravitation,,Maon Kurosaki,Rogdude,786715,2018-12-25T00:43:12.000Z,,,,False,False,False,-1,0,197,False,https://cdn.scoresaber.com/covers/26BF5A9CCC37ED98A085088CD43FA30AF8E7AF35.png,26bf5a9ccc37ed98a085088cd43fa30af8e7af35,27e0,2018-12-25T00:10:11Z,4,19.0,0.0,863,0,22,6.153,467.5,Standard,863,False,False,False,False,140.25,,786715,6,2,0,0.0,0.6729450944751276
3662,736645,368323,0,1.434134431731897e-24,NF,0.5,30,8,152,False,2020-12-16T18:02:51.000Z,36982,Sendan Life,,splake,Remo Prototype [CV.Hanamori Yumiri],1144595,2018-07-06T23:44:14.000Z,,,,False,False,False,-1,0,3952,False,https://cdn.scoresaber.com/covers/340280D2E436303102948F853E785365676C2737.png,340280d2e436303102948f853e785365676c2737,83a,2018-07-06T21:41:04Z,5,11.0,0.0,1252,0,13,4.468,1060.125,Standard,1276,False,False,False,False,280.209,,1144595,122,79,0,0.0,0.643585722460783
467,1101083,550542,0,2.687655433566689e-25,NF,0.5,83,189,66,False,2020-12-10T19:55:28.000Z,200921,Blackmagik Blazing,,Camellia,Soba`s,2351635,2020-02-02T17:46:50.000Z,,,,False,False,False,-1,0,551,False,https://cdn.scoresaber.com/covers/2CCB10E2477FFD67224D6156C0ED7C383281F71F.png,2ccb10e2477ffd67224d6156c0ed7c383281f71f,83a7,2020-02-02T17:28:07.860Z,5,21.0,0.3,2564,177,37,10.125,1080.5,Standard,2962,False,False,False,False,253.242,,2351635,0,2,4,0.0,0.46822019573615803
296,1434420,717210,0,2.502811931123139e-25,NF,0.5,144,359,78,False,2020-12-10T19:31:23.000Z,183283,Nightmare City,,Camellia,DE125,3589955,2019-10-27T04:26:24.000Z,,,,False,False,False,-1,0,345,False,https://cdn.scoresaber.com/covers/5ADF7E5B199F1A4B0E6B561DFB6BD4F658490B1F.png,5adf7e5b199f1a4b0e6b561dfb6bd4f658490b1f,6c83,2019-10-27T04:16:01.632Z,5,22.0,0.0,3910,12,27,9.474,1582.0,Standard,3,False,False,False,False,412.696,,3589955,2,0,3,0.0,0.3995648970530271
200,977727,488864,0,1.924840630434734e-26,NF,0.5,65,49,105,False,2020-12-04T21:18:28.000Z,107767,Snow Drive (01.23),,Araki,Psyc0pathic,1797795,2019-01-19T21:27:11.000Z,,,,False,False,False,-1,0,245,False,https://cdn.scoresaber.com/covers/9EA9FC5B21F2E43B530DE75B4A57E2FDD54F6BAC.png,9ea9fc5b21f2e43b530de75b4a57e2fdd54f6bac,2f19,2019-01-19T20:28:05Z,6,17.5,0.0,1962,0,14,7.567,968.0,Standard,8981,False,False,False,False,259.286,,1797795,114,172,0,0.0,0.5438478803200587
20017,313446,156723,0,6.786774868949532e-25,NF,0.5,10,30,120,False,2020-11-26T15:24:54.000Z,284836,ANALYS,,HAYAKO,Reaxt,528195,2020-08-06T16:56:31.000Z,,,,False,False,False,-1,0,37117,False,https://cdn.scoresaber.com/covers/F6DBD83B699872E2E42C2FC90337EF0AC2AB8F30.png,f6dbd83b699872e2e42c2fc90337ef0ac2ab8f30,d00c,2020-08-06T16:52:58.027Z,3,19.0,0.0,582,100,502,4.685,352.0,Standard,2478,True,False,True,False,124.235,,528195,148,3,0,0.0,0.593428563314685
2940,156937,78469,0,1.200124852996405e-24,NF,0.5,83,21,72,False,2020-11-26T15:22:15.000Z,300235,DADADADA, (kidnun super mario mix),Wuki,Mawntee,429755,2020-10-10T23:58:09.000Z,,,,False,False,False,-1,0,4768,False,https://cdn.scoresaber.com/covers/423954D7D0410A2D4081DF41CD98943AB6D78C66.png,423954d7d0410a2d4081df41cd98943ab6d78c66,fd07,2020-10-10T23:50:05.268Z,5,19.0,-0.2,475,24,177,3.856,308.0,Lawless,2635,True,False,True,False,123.2,,429755,9,0,8,0.0,0.3651778338820956
299,394212,197106,0,1.15812048314153e-24,NF,0.5,30,39,83,False,2020-11-11T13:52:03.000Z,301671,Fiesta Flamenco,BigTacoBellBoy Recorder Cover,Tim Haywood,Hexagonial,891595,2020-10-22T03:32:00.000Z,,,,False,False,False,-1,0,439,False,https://cdn.scoresaber.com/covers/A1C033B1D1A7EE34C214428F14E5A7D739F96A73.png,a1c033b1d1a7ee34c214428f14e5a7d739f96a73,1014a,2020-10-22T01:18:57.852Z,4,20.0,0.0,977,60,0,8.142,432.0,Standard,1089,False,False,False,False,120.0,,891595,0,0,0,0.0,0.4421424525709543
951,1106216,1106216,0,1.117586266231577e-24,,1,21,26,175,False,2020-11-11T13:49:06.000Z,99260,Red Like Roses Part II,,Jeff Williams ft. Casey Lee Williams,Joetastic,1556755,2018-12-26T04:37:12.000Z,,,,False,False,False,-1,0,2267,False,https://cdn.scoresaber.com/covers/1FD7356209A0B640EE259067551B578EC55191FB.png,1fd7356209a0b640ee259067551b578ec55191fb,2818,2018-12-26T04:29:13Z,5,15.0,0.0,1700,2,2,5.149,1155.5,Standard,2033,False,False,False,False,330.143,,1556755,84,73,0,0.0,0.7105909407710269
2650,888722,444361,25.64151,1.61477328829869e-15,NF,0.5,95,233,71,False,2020-11-09T17:33:48.000Z,302063,Dance with Silence,,Camellia,abcbadq,2307475,2020-10-24T01:28:15.000Z,2021-01-22T05:11:28.000Z,2021-01-12T23:42:16.000Z,,True,False,False,-1,10.41,3897,False,https://cdn.scoresaber.com/covers/A6984FBA66CB80E0D75EFDFC89E48BEE5DA79E93.png,a6984fba66cb80e0d75efdfc89e48bee5da79e93,1027a,2020-10-24T01:22:18.543Z,5,22.0,0.1,2516,0,324,9.074,1183.0,Standard,7977,False,False,False,False,277.266,10.41,2307475,0,0,0,4.140522541964374e-14,0.3851491348768676
379,4890,4890,0,1.078470746913472e-24,,1,0,1,15,False,2020-11-09T17:27:33.000Z,248940,Speed of Link,,antiPLUR,q,7475,2020-05-22T03:45:32.000Z,,,,False,False,False,-1,0,876,False,https://cdn.scoresaber.com/covers/5423627E312250264B726CEE37205E642EEFCF3F.png,5423627e312250264b726cee37205e642eefcf3f,a8ed,2020-05-22T03:33:48.904Z,3,22.0,0.0,16,0,0,13.052,5.375,Standard,45,False,False,False,False,1.226,,7475,0,0,0,0.0,0.6541806020066889
2604,1319446,659723,0,9.352282629824682e-25,NF,0.5,17,82,122,False,2020-11-09T17:15:22.000Z,189199,Newspapers for Magicians,,Camellia,TheRealZeroz,2044355,2019-12-04T06:44:22.000Z,,2020-01-23T20:59:26.000Z,,False,False,False,-1,0,3333,False,https://cdn.scoresaber.com/covers/0F4E5FF3074A64360A5691BD525D48161CCFA1D5.png,0f4e5ff3074a64360a5691bd525d48161ccfa1d5,73ad,2019-12-04T06:23:35.723Z,7,24.0,0.3,2230,23,100,8.259,675.0,Standard,17265,False,False,False,False,270.0,,2044355,3,0,5,0.0,0.6454094323148377
3964,300140,150070,0,9.6914845904919e-25,NF,0.5,468,344,74,False,2020-11-08T17:29:03.000Z,214048,DADADADA Of The Bumblebee ,(J.E.B VIP Edit),Wuki,Mawntee,1716835,2020-03-21T14:07:12.000Z,,,,False,False,False,-1,0,7394,False,https://cdn.scoresaber.com/covers/DF129E7F2660C4A2C081BEAF47CF66C99384B6D7.png,df129e7f2660c4a2c081beaf47cf66c99384b6d7,922f,2020-03-21T03:30:13.494Z,3,19.0,6.9,1874,40,37,12.075,388.0,Standard,3291,False,True,False,False,155.2,,1716835,0,0,0,0.0,0.17482169224182872
2758,595371,416760,0,9.024952737780819e-25,NA,0.7,32,12,130,False,2020-11-08T17:11:51.000Z,86068,RUSH E,,(Charted by JonathanRune),Sheet Music Boss,1057195,2018-11-06T21:31:23.000Z,,,,False,False,False,-1,0,23833,False,https://cdn.scoresaber.com/covers/FBC740EA2B988C2FBD7C90FEAFE34B4D3DD84440.png,fbc740ea2b988c2fbd7c90feafe34b4d3dd84440,1e99,2018-11-06T21:06:36Z,4,15.0,0.0,1157,0,0,8.496,272.375,Standard,2375,False,False,False,False,78.57,,1057195,137,24,0,0.0,0.5631610062476649
117,979113,685379,0,4.526257496679636e-26,NA,0.7,11,16,576,False,2020-11-03T18:19:58.000Z,44153,UNDEAD CORPORATION - The Empress,,,UNDEAD CORPORATION,1786755,2018-07-12T02:13:27.000Z,,,,False,False,False,-1,0,522,False,https://cdn.scoresaber.com/covers/9ABECE47E141B71DF2E46221B57A52571141828C.png,9abece47e141b71df2e46221b57a52571141828c,836,2018-07-06T19:39:06Z,4,15.0,0.0,1950,0,4,15.129,580.0,Standard,0,False,False,False,False,128.889,,1786755,322,336,0,0.0,0.547983914974353
1232,257037,128519,0,8.110112456776544e-25,NF,0.5,16,10,71,False,2020-11-01T15:51:27.000Z,265660,99,Tv Anime Opening,MOB CHOIR,thelitlewiseowl,468395,2020-06-08T18:11:23.000Z,,,,False,False,False,-1,0,1907,False,https://cdn.scoresaber.com/covers/FB65067E15499E61B412CD701391DED2B3E0BAD8.png,fb65067e15499e61b412cd701391ded2b3e0bad8,affd,2020-06-08T17:36:40.929Z,4,22.0,-0.1,517,0,0,5.857,279.5,Standard,3216,False,False,False,False,88.263,,468395,0,0,0,0.0,0.5487611951451232
4292,515318,257659,0,7.288007591022076e-25,NF,0.5,56,104,58,False,2020-10-02T16:05:46.000Z,286531,Doppelganger,,LeaF,Aeroluna,1283515,2020-08-13T17:13:21.000Z,,,,False,False,False,-1,0,8199,False,https://cdn.scoresaber.com/covers/DAF14D2B8FFF1EA6C1F485CF454282364BFBDC74.png,daf14d2b8fff1ea6c1f485cf454282364bfbdc74,d53c,2020-08-13T17:06:46.366Z,2,18.0,0.0,1403,192,655,5.332,614.0,Standard,12210,True,False,True,False,263.143,,1283515,4,1,5,0.0,0.4014896592560274
4586,236259,118130,0,6.320014427337528e-25,NF,0.5,61,52,76,False,2020-09-23T16:14:39.000Z,73203,Skyrim,,"Peter Hollens, Lindsey Stirling",Fishtick,613755,2018-11-27T07:23:35.000Z,,,,False,False,False,-1,0,4845,False,https://cdn.scoresaber.com/covers/A8FC3B72F6BDFCDFDE07EFDC4BAEABDBDC8582A8.png,a8fc3b72f6bdfcdfde07efdc4baeabdbdc8582a8,22cf,2018-11-29T15:03:15Z,4,12.0,0.0,675,0,12,3.624,624.0,Standard,408,False,False,False,False,186.269,,613755,163,83,0,0.0,0.3849402448859887
1870,218177,109089,0,4.752658139393183e-25,NF,0.5,22,29,75,False,2020-09-20T17:42:23.000Z,265639,99,Tv Anime Opening,MOB CHOIR,thelitlewiseowl,468395,2020-06-08T17:41:45.000Z,,,,False,False,False,-1,0,3947,False,https://cdn.scoresaber.com/covers/FB65067E15499E61B412CD701391DED2B3E0BAD8.png,fb65067e15499e61b412cd701391ded2b3e0bad8,affd,2020-06-08T17:36:40.929Z,4,22.0,-0.1,517,0,33052,5.857,279.5,Standard,4011,True,False,True,False,88.263,,468395,0,0,0,0.0,0.4657970302842686
737,114687,57344,0,5.679367994868979e-25,NF,0.5,26,64,29,False,2020-09-13T16:05:21.000Z,58705,Red Swan -TV Edit-,,,BBbear,307395,2018-07-26T03:19:30.000Z,,,,False,False,False,-1,0,1108,False,https://cdn.scoresaber.com/covers/9F73FED316CE1F334B5E865B86201FCDF7894AC5.png,9f73fed316ce1f334b5e865b86201fcdf7894ac5,bc7,2018-07-25T14:48:43Z,4,10.0,0.0,342,17,8,3.878,194.0,Standard,234,False,False,False,False,88.182,,307395,66,14,0,0.0,0.3730932513541209
161148,273862,136931,0,5.480590115048566e-25,NF,0.5,19,87,57,False,2020-09-13T15:59:35.000Z,1592,Rasputin (Funk Overload),,,Jobas,699315,2018-05-19T19:06:52.000Z,,,,False,False,False,-1,0,176725,False,https://cdn.scoresaber.com/covers/9A1D001995CC0A2014352AA7148CBCBF2E489D89.png,9a1d001995cc0a2014352aa7148cbcbf2e489d89,124,2018-05-19T16:36:34Z,5,10.0,0.0,768,0,154,3.329,586.013,Standard,1109,False,False,False,False,235.978,,699315,58,141,0,0.0,0.3916146514803772
280,73187,36594,0,5.1036625298861e-25,NF,0.5,0,1,87,False,2020-09-13T15:48:33.000Z,180890,CENSORED!!,,t+pazolite,Hexagonial,113275,2019-10-13T00:28:21.000Z,,,,False,False,False,-1,0,303,False,https://cdn.scoresaber.com/covers/21FB4C015ABEB60B7DCF612057B3A258D386E4CD.png,21fb4c015abeb60b7dcf612057b3a258d386e4cd,6974,2019-10-12T22:00:37.353Z,8,12.0,0.0,131,51,72,1.163,366.0,Standard,1227,False,False,False,False,112.615,,113275,24,0,11,0.0,0.6461001986316487
5873,872664,436332,0,4.586315104514422e-25,NF,0.5,19,61,146,False,2020-09-11T17:57:27.000Z,265615,End Game,Rott n' Roll,Zomboy,Spooky Ghost & Exce,1366315,2020-06-08T17:18:25.000Z,,,,False,False,False,-1,0,9035,False,https://cdn.scoresaber.com/covers/C28FFC53ACD2C89329B5A7FF3D57A2B32BCA416E.png,c28ffc53acd2c89329b5a7ff3d57a2b32bca416e,affa,2020-06-08T17:04:09.275Z,4,22.0,0.0,1493,5376,50000,5.068,982.0,Standard,12193,True,False,True,False,294.6,,1366315,0,0,0,0.0,0.6386989822991038
4733,442350,221175,0,4.925034341340086e-25,NF,0.5,6,56,58,False,2020-09-11T17:49:03.000Z,275015,Bad Apple,,Masayoshi Minoshima,Core Pee,770155,2020-06-27T14:48:43.000Z,,,,False,False,False,-1,0,9363,False,https://cdn.scoresaber.com/covers/AA674C7443013F6D1F6B4D6407D2C6E083A30C43.png,aa674c7443013f6d1f6b4d6407d2c6e083a30c43,b6cb,2020-06-27T14:38:56.067Z,5,20.0,0.2,845,0,124008,4.049,480.0,Standard,5,True,True,True,False,208.696,,770155,0,0,0,0.0,0.5743649005719628
951,165768,82884,0,4.425794075856417e-25,NF,0.5,67,210,50,False,2020-08-22T13:23:37.000Z,109475,Aurora Theory (Redux),,Erik McClure,Hexagonial,866755,2019-01-24T03:14:55.000Z,,,,False,False,False,-1,0,996,False,https://cdn.scoresaber.com/covers/AE0C5E0DEC36D2B041E47563E82DD1D4FD16A3C7.png,ae0c5e0dec36d2b041e47563e82dd1d4fd16a3c7,308b,2019-01-24T02:24:04Z,6,16.0,0.0,950,0,99,4.105,540.0,Standard,2303,False,False,False,False,231.429,,866755,4,0,0,0.0,0.19125127631222202
1256,225865,112933,0,4.270891283201442e-25,NF,0.5,17,17,84,False,2020-08-22T13:18:10.000Z,93012,Another Sleepless Night,,,Jasper Forks | beatmap by kieve,422395,2018-11-29T01:59:47.000Z,,,,False,False,False,-1,0,1411,False,https://cdn.scoresaber.com/covers/2F1179CE8554B9665F6C90822FBBE471B19625CF.png,2f1179ce8554b9665f6c90822fbbe471b19625cf,1f,2018-05-10T01:57:33Z,5,10.0,0.0,467,34,8,2.386,417.625,Standard,104,False,False,False,False,195.762,,422395,35,76,0,0.0,0.5347246061151292
165912,255962,127981,0,4.121410088289392e-25,NF,0.5,15,12,76,False,2020-08-22T13:12:33.000Z,1787,Gangnam Style,,PSY,GreatYazer,632155,2018-05-20T11:16:51.000Z,,,,False,False,False,-1,0,178572,False,https://cdn.scoresaber.com/covers/8E7E553099436AF31564ADF1977A5EC42A61CFFF.png,8e7e553099436af31564adf1977a5ec42a61cfff,141,2018-05-20T09:59:02Z,5,10.0,0.0,695,40,94,3.383,452.0,Standard,735,False,False,False,False,205.455,,632155,275,23,0,0.0,0.4049038606038076
167,435086,435086,0,3.703631505635933e-25,,1,19,9,81,False,2020-06-27T21:22:16.000Z,84484,ouroVoros,,Negentropy & Team Grimoire,Jotarome,719555,2018-11-01T02:21:54.000Z,,,,False,False,False,-1,0,243,False,https://cdn.scoresaber.com/covers/02885A05A2012A6F4B3CC4EDAD623461AD48AC8E.png,02885a05a2012a6f4b3cc4edad623461ad48ac8e,1d4b,2018-11-01T00:49:41Z,5,16.0,0.0,790,0,41,5.625,433.0,Standard,1339,False,False,False,False,140.432,,719555,65,39,0,0.0,0.604659824474849
91,675123,337562,0,3.837960109467288e-25,NF,0.5,71,29,107,False,2020-06-25T16:54:28.000Z,135605,CHAOS MAGNVM (Short Ver.),,Team Grimoire & Sennzai,shadowlord723,1282595,2019-04-25T23:20:20.000Z,,,,False,False,False,-1,0,110,False,https://cdn.scoresaber.com/covers/74A6650A164617EFA272788D31507BBD8389BD24.png,74a6650a164617efa272788d31507bbd8389bd24,485c,2019-04-25T19:32:09Z,5,20.0,0.0,1402,0,11,8.763,480.0,Standard,2384,False,False,False,False,160.0,,1282595,10,16,0,0.0,0.5263727053356672
21783,251548,125774,0,3.448914248835822e-25,NF,0.5,5,8,122,False,2020-06-23T16:44:03.000Z,164725,Onegai Muscle,,"Ai Fairouz, Kaito Ishikawa",ETAN,362595,2019-07-13T16:56:07.000Z,,,,False,False,False,-1,0,31660,False,https://cdn.scoresaber.com/covers/7AA8BD16A692B8C8769D96CF96B9B259BEA2E862.png,7aa8bd16a692b8c8769d96cf96b9b259bea2e862,56cb,2019-07-13T16:48:46.669Z,5,19.0,0.0,402,32,38,4.585,192.875,Standard,5023,False,False,False,False,87.67,,362595,12,6,0,0.0,0.6937437085453467
12433,192492,192492,0,3.099305140374113e-25,,1,2,0,113,False,2020-06-07T15:32:29.000Z,25,Unravel (TV Size),,TK,WinEpic,233795,2018-05-09T09:29:07.000Z,,,,False,False,False,-1,0,101093,False,https://cdn.scoresaber.com/covers/B9867CDCCF8B27D7A174C861ADC69215C86CDAB8.png,b9867cdccf8b27d7a174c861adc69215c86cdab8,7,2018-05-08T16:25:10Z,5,10.0,0.0,262,0,0,3.595,164.0,Standard,5,False,False,False,False,72.889,,233795,33,19,0,0.0,0.8233366838469599
501,323424,323424,0,2.066998448747332e-26,,1,18,5,182,False,2020-06-04T17:56:49.000Z,67279,Connect ,,(PandaBoY DnB remix),Mapped by Yun0 [v2.0],536475,2018-08-31T04:43:27.000Z,,,,False,False,False,-1,0,1363,False,https://cdn.scoresaber.com/covers/97C3607243AA600C00DF2774B4A5C736A93998B6.png,97c3607243aa600c00df2774b4a5c736a93998b6,12af,2018-08-31T02:30:06Z,1,16.0,0.0,591,71,45,4.634,531.346,Standard,2333,False,False,False,False,182.176,,536475,64,59,2,0.0,0.6028687264085
2751,721698,721698,155.8404,1.043316066763207e-13,,1,0,0,0,False,2020-05-22T15:59:10.000Z,68758,Greenlights Serenade ,,Omoi ft. Hatsune Miku,Edzo,1066395,2018-09-05T04:31:01.000Z,1970-01-01T00:01:22.000Z,,,True,False,False,-1,6.16,4784,False,https://cdn.scoresaber.com/covers/B3F11301E4AC555184E7EF4344242049FEA41345.png,b3f11301e4ac555184e7ef4344242049fea41345,13a0,2018-09-05T01:06:14Z,5,14.0,0.0,1167,0,18,5.006,777.0,Standard,1680,False,False,False,False,233.1,5.01,1066395,99,82,0,1.6259079317080487e-11,0.6767642383919654
1240,468986,234493,0,2.593587493391854e-25,NF,0.5,0,0,0,False,2020-05-15T19:32:10.000Z,89539,Grievous Lady,,(Arcaea) Team Grimoire vs Laur ,roeek,1220035,2018-11-18T04:13:00.000Z,,,,False,False,False,-1,0,1569,False,https://cdn.scoresaber.com/covers/14F828677FB41A76B290C335FA74ADB783F6BB65.png,14f828677fb41a76b290c335fa74adb783f6bb65,20b5,2018-11-17T19:24:24Z,6,16.0,0.0,1334,6,22,9.727,480.0,Standard,1790,False,False,False,False,137.143,,1220035,59,52,0,0.0,0.38440372612261126
1064,567124,567124,0,2.24910720414054e-25,,1,0,0,0,False,2020-03-24T11:18:54.000Z,119322,Rockefeller Street (Nightcore Mix),,Getter Jaani,Hexagonial & RaZn,951395,2019-02-22T23:25:47.000Z,,,,False,False,False,-1,0,1437,False,https://cdn.scoresaber.com/covers/CBA94FE7D4D856B270D14BC992E9D409EE6BD637.png,cba94fe7d4d856b270d14bc992e9d409ee6bd637,38b5,2019-02-22T23:19:01Z,6,18.0,0.0,1042,0,16,7.427,380.0,Standard,3019,False,False,False,False,140.741,,951395,5,8,0,0.0,0.5960973097399083
1817,449537,449537,0,5.219513242253559e-26,,1,0,0,0,False,2020-03-24T11:08:26.000Z,62808,Rainbow Road (Fixed Note Version),,Monstercat,BlackBlazon,635835,2018-08-12T06:48:23.000Z,,,,False,False,False,-1,0,4866,False,https://cdn.scoresaber.com/covers/49756182A5238B65DC2F28D04F5CAD8499D1DFAA.png,49756182a5238b65dc2f28d04f5cad8499d1dfaa,f3f,2018-08-12T05:02:56Z,4,14.5,0.0,699,0,0,4.13,479.5,Standard,705,False,False,False,False,169.235,,635835,78,17,0,0.0,0.7070026028765324
1115,336553,336553,0,2.094424856175774e-25,,1,0,0,0,False,2020-03-24T11:05:04.000Z,3487,Protectors of the Earth,,Two Steps from Hell,Jovian,405835,2018-05-26T06:14:22.000Z,,,,False,False,False,-1,0,5295,False,https://cdn.scoresaber.com/covers/5EADCD37A79F0F6DCA65E569581BE016E3E48DEF.png,5eadcd37a79f0f6dca65e569581be016e3e48def,237,2018-05-26T04:35:03Z,6,10.0,0.0,449,0,18,2.888,190.0,Standard,1129,False,False,False,False,156.164,,405835,92,62,0,0.0,0.8292853006763833
26398,534869,267435,0,2.021119986209622e-25,NF,0.5,0,0,0,False,2020-03-24T11:01:37.000Z,104085,POP/STARS vs MEGALOVANIA,,Dj CUTMAN,Joetastic,908155,2019-01-09T16:27:10.000Z,,,,False,False,False,-1,0,32095,False,https://cdn.scoresaber.com/covers/5EDE52DB98F5CDE3A4D54B4F96D7F9B6FE227FE7.png,5ede52db98f5cde3a4d54b4f96d7f9b6fe227fe7,2c4f,2019-01-09T15:56:43Z,5,15.0,0.0,995,0,27,5.821,527.0,Standard,3164,False,False,False,False,170.919,,908155,43,50,0,0.0,0.5889622366226029
111,471106,235553,0,1.882117459158055e-25,NF,0.5,0,0,0,False,2020-03-16T17:17:11.000Z,210924,AO-Infinity,,Seiryu,Hexagonial,1587115,2020-03-10T01:31:17.000Z,,,,False,False,False,-1,0,132,False,https://cdn.scoresaber.com/covers/49BC98D3B1A5F566FC791402506CFDCD20361340.png,49bc98d3b1a5f566fc791402506cfdcd20361340,8ed6,2020-03-09T22:22:33.976Z,5,23.0,0.0,1733,24,95,8.308,664.0,Standard,4628,False,False,False,False,208.586,,1587115,0,0,1,0.0,0.29683167256310977
380,267467,133734,0,1.75267483090446e-25,NF,0.5,0,0,0,False,2020-03-15T17:31:34.000Z,177649,HYDRA (TV Size),,MYTH & ROID,Hexagonial,418715,2019-09-23T04:41:35.000Z,,,,False,False,False,-1,0,620,False,https://cdn.scoresaber.com/covers/5F6127B740934C46114E6D8F697AE728EE645B5D.png,5f6127b740934c46114e6d8f697ae728ee645b5d,6559,2019-09-23T01:56:24.254Z,5,18.0,0.0,463,4,46,5.536,231.405,Standard,1915,False,False,False,False,83.64,,418715,0,0,0,0.0,0.6387805547926394
869,784981,392491,0,2.951664671574122e-26,NF,0.5,0,0,0,False,2020-03-01T12:37:44.000Z,112704,Overcomplexification ,,Camellia,Nuketime,1646915,2019-02-02T05:54:13.000Z,,,,False,False,False,-1,0,995,False,https://cdn.scoresaber.com/covers/5D2EB8AE6647E20E207F05345698C877255926E2.png,5d2eb8ae6647e20e207f05345698c877255926e2,32f0,2019-02-02T04:39:59Z,5,18.0,0.0,1798,54,134,6.694,850.5,Standard,3458,False,False,False,False,268.579,,1646915,76,75,4,0.0,0.4766372277864978
514,394072,197036,0,1.691331211822804e-25,NF,0.5,0,0,0,False,2020-03-01T12:32:51.000Z,80190,Oshama Scramble!,,t+pazolite,Mystikmol/Kizuflux,1128955,2018-11-16T02:32:44.000Z,,,,False,False,False,-1,0,744,False,https://cdn.scoresaber.com/covers/C02E2D5814FCD2A0CA12C51707275649BFA7736E.png,c02e2d5814fcd2a0ca12c51707275649bfa7736e,1a46,2018-10-14T14:41:52Z,5,16.0,0.0,1235,0,30,10.315,379.125,Standard,3125,False,False,False,False,119.724,,1128955,74,111,0,0.0,0.3490590856145728
1010,622452,311226,0,1.632134619409006e-25,NF,0.5,0,0,0,False,2020-03-01T12:26:49.000Z,118918,Night of Nights,,BeatMARIO,CoolingCloset & Redmagi,1410475,2019-02-21T19:00:37.000Z,,,,False,False,False,-1,0,1363,False,https://cdn.scoresaber.com/covers/3FC488304F8DF8A90566F97D820E642C92808FC1.png,3fc488304f8df8a90566f97d820e642c92808fc1,3842,2019-02-21T18:29:33Z,5,18.0,0.0,1541,0,0,8.444,547.5,Standard,19585,False,False,False,False,182.5,,1410475,24,27,0,0.0,0.44130665201439234
87804,477648,238824,0,1.57500990772969e-25,NF,0.5,0,0,0,False,2020-02-29T17:02:04.000Z,1788,Gangnam Style,,PSY,GreatYazer,850195,2018-05-20T12:18:34.000Z,,,,False,False,False,-1,0,114419,False,https://cdn.scoresaber.com/covers/8E7E553099436AF31564ADF1977A5EC42A61CFFF.png,8e7e553099436af31564adf1977a5ec42a61cfff,141,2018-05-20T09:59:02Z,5,10.0,0.0,932,50,103,4.536,452.0,Standard,735,False,False,False,False,205.455,,850195,332,34,0,0.0,0.5618099377201701
8143,188325,94163,0,1.519884560959151e-25,NF,0.5,0,0,0,False,2020-02-29T16:56:37.000Z,4586,Bailar,,Deorro,Allergic,366275,2018-06-01T00:19:59.000Z,,,,False,False,False,-1,0,8867,False,https://cdn.scoresaber.com/covers/3CF17524384CABDCDC47492583452A1EF34E8AF2.png,3cf17524384cabdcdc47492583452a1ef34e8af2,30d,2018-05-31T22:59:48Z,4,10.0,0.0,406,22,16,2.633,329.0,Standard,112,False,False,False,False,153.023,,366275,34,90,0,0.0,0.5141628557777627
568,289850,144925,0,1.466688601325581e-25,NF,0.5,0,0,0,False,2020-02-14T09:23:04.000Z,109121,Akashic Records' Data Collapse,,Camellia,fraies,726915,2019-01-23T02:12:54.000Z,,,,False,False,False,-1,0,683,False,https://cdn.scoresaber.com/covers/7633DAADF2BE66D0E38767EB1AEF9761DC29810B.png,7633daadf2be66d0e38767eb1aef9761dc29810b,303d,2019-01-23T01:37:44Z,6,24.0,0.0,798,131,403,7.232,320.0,Standard,2830,False,False,False,False,110.345,,726915,24,27,11,0.0,0.3987398801785628
77,131150,65575,0,1.415354500279185e-25,NF,0.5,0,0,0,False,2020-02-14T09:20:18.000Z,78088,AiAe(Short Cut),,Yuyoyuppe,Leniane,247595,2018-10-06T22:13:32.000Z,,,,False,False,False,-1,0,100,False,https://cdn.scoresaber.com/covers/1BFD632A93846B73AF79C49299C8B9A4914B5D37.png,1bfd632a93846b73af79c49299c8b9a4914b5d37,1900,2018-10-06T20:25:47Z,5,10.0,0.0,277,359,74,3.246,256.0,Standard,636,False,False,False,False,85.333,,247595,37,22,28,0.0,0.5296956723681819
104,268685,134343,0,1.318013494522484e-25,NF,0.5,0,0,0,False,2020-01-18T11:59:59.000Z,183612,Doki-Doki,,Thaehan,Hexagonial,1005675,2019-10-29T06:47:28.000Z,,,,False,False,False,-1,0,110,False,https://cdn.scoresaber.com/covers/2AD5B79A867D7B02C3DA59618A956185529B2606.png,2ad5b79a867d7b02c3da59618a956185529b2606,6cc9,2019-10-28T22:05:03.868Z,5,20.0,0.0,1101,8,8,10.865,304.0,Standard,0,False,False,False,False,101.333,,1005675,0,0,2,0.0,0.26716881696373085
1027,159153,79577,0,1.271883022214197e-25,NF,0.5,0,0,0,False,2020-01-18T11:54:59.000Z,177711,Chikatto Chika Chika,,Fujiwara Chika (CV: Kohara Konomi),Hexagonial,376395,2019-09-23T13:50:12.000Z,,,,False,False,False,-1,0,1309,False,https://cdn.scoresaber.com/covers/1383177F813C86BF065A7567E7A9C1A68E336165.png,1383177f813c86bf065a7567e7a9c1a68e336165,656a,2019-09-23T12:50:44.091Z,6,20.0,0.0,417,33,15,4.548,272.0,Standard,1586,False,False,False,False,91.685,,376395,5,1,3,0.0,0.42283505360060575
77879,101554,50777,0,1.2273671164367e-25,NF,0.5,0,0,0,False,2020-01-16T18:15:22.000Z,8228,CAN'T STOP THE FEELING!,,Justin Timberlake,BennyDaBeast,525435,2018-06-08T22:24:25.000Z,,,,False,False,False,-1,0,80793,False,https://cdn.scoresaber.com/covers/91BA25C089D50E93154E2C7920C46D4730F22569.png,91ba25c089d50e93154e2c7920c46d4730f22569,45e,2018-06-08T21:44:40Z,5,10.0,0.0,579,0,38,2.507,435.0,Standard,709,False,False,False,False,230.973,,525435,110,65,0,0.0,0.1932760474654334
567,786015,786015,0,1.064348216798682e-25,,1,0,0,0,False,2020-01-07T12:01:55.000Z,82473,Night of Knights,,t+pazolite,DankruptMemer,1234755,2018-10-23T14:11:36.000Z,,,,False,False,False,-1,0,1107,False,https://cdn.scoresaber.com/covers/C45A8D3D5DE26A2CA9B59EC22192142206FF0DD9.png,c45a8d3d5de26a2ca9b59ec22192142206ff0dd9,1bca,2018-10-23T11:41:38Z,5,15.0,0.0,1350,0,0,7.212,624.0,Standard,5783,False,False,False,False,187.2,,1234755,35,20,0,0.0,0.6365756769561572
247,390545,390545,0,9.564574998017604e-26,,1,0,0,0,False,2020-01-03T15:58:13.000Z,62526,Magnolia,,M2U feat. Guriri,Nesyaj0,518075,2018-08-11T02:34:05.000Z,,,,False,False,False,-1,0,1148,False,https://cdn.scoresaber.com/covers/741D2966355DE5F70AAA3BD883C4070FA9FAF1BA.png,741d2966355de5f70aaa3bd883c4070fa9faf1ba,f0e,2018-08-11T00:31:35Z,5,10.0,0.0,571,24,35,3.816,399.0,Standard,622,False,False,False,False,149.625,,518075,97,23,4,0.0,0.7538387299136226
884,465552,209498,0,8.906771352528943e-26,"NF,NO",0.45,0,0,0,False,2019-09-09T18:02:35.000Z,66932,iLLness LiLin ,,Chart by Mystikmol,Kaneko Chiharu,1484995,2018-08-29T13:27:12.000Z,,,,False,False,False,-1,0,1255,False,https://cdn.scoresaber.com/covers/0BFAB2B62C6D7EA1C3587C48EFD1A0EEC365D983.png,0bfab2b62c6d7ea1c3587c48efd1a0eec365d983,126c,2018-08-29T11:20:25Z,4,18.0,0.0,1622,0,5,13.914,544.0,Standard,3033,False,False,False,False,116.571,,1484995,50,48,0,0.0,0.313504085872343
261,826569,826569,0,8.595034355190429e-26,,1,0,0,0,False,2019-09-09T17:43:56.000Z,172202,Lunar Abyss,,Lchavasse,Lukeforce,1131715,2019-08-23T10:48:42.000Z,,,,False,False,False,-1,0,446,False,https://cdn.scoresaber.com/covers/65DAEF8B457729847E9A2B1416B1459A44FF0326.png,65daef8b457729847e9a2b1416b1459a44ff0326,5ea4,2019-08-23T10:38:42.044Z,5,18.0,0.0,1238,0,3,5.561,512.0,Standard,1497,False,False,False,False,222.609,,1131715,6,7,0,0.0,0.7303685115068723
1140,891554,445777,0,8.294208152758764e-26,NF,0.5,0,0,0,False,2019-09-09T17:35:31.000Z,92135,Ghost,,Camellia,DankruptMemer x Moriik,2671795,2018-11-24T20:48:20.000Z,,,,False,False,False,-1,0,1566,False,https://cdn.scoresaber.com/covers/0F0EA554869446F29D07A02DED86BC2A53C5056E.png,0f0ea554869446f29d07a02ded86bc2a53c5056e,21f3,2018-11-24T15:38:27Z,7,17.0,0.0,2912,0,13,9.269,1152.0,Standard,9192,False,False,False,False,314.182,,2671795,105,114,0,0.0,0.333691020456285
360,333201,166601,0,7.453441897505932e-26,NF,0.5,0,0,0,False,2019-09-05T17:27:56.000Z,168835,Guess Who Is Back (TV Size),,Koda Kumi,Hexagonial,668955,2019-08-05T17:53:58.000Z,,,,False,False,False,-1,0,421,False,https://cdn.scoresaber.com/covers/29F94AFFB7DFB37B31AAD068AC6242D9B61A0D16.png,29f94affb7dfb37b31aad068ac6242d9b61a0d16,5ac7,2019-08-05T17:30:41.962Z,3,20.0,0.0,735,8,10,8.508,263.5,Standard,2433,False,False,False,False,86.393,,668955,0,0,4,0.0,0.49809179989685404
4059,630566,315283,25.92924,1.673340195128177e-15,NF,0.5,0,0,0,False,2019-08-19T14:41:44.000Z,107507,Labyrinth,,Lapix,splake & Moriik,1646915,2019-01-19T13:05:09.000Z,2019-03-03T21:02:54.000Z,,,True,False,False,-1,10.59,5275,False,https://cdn.scoresaber.com/covers/9DC600EE749197F16EC4F75F5D5BF2AB38F8E4F8.png,9dc600ee749197f16ec4f75f5d5bf2ab38f8e4f8,2eea,2019-01-19T08:02:46Z,6,18.0,0.0,1798,450,20,7.068,742.0,Standard,11374,False,False,False,False,254.4,8.66,1646915,93,113,40,4.338843952112533e-14,0.38287707623040657
545,645867,322934,0,6.940831431004961e-26,NF,0.5,0,0,0,False,2019-08-19T14:30:38.000Z,79591,Party in the HOLLOWood,,t+pazolite,DankruptMemer,1884275,2018-10-12T14:06:25.000Z,,,,False,False,False,-1,0,619,False,https://cdn.scoresaber.com/covers/2D09C857514155B6FE6B1D978FB05843A8F45AE5.png,2d09c857514155b6fe6b1d978fb05843a8f45ae5,19d4,2018-10-12T12:18:33Z,5,16.0,0.0,2056,0,18,8.891,686.0,Standard,4975,False,False,False,False,231.236,,1884275,96,140,0,0.0,0.342766846665163
392,848378,424189,0,6.697902330919787e-26,NF,0.5,0,0,0,False,2019-08-19T14:23:20.000Z,86702,"senpai, notice me!",,Camellia ft. Nanahira,Amanatsu & Kikis,1881515,2018-11-09T19:44:05.000Z,,,,False,False,False,-1,0,513,False,https://cdn.scoresaber.com/covers/66C47C71C43FB95A4CAF10D042D66AEFA199D6CE.png,66c47c71c43fb95a4caf10d042d66aefa199d6ce,1f24,2018-11-09T10:04:45Z,6,14.0,0.0,2053,0,4,7.582,699.5,Standard,3926,False,False,False,False,270.774,,1881515,123,134,0,0.0,0.45090153413605527
272,331258,165629,0,6.463475749337594e-26,NF,0.5,0,0,0,False,2019-08-17T16:03:33.000Z,69881,Song of the Ancients,,NieR Automata,Confusman,724155,2018-09-09T01:53:09.000Z,,,,False,False,False,-1,0,609,False,https://cdn.scoresaber.com/covers/87296211BB91E2156E4CA1C42E0CE6FE8551A2DE.png,87296211bb91e2156e4ca1c42e0ce6fe8551a2de,143d,2018-09-09T00:14:49Z,4,10.0,0.0,795,72,36,5.231,324.25,Standard,949,False,False,False,False,151.992,,724155,77,100,1,0.0,0.45744074127776513
619,253287,126644,0,6.237254098110778e-26,NF,0.5,0,0,0,False,2019-08-17T15:56:12.000Z,73707,OP - Kantai Collection: KanColle,,Akino,Siri,515315,2018-09-21T19:55:36.000Z,,,,False,False,False,-1,0,754,False,https://cdn.scoresaber.com/covers/C748B1539DBAD86E1C6728C72D6F81303F815064.png,c748b1539dbad86e1c6728c72d6f81303f815064,165d,2018-09-21T18:34:51Z,,10.0,0.0,568,0,0,6.528,282.766,Standard,403,False,False,False,False,87.005,,515315,46,35,0,0.0,0.49151877977547714
4768,327014,163507,0,6.0189502046769e-26,NF,0.5,0,0,0,False,2019-08-17T15:51:43.000Z,18807,Devil Trigger - Ali Edwards,,,Beerman,636755,2018-06-21T05:10:48.000Z,,,,False,False,False,-1,0,5307,False,https://cdn.scoresaber.com/covers/CE752F3F6B316BD6C950B59FD6EECC87C5EF90A3.png,ce752f3f6b316bd6c950b59fd6eecc87c5ef90a3,603,2018-06-21T03:25:25Z,4,10.0,0.0,700,0,32,3.824,488.0,Standard,167,False,False,False,False,183.0,,636755,126,60,0,0.0,0.5135633014267654
44032,303103,151552,0,5.604996904350246e-26,NF,0.5,0,0,0,False,2019-07-30T13:47:52.000Z,9871,Tetris,,Trap Remix,Crankor,560395,2018-06-11T02:13:17.000Z,,,,False,False,False,-1,0,51322,False,https://cdn.scoresaber.com/covers/207A911D2AB94B833310E94EA0DD036A3B9FB74D.png,207a911d2ab94b833310e94ea0dd036a3b9fb74d,4af,2018-06-11T01:04:48Z,4,10.0,0.0,617,24,27,3.742,393.0,Standard,295,False,False,False,False,164.895,,560395,52,43,6,0.0,0.5408738479108486
195,546675,273338,0,2.848356408069028e-26,NF,0.5,0,0,0,False,2019-07-30T13:38:09.000Z,80558,Nisemono Chuuihou,,B-ko (Cv:Touyama Nao),Hexagonial (SEE BEATSAVER DESC!),1762835,2018-10-15T23:52:32.000Z,,,,False,False,False,-1,0,609,False,https://cdn.scoresaber.com/covers/C1489448CCE99D8DCF5B18C70223618284193408.png,c1489448cce99d8dcf5b18c70223618284193408,1a15,2018-10-13T16:58:09Z,6,18.0,0.0,1924,0,0,9.521,875.676,Standard,5165,False,False,False,False,202.079,,1762835,55,42,0,0.0,0.3101112696310205
1118,180878,90439,0,5.408822012697988e-26,NF,0.5,0,0,0,False,2019-07-30T13:32:55.000Z,80011,Nisemono Chuuihou,,B-ko (Cv:Touyama Nao),Hexagonial (SEE BEATSAVER DESC!),1612875,2018-10-13T23:27:18.000Z,,,,False,False,False,-1,0,1339,False,https://cdn.scoresaber.com/covers/C1489448CCE99D8DCF5B18C70223618284193408.png,c1489448cce99d8dcf5b18c70223618284193408,1a15,2018-10-13T16:58:09Z,6,18.0,0.0,1761,0,0,8.714,875.676,Standard,5150,False,False,False,False,202.079,,1612875,37,22,0,0.0,0.11214632256064481
3633,120604,60302,0,5.036830278774683e-26,NF,0.5,0,0,0,False,2019-07-30T13:22:50.000Z,62673,No Title,,Chart by Kizuflux,Reol,435275,2018-08-11T19:33:40.000Z,,,,False,False,False,-1,0,3790,False,https://cdn.scoresaber.com/covers/406934C240735B478F91DD117F99CFA81053C582.png,406934c240735b478f91dd117f99cfa81053c582,f2c,2018-08-11T17:52:44Z,6,10.0,0.0,481,0,11,6.263,256.0,Standard,1430,False,False,False,False,76.8,,435275,47,27,0,0.0,0.2770754120958015
1370,700859,350430,0,2.65246069610408e-26,NF,0.5,0,0,0,False,2019-07-03T16:55:57.000Z,82475,Night of Knights,,t+pazolite,DankruptMemer,1605515,2018-10-23T13:50:02.000Z,,,,False,False,False,-1,0,1589,False,https://cdn.scoresaber.com/covers/C45A8D3D5DE26A2CA9B59EC22192142206FF0DD9.png,c45a8d3d5de26a2ca9b59ec22192142206ff0dd9,1bca,2018-10-23T11:41:38Z,5,17.0,0.0,1753,0,0,9.364,624.0,Standard,5783,False,False,False,False,187.2,,1605515,96,197,0,0.0,0.43653220306256874
52,454763,227382,0,4.690422276351954e-26,NF,0.5,0,0,0,False,2019-06-18T15:38:32.000Z,141697,Mirai Gazer,,Divela (Feat. Hatsune Miku),ElixTwo,1477635,2019-05-27T02:08:34.000Z,,,,False,False,False,-1,0,58,False,https://cdn.scoresaber.com/covers/2301DAA53A44003367B17A03DCB786842B2721E4.png,2301daa53a44003367b17a03dcb786842b2721e4,4f44,2019-05-27T01:02:52Z,5,22.0,0.0,1614,68,90,7.647,704.0,Standard,2026,False,False,False,False,211.2,,1477635,9,11,6,0.0,0.30776409600476434
3340,359739,179870,0,4.067440392538401e-26,NF,0.5,0,0,0,False,2019-06-16T18:37:48.000Z,65022,Bassdrop Freaks,,Camellia,Kry,796835,2018-08-22T18:18:19.000Z,,,,False,False,False,-1,0,3712,False,https://cdn.scoresaber.com/covers/37CD6C4A9D0331290C4A0621F9C2D143CE70CBD6.png,37cd6c4a9d0331290c4a0621f9c2d143ce70cbd6,1141,2018-08-22T16:59:55Z,6,14.0,0.0,874,6,6,7.925,329.0,Standard,1232,False,False,False,False,110.279,,796835,133,35,0,0.0,0.4514598379840243
972,1024588,512294,0,3.925079978799557e-26,NF,0.5,0,0,0,False,2019-06-14T18:50:02.000Z,116623,Cosminox,,Erik McClure,Hexagonial,1496035,2019-02-14T15:01:00.000Z,,,,False,False,False,-1,0,1080,False,https://cdn.scoresaber.com/covers/D9D7B3A92D2A0241C04928DDC23A32EA4D50CFB6.png,d9d7b3a92d2a0241c04928ddc23a32ea4d50cfb6,3601,2019-02-14T13:59:38Z,6,17.0,0.0,1634,0,72,5.41,896.0,Standard,6140,False,False,False,False,302.022,,1496035,3,0,0,0.0,0.6848690037332015
2954,149290,74645,0,3.787702179541572e-26,NF,0.5,0,0,0,False,2019-06-14T18:28:51.000Z,140876,Centipede (VISUAL),,Knife Party,NiceToMeetYou,8446635,2019-05-22T22:31:00.000Z,,,,False,False,False,-1,0,14171,False,https://cdn.scoresaber.com/covers/8061055D363292DDA7B055EEFC1C5DBEBB13E616.png,8061055d363292dda7b055eefc1c5dbebb13e616,4e8d,2019-05-22T21:23:54Z,5,23.0,0.0,9189,0,0,95.719,448.0,Standard,2178,False,True,False,False,96.0,,8446635,0,0,0,0.0,0.017674494044077907
312,306154,153077,0,3.655132603257617e-26,NF,0.5,0,0,0,False,2019-06-01T11:54:35.000Z,68380,Toumei Elegy,,(Mapped by Calijor),Konuko,742555,2018-09-03T20:07:28.000Z,,,,False,False,False,-1,0,344,False,https://cdn.scoresaber.com/covers/E3AF7D182872F9D688659DC133EDDD514D42B45B.png,e3af7d182872f9d688659dc133eddd514d42b45b,1367,2018-09-03T18:33:02Z,5,10.0,0.0,815,0,10,3.778,791.016,Standard,2118,False,False,False,False,215.732,,742555,186,93,0,0.0,0.4122980789301803
159,381390,190695,0,3.527202962143601e-26,NF,0.5,0,0,0,False,2019-06-01T11:48:39.000Z,107770,Snow Drive (01.23),,Araki,Psyc0pathic,1255915,2019-01-19T21:05:02.000Z,,,,False,False,False,-1,0,183,False,https://cdn.scoresaber.com/covers/9EA9FC5B21F2E43B530DE75B4A57E2FDD54F6BAC.png,9ea9fc5b21f2e43b530de75b4a57e2fdd54f6bac,2f19,2019-01-19T20:28:05Z,6,16.8,0.0,1373,19,2,5.295,968.0,Standard,8992,False,False,False,False,259.286,,1255915,82,88,1,0.0,0.3036750098533738
350,647906,323953,0,2.559624571740437e-26,NF,0.5,0,0,0,False,2019-05-18T16:09:06.000Z,124735,AiAe,,Yuyoyuppe,Hexagonial,1989155,2019-03-13T17:33:33.000Z,,,,False,False,False,-1,0,401,False,https://cdn.scoresaber.com/covers/18C330FDDE8D5B05ADB7EFBF398C2414C684F6E8.png,18c330fdde8d5b05adb7efbf398c2414c684f6e8,3dbf,2019-03-13T15:43:40Z,6,20.0,0.0,2170,0,6,9.25,703.75,Standard,6320,False,False,False,False,234.583,,1989155,14,7,0,0.0,0.3257192124293984
658,479694,239847,0,2.470037711729522e-26,"NF,FS",0.5,0,0,0,False,2019-05-18T16:01:50.000Z,20573,Happppy song,,SOOOO,Hexagonial,1452795,2018-06-22T23:58:30.000Z,,,,False,False,False,-1,0,825,False,https://cdn.scoresaber.com/covers/03D4EBA5FB00362AA0E4DEA0F0CC9A2AF9C0FC3D.png,03d4eba5fb00362aa0e4dea0f0cc9a2af9c0fc3d,622,2018-06-21T21:47:53Z,5,12.0,0.0,1587,39,58,5.309,1126.0,Standard,896,False,False,False,False,298.938,,1452795,326,141,5,0.0,0.3301869843990377
1325,688164,688164,0,2.300160868105324e-26,FS,1,0,0,0,False,2019-05-13T14:44:36.000Z,134150,Eternal Reality,,fripSide,Joetastic,1139995,2019-04-19T09:50:34.000Z,,,,False,False,False,-1,0,1821,False,https://cdn.scoresaber.com/covers/27FE7F4AD4342A6BBD4E9847A8FB157584E44C97.png,27fe7f4ad4342a6bbd4e9847a8fb157584e44c97,4702,2019-04-19T08:44:07Z,6,15.0,0.0,1247,0,22,5.622,536.0,Standard,4604,False,False,False,False,221.793,,1139995,53,54,0,0.0,0.603655279189821
401,283638,141819,0,2.14196730440138e-26,NF,0.5,0,0,0,False,2019-05-13T14:38:16.000Z,26708,Daisuke,,Y&Co.,Hexagonial,691955,2018-07-03T21:14:04.000Z,,,,False,False,False,-1,0,694,False,https://cdn.scoresaber.com/covers/14B00FB84A3E10F99C93BDD159339A4A6D1A0B0B.png,14b00fb84a3e10f99c93bdd159339a4a6d1a0b0b,6d7,2018-06-27T14:20:12Z,5,10.0,0.0,760,0,0,6.542,304.0,Standard,526,False,False,False,False,116.178,,691955,111,93,0,0.0,0.40990815876754993
556,217259,217259,0,1.994653503041175e-26,FS,1,0,0,0,False,2019-05-10T14:44:36.000Z,66066,Sore wa Chiisana Hikari no Youna,,Sayuri,Psyc0pathic,336835,2018-08-26T04:21:12.000Z,,,,False,False,False,-1,0,1034,False,https://cdn.scoresaber.com/covers/0F3C5005260F2821D5266282FE8273ADE63C9742.png,0f3c5005260f2821d5266282fe8273ade63c9742,11d0,2018-08-26T02:51:29Z,4,10.0,0.0,374,0,0,4.774,188.0,Standard,432,False,False,False,False,78.333,,336835,48,27,0,0.0,0.645001261745365
770,531567,265784,0,1.792459716076585e-26,NF,0.5,0,0,0,False,2019-05-05T15:59:44.000Z,20508,Happppy song,,SOOOO,Hexagonial,1595395,2018-07-02T01:41:51.000Z,,,,False,False,False,-1,0,1061,False,https://cdn.scoresaber.com/covers/03D4EBA5FB00362AA0E4DEA0F0CC9A2AF9C0FC3D.png,03d4eba5fb00362aa0e4dea0f0cc9a2af9c0fc3d,622,2018-06-21T21:47:53Z,5,10.0,0.0,1742,108,122,5.827,1126.0,Standard,896,False,False,False,False,298.938,,1595395,344,156,14,0.0,0.3331883326699657
